replicate,k,subsample_size,ari_vs_primary_on_sample,nmi_vs_primary_on_sample,exact_label_match_fraction_after_permutation,permutation_mapping
0,2,632,1.0,1.0,1.0,"{""0"": 1, ""1"": 0}"
0,3,632,0.7871542657790817,0.7924036843607348,0.9335443037974683,"{""0"": 0, ""1"": 1, ""2"": 2}"
0,4,632,0.9897856031397417,0.9811332062466129,0.995253164556962,"{""0"": 1, ""1"": 0, ""2"": 2, ""3"": 3}"
0,5,632,0.9626001002890326,0.9514273182926248,0.9841772151898734,"{""0"": 0, ""1"": 2, ""2"": 3, ""3"": 1, ""4"": 4}"
0,6,632,0.8576810131552234,0.8445755640363194,0.9367088607594937,"{""0"": 5, ""1"": 4, ""2"": 1, ""3"": 0, ""4"": 2, ""5"": 3}"
1,2,632,0.9936708090624575,0.9845275030323606,0.9984177215189873,"{""0"": 0, ""1"": 1}"
1,3,632,0.9959627689957569,0.9904667869766255,0.9984177215189873,"{""0"": 1, ""1"": 2, ""2"": 0}"
1,4,632,0.9537070476744053,0.9435660061964132,0.9841772151898734,"{""0"": 3, ""1"": 0, ""2"": 2, ""3"": 1}"
1,5,632,0.8190800083674916,0.8162976741000479,0.9240506329113924,"{""0"": 0, ""1"": 4, ""2"": 1, ""3"": 3, ""4"": 2}"
1,6,632,0.9303993499724073,0.9248372525410561,0.9683544303797469,"{""0"": 1, ""1"": 3, ""2"": 4, ""3"": 0, ""4"": 2, ""5"": 5}"
2,2,632,1.0,1.0,1.0,"{""0"": 0, ""1"": 1}"
2,3,632,0.9887801415947269,0.9797260146212025,0.9968354430379747,"{""0"": 0, ""1"": 2, ""2"": 1}"
2,4,632,0.9334639167953652,0.9247415063726515,0.9762658227848101,"{""0"": 2, ""1"": 0, ""2"": 1, ""3"": 3}"
2,5,632,0.6445400264463589,0.67984353579449,0.8180379746835443,"{""0"": 2, ""1"": 0, ""2"": 3, ""3"": 4, ""4"": 1}"
2,6,632,0.9688134760298793,0.962867145183118,0.9873417721518988,"{""0"": 1, ""1"": 0, ""2"": 3, ""3"": 5, ""4"": 2, ""5"": 4}"
3,2,632,0.9936708547947374,0.984540195442337,0.9984177215189873,"{""0"": 1, ""1"": 0}"
3,3,632,0.9870517772308564,0.973306894384906,0.995253164556962,"{""0"": 2, ""1"": 1, ""2"": 0}"
3,4,632,0.9721559332866814,0.9631091607569272,0.990506329113924,"{""0"": 3, ""1"": 2, ""2"": 1, ""3"": 0}"
3,5,632,0.6459496705726657,0.6933813046242724,0.8180379746835443,"{""0"": 0, ""1"": 1, ""2"": 3, ""3"": 2, ""4"": 4}"
3,6,632,0.49398955084836815,0.61409166957256,0.6534810126582279,"{""0"": 4, ""1"": 5, ""2"": 2, ""3"": 1, ""4"": 3, ""5"": 0}"
4,2,632,0.9685550313817353,0.9412257894042326,0.9920886075949367,"{""0"": 0, ""1"": 1}"
4,3,632,0.9850607548116462,0.9723521617683848,0.995253164556962,"{""0"": 1, ""1"": 0, ""2"": 2}"
4,4,632,0.9953013452745755,0.992780598054165,0.9984177215189873,"{""0"": 1, ""1"": 2, ""2"": 0, ""3"": 3}"
4,5,632,0.7358300350497864,0.7843657507754139,0.879746835443038,"{""0"": 2, ""1"": 1, ""2"": 3, ""3"": 0, ""4"": 4}"
4,6,632,0.5184972507827482,0.6302341542844416,0.6677215189873418,"{""0"": 4, ""1"": 0, ""2"": 5, ""3"": 2, ""4"": 3, ""5"": 1}"
5,2,632,1.0,1.0,1.0,"{""0"": 1, ""1"": 0}"
5,3,632,0.9943958466222196,0.989887034550022,0.9984177215189873,"{""0"": 2, ""1"": 1, ""2"": 0}"
5,4,632,0.9584116451463569,0.9494394983794163,0.9857594936708861,"{""0"": 3, ""1"": 1, ""2"": 2, ""3"": 0}"
5,5,632,0.751391101513417,0.7888722888892933,0.8908227848101266,"{""0"": 4, ""1"": 3, ""2"": 0, ""3"": 1, ""4"": 2}"
5,6,632,0.5063084909859688,0.6079741771181084,0.6629746835443038,"{""0"": 0, ""1"": 3, ""2"": 4, ""3"": 2, ""4"": 1, ""5"": 5}"
6,2,632,0.9253747621952298,0.8828946257856071,0.9810126582278481,"{""0"": 1, ""1"": 0}"
6,3,632,0.9809652085443359,0.9627379360358441,0.9936708860759493,"{""0"": 0, ""1"": 1, ""2"": 2}"
6,4,632,0.9681652789580355,0.9597155178103659,0.9889240506329114,"{""0"": 2, ""1"": 1, ""2"": 0, ""3"": 3}"
6,5,632,0.640699521948482,0.685421157317166,0.8117088607594937,"{""0"": 2, ""1"": 1, ""2"": 3, ""3"": 0, ""4"": 4}"
6,6,632,0.8769149663881388,0.8579833757833933,0.944620253164557,"{""0"": 2, ""1"": 4, ""2"": 1, ""3"": 5, ""4"": 0, ""5"": 3}"
7,2,632,0.14915917815084279,0.20769105570214352,0.694620253164557,"{""0"": 0, ""1"": 1}"
7,3,632,0.8114173388778387,0.8146509203879613,0.9414556962025317,"{""0"": 1, ""1"": 2, ""2"": 0}"
7,4,632,0.974368581238654,0.9629077916979171,0.990506329113924,"{""0"": 2, ""1"": 1, ""2"": 3, ""3"": 0}"
7,5,632,0.9647090324237315,0.9526945009109888,0.9857594936708861,"{""0"": 1, ""1"": 4, ""2"": 3, ""3"": 0, ""4"": 2}"
7,6,632,0.9476855706823742,0.9445357750452482,0.9794303797468354,"{""0"": 0, ""1"": 1, ""2"": 5, ""3"": 2, ""4"": 3, ""5"": 4}"
8,2,632,0.9936708090624575,0.9845275030323606,0.9984177215189873,"{""0"": 0, ""1"": 1}"
8,3,632,0.8067928776560818,0.8057430120572564,0.939873417721519,"{""0"": 1, ""1"": 2, ""2"": 0}"
8,4,632,0.9391925289332612,0.9224248623880876,0.9778481012658228,"{""0"": 2, ""1"": 3, ""2"": 1, ""3"": 0}"
8,5,632,0.7144738776979087,0.7758697630806348,0.875,"{""0"": 1, ""1"": 0, ""2"": 4, ""3"": 2, ""4"": 3}"
8,6,632,0.5000779255397205,0.6379766325366826,0.6566455696202531,"{""0"": 0, ""1"": 3, ""2"": 5, ""3"": 1, ""4"": 4, ""5"": 2}"
9,2,632,1.0,1.0,1.0,"{""0"": 1, ""1"": 0}"
9,3,632,0.9499916258740024,0.926258722315856,0.9841772151898734,"{""0"": 1, ""1"": 2, ""2"": 0}"
9,4,632,0.9548870718512062,0.9410073389469558,0.9841772151898734,"{""0"": 1, ""1"": 2, ""2"": 3, ""3"": 0}"
9,5,632,0.5397901993550599,0.6475382265903189,0.7689873417721519,"{""0"": 1, ""1"": 2, ""2"": 3, ""3"": 4, ""4"": 0}"
9,6,632,0.9213374057595053,0.9045759505957726,0.9588607594936709,"{""0"": 0, ""1"": 1, ""2"": 2, ""3"": 5, ""4"": 3, ""5"": 4}"
10,2,632,0.9936708858097872,0.984560085537352,0.9984177215189873,"{""0"": 1, ""1"": 0}"
10,3,632,0.948608435180175,0.9094802985823287,0.9794303797468354,"{""0"": 0, ""1"": 1, ""2"": 2}"
10,4,632,0.9332410033489702,0.9075152525268995,0.9746835443037974,"{""0"": 1, ""1"": 3, ""2"": 0, ""3"": 2}"
10,5,632,0.436996720590434,0.5667197885565114,0.6629746835443038,"{""0"": 2, ""1"": 1, ""2"": 3, ""3"": 4, ""4"": 0}"
10,6,632,0.8245351581948112,0.8383255685192097,0.9161392405063291,"{""0"": 0, ""1"": 2, ""2"": 5, ""3"": 4, ""4"": 1, ""5"": 3}"
11,2,632,0.9810728411916092,0.9612255204556784,0.995253164556962,"{""0"": 1, ""1"": 0}"
11,3,632,0.9801998289831774,0.9613314384296024,0.9920886075949367,"{""0"": 0, ""1"": 2, ""2"": 1}"
11,4,632,0.962939476368946,0.9445564860821329,0.9857594936708861,"{""0"": 1, ""1"": 3, ""2"": 2, ""3"": 0}"
11,5,632,0.6337159743150276,0.6825804706746833,0.7927215189873418,"{""0"": 4, ""1"": 0, ""2"": 2, ""3"": 3, ""4"": 1}"
11,6,632,0.5345605837118227,0.6524188302138489,0.6962025316455697,"{""0"": 1, ""1"": 3, ""2"": 2, ""3"": 4, ""4"": 0, ""5"": 5}"
12,2,632,0.9936706977332406,0.9845077047990085,0.9984177215189873,"{""0"": 1, ""1"": 0}"
12,3,632,0.7684542033914794,0.7762586786074119,0.9272151898734177,"{""0"": 1, ""1"": 0, ""2"": 2}"
12,4,632,0.9606146978666368,0.9449706551867677,0.9857594936708861,"{""0"": 1, ""1"": 3, ""2"": 0, ""3"": 2}"
12,5,632,0.9077635803831535,0.8995536540357371,0.9636075949367089,"{""0"": 2, ""1"": 4, ""2"": 3, ""3"": 0, ""4"": 1}"
12,6,632,0.515378694391702,0.5917282489598753,0.6693037974683544,"{""0"": 2, ""1"": 1, ""2"": 3, ""3"": 4, ""4"": 0, ""5"": 5}"
13,2,632,0.9873618279998477,0.9722811651523068,0.9968354430379747,"{""0"": 1, ""1"": 0}"
13,3,632,0.9902925113212162,0.9803910062405462,0.9968354430379747,"{""0"": 0, ""1"": 1, ""2"": 2}"
13,4,632,0.939392941643202,0.9248372982600583,0.9778481012658228,"{""0"": 2, ""1"": 0, ""2"": 1, ""3"": 3}"
13,5,632,0.710703787903475,0.7477246891677297,0.870253164556962,"{""0"": 0, ""1"": 2, ""2"": 3, ""3"": 4, ""4"": 1}"
13,6,632,0.4944233607448387,0.6269944877084443,0.6566455696202531,"{""0"": 0, ""1"": 5, ""2"": 4, ""3"": 1, ""4"": 2, ""5"": 3}"
14,2,632,0.9936708779013222,0.9845510529189185,0.9984177215189873,"{""0"": 1, ""1"": 0}"
14,3,632,0.770101684609946,0.7757723758247591,0.9272151898734177,"{""0"": 1, ""1"": 0, ""2"": 2}"
14,4,632,0.9629109749829594,0.9545883593923002,0.9873417721518988,"{""0"": 1, ""1"": 2, ""2"": 0, ""3"": 3}"
14,5,632,0.8984227173510773,0.9017245225179993,0.9604430379746836,"{""0"": 1, ""1"": 2, ""2"": 3, ""3"": 0, ""4"": 4}"
14,6,632,0.5387344717221308,0.6450678708047892,0.6867088607594937,"{""0"": 4, ""1"": 3, ""2"": 1, ""3"": 5, ""4"": 0, ""5"": 2}"
15,2,632,0.9936707617757824,0.9845180162551812,0.9984177215189873,"{""0"": 0, ""1"": 1}"
15,3,632,0.8773915955187253,0.8561900913157556,0.9620253164556962,"{""0"": 2, ""1"": 0, ""2"": 1}"
15,4,632,0.9563336897885704,0.9349944802999673,0.9825949367088608,"{""0"": 2, ""1"": 1, ""2"": 3, ""3"": 0}"
15,5,632,0.6251628790038388,0.6837312514164242,0.8117088607594937,"{""0"": 4, ""1"": 3, ""2"": 2, ""3"": 1, ""4"": 0}"
15,6,632,0.9061790219754037,0.8920814786703454,0.9588607594936709,"{""0"": 2, ""1"": 5, ""2"": 4, ""3"": 3, ""4"": 1, ""5"": 0}"
16,2,632,0.9936708424670813,0.9845361690679575,0.9984177215189873,"{""0"": 0, ""1"": 1}"
16,3,632,0.9709370260904665,0.9434843749300457,0.9889240506329114,"{""0"": 1, ""1"": 2, ""2"": 0}"
16,4,632,0.9340673831554529,0.9076747694081775,0.9731012658227848,"{""0"": 1, ""1"": 2, ""2"": 3, ""3"": 0}"
16,5,632,0.6572673866661483,0.706824459866304,0.8259493670886076,"{""0"": 4, ""1"": 2, ""2"": 1, ""3"": 3, ""4"": 0}"
16,6,632,0.7430901124760383,0.7702143627903977,0.8829113924050633,"{""0"": 4, ""1"": 0, ""2"": 2, ""3"": 5, ""4"": 1, ""5"": 3}"
17,2,632,0.9936708861740091,0.9845626923798214,0.9984177215189873,"{""0"": 1, ""1"": 0}"
17,3,632,0.9887867228840415,0.981898178698131,0.9968354430379747,"{""0"": 2, ""1"": 0, ""2"": 1}"
17,4,632,0.9554409455181764,0.9478816375453277,0.9841772151898734,"{""0"": 2, ""1"": 1, ""2"": 0, ""3"": 3}"
17,5,632,0.6615237452858111,0.7084207853222958,0.8117088607594937,"{""0"": 2, ""1"": 0, ""2"": 4, ""3"": 3, ""4"": 1}"
17,6,632,0.6045493655379428,0.6992177820843242,0.7357594936708861,"{""0"": 0, ""1"": 5, ""2"": 3, ""3"": 1, ""4"": 4, ""5"": 2}"
18,2,632,0.9873618279998477,0.9722811651523068,0.9968354430379747,"{""0"": 0, ""1"": 1}"
18,3,632,0.979432114196419,0.9654321934345245,0.9936708860759493,"{""0"": 0, ""1"": 1, ""2"": 2}"
18,4,632,0.9464426768283145,0.9350970305599519,0.9810126582278481,"{""0"": 3, ""1"": 1, ""2"": 2, ""3"": 0}"
18,5,632,0.8698981352440925,0.8682948466267705,0.9477848101265823,"{""0"": 1, ""1"": 0, ""2"": 3, ""3"": 4, ""4"": 2}"
18,6,632,0.46591531869038944,0.5689346053924622,0.6281645569620253,"{""0"": 0, ""1"": 3, ""2"": 2, ""3"": 5, ""4"": 4, ""5"": 1}"
19,2,632,0.987361812050309,0.9722697818088512,0.9968354430379747,"{""0"": 1, ""1"": 0}"
19,3,632,0.9962571884774549,0.9906268084850334,0.9984177215189873,"{""0"": 1, ""1"": 2, ""2"": 0}"
19,4,632,0.9012288911035317,0.8860276417496492,0.9651898734177216,"{""0"": 2, ""1"": 3, ""2"": 0, ""3"": 1}"
19,5,632,0.6001655929682318,0.6732941456068723,0.7879746835443038,"{""0"": 0, ""1"": 4, ""2"": 2, ""3"": 1, ""4"": 3}"
19,6,632,0.5671718562684182,0.6728228551208895,0.7025316455696202,"{""0"": 2, ""1"": 0, ""2"": 4, ""3"": 5, ""4"": 3, ""5"": 1}"
20,2,632,0.9873617816565615,0.9722569607566607,0.9968354430379747,"{""0"": 0, ""1"": 1}"
20,3,632,0.9795711846546644,0.9624884968936819,0.9936708860759493,"{""0"": 2, ""1"": 1, ""2"": 0}"
20,4,632,0.9781191560140817,0.9660331759685591,0.9920886075949367,"{""0"": 1, ""1"": 2, ""2"": 3, ""3"": 0}"
20,5,632,0.871095074485863,0.8579408133418357,0.9477848101265823,"{""0"": 4, ""1"": 0, ""2"": 3, ""3"": 1, ""4"": 2}"
20,6,632,0.7481638182050514,0.7756411256097664,0.884493670886076,"{""0"": 1, ""1"": 2, ""2"": 4, ""3"": 5, ""4"": 0, ""5"": 3}"
21,2,632,0.9873618181534536,0.9723124057232461,0.9968354430379747,"{""0"": 1, ""1"": 0}"
21,3,632,0.996151924044562,0.9906859817566073,0.9984177215189873,"{""0"": 1, ""1"": 2, ""2"": 0}"
21,4,632,0.9905864375397868,0.9856302361625099,0.9968354430379747,"{""0"": 1, ""1"": 0, ""2"": 2, ""3"": 3}"
21,5,632,0.588707898640294,0.6404852986327335,0.7848101265822784,"{""0"": 1, ""1"": 3, ""2"": 0, ""3"": 2, ""4"": 4}"
21,6,632,0.89675992098076,0.8909697772661217,0.9525316455696202,"{""0"": 5, ""1"": 2, ""2"": 4, ""3"": 0, ""4"": 3, ""5"": 1}"
22,2,632,0.9873616992364351,0.9722350218113758,0.9968354430379747,"{""0"": 1, ""1"": 0}"
22,3,632,0.990258360459669,0.9803626377896213,0.9968354430379747,"{""0"": 2, ""1"": 1, ""2"": 0}"
22,4,632,0.9615021300718267,0.9502482574618629,0.9857594936708861,"{""0"": 2, ""1"": 3, ""2"": 1, ""3"": 0}"
22,5,632,0.6395591717256258,0.7060069950652451,0.8322784810126582,"{""0"": 3, ""1"": 2, ""2"": 0, ""3"": 1, ""4"": 4}"
22,6,632,0.4978542364242873,0.5930582564799816,0.6518987341772152,"{""0"": 4, ""1"": 1, ""2"": 5, ""3"": 0, ""4"": 2, ""5"": 3}"
23,2,632,1.0,1.0,1.0,"{""0"": 1, ""1"": 0}"
23,3,632,0.9846709523909349,0.9675371135994499,0.9936708860759493,"{""0"": 2, ""1"": 1, ""2"": 0}"
23,4,632,0.9766922803566944,0.9613327013631544,0.990506329113924,"{""0"": 2, ""1"": 1, ""2"": 3, ""3"": 0}"
23,5,632,0.8766151092422922,0.8629180967881813,0.9493670886075949,"{""0"": 3, ""1"": 2, ""2"": 0, ""3"": 4, ""4"": 1}"
23,6,632,0.5308814804186951,0.6365653245294496,0.6756329113924051,"{""0"": 0, ""1"": 4, ""2"": 3, ""3"": 1, ""4"": 5, ""5"": 2}"
24,2,632,0.15429326672268726,0.21891271589444153,0.6977848101265823,"{""0"": 1, ""1"": 0}"
24,3,632,0.990219411275197,0.9802807523658386,0.9968354430379747,"{""0"": 2, ""1"": 1, ""2"": 0}"
24,4,632,0.9555321517638058,0.9411361376898627,0.9841772151898734,"{""0"": 2, ""1"": 1, ""2"": 3, ""3"": 0}"
24,5,632,0.9156760740295266,0.9100568984903609,0.9667721518987342,"{""0"": 2, ""1"": 4, ""2"": 3, ""3"": 0, ""4"": 1}"
24,6,632,0.8351590518430723,0.8470332005109944,0.9240506329113924,"{""0"": 4, ""1"": 2, ""2"": 5, ""3"": 3, ""4"": 1, ""5"": 0}"
25,2,632,0.9810727758087805,0.9568190210648239,0.995253164556962,"{""0"": 1, ""1"": 0}"
25,3,632,0.9921576359615099,0.9811343574782699,0.9968354430379747,"{""0"": 0, ""1"": 2, ""2"": 1}"
25,4,632,0.9616266776752924,0.9409920663905773,0.9857594936708861,"{""0"": 3, ""1"": 2, ""2"": 1, ""3"": 0}"
25,5,632,0.659038384678638,0.7025205069849894,0.8338607594936709,"{""0"": 4, ""1"": 2, ""2"": 0, ""3"": 3, ""4"": 1}"
25,6,632,0.8889523033538921,0.8666671793758621,0.939873417721519,"{""0"": 0, ""1"": 5, ""2"": 1, ""3"": 4, ""4"": 2, ""5"": 3}"
26,2,632,1.0,1.0,1.0,"{""0"": 1, ""1"": 0}"
26,3,632,0.8125838796104035,0.8133467781229063,0.9414556962025317,"{""0"": 2, ""1"": 1, ""2"": 0}"
26,4,632,0.9551021332488092,0.9478681342686103,0.9841772151898734,"{""0"": 3, ""1"": 1, ""2"": 0, ""3"": 2}"
26,5,632,0.6108766951948517,0.6824079410904498,0.7863924050632911,"{""0"": 1, ""1"": 0, ""2"": 4, ""3"": 2, ""4"": 3}"
26,6,632,0.5296769458260543,0.6402192444661605,0.6819620253164557,"{""0"": 0, ""1"": 4, ""2"": 2, ""3"": 5, ""4"": 3, ""5"": 1}"
27,2,632,0.9437602253439769,0.9062437807609076,0.9857594936708861,"{""0"": 1, ""1"": 0}"
27,3,632,0.9906740592599326,0.9804466835551119,0.9968354430379747,"{""0"": 2, ""1"": 0, ""2"": 1}"
27,4,632,0.8992040188289885,0.8812829377415416,0.9636075949367089,"{""0"": 2, ""1"": 1, ""2"": 3, ""3"": 0}"
27,5,632,0.5209515925459304,0.635360499296719,0.7658227848101266,"{""0"": 2, ""1"": 0, ""2"": 4, ""3"": 1, ""4"": 3}"
27,6,632,0.6462948287193155,0.7182055872118025,0.8291139240506329,"{""0"": 2, ""1"": 3, ""2"": 1, ""3"": 5, ""4"": 4, ""5"": 0}"
28,2,632,0.9873616105720265,0.9690482887063726,0.9968354430379747,"{""0"": 1, ""1"": 0}"
28,3,632,0.8918109167581288,0.8661769232021067,0.9667721518987342,"{""0"": 2, ""1"": 1, ""2"": 0}"
28,4,632,0.965826377166075,0.9541299503973667,0.9873417721518988,"{""0"": 3, ""1"": 0, ""2"": 2, ""3"": 1}"
28,5,632,0.9087068699109064,0.8943348069715472,0.9636075949367089,"{""0"": 4, ""1"": 1, ""2"": 3, ""3"": 0, ""4"": 2}"
28,6,632,0.6139780444235049,0.7013676071513513,0.814873417721519,"{""0"": 0, ""1"": 5, ""2"": 1, ""3"": 3, ""4"": 4, ""5"": 2}"
29,2,632,0.9936708547947374,0.984540195442337,0.9984177215189873,"{""0"": 1, ""1"": 0}"
29,3,632,0.9869268813277524,0.9732176036806943,0.995253164556962,"{""0"": 1, ""1"": 0, ""2"": 2}"
29,4,632,0.967554863743081,0.9620048722541356,0.9889240506329114,"{""0"": 2, ""1"": 0, ""2"": 1, ""3"": 3}"
29,5,632,0.9715134953540583,0.9639387774044469,0.9889240506329114,"{""0"": 4, ""1"": 0, ""2"": 3, ""3"": 1, ""4"": 2}"
29,6,632,0.47423166950797646,0.5815158205628548,0.6439873417721519,"{""0"": 0, ""1"": 3, ""2"": 2, ""3"": 1, ""4"": 5, ""5"": 4}"
30,2,632,0.9810728379240019,0.9612309344111786,0.995253164556962,"{""0"": 0, ""1"": 1}"
30,3,632,0.9864460063584072,0.9712362861891062,0.995253164556962,"{""0"": 0, ""1"": 1, ""2"": 2}"
30,4,632,0.9479784204204669,0.9358247574319711,0.9810126582278481,"{""0"": 2, ""1"": 0, ""2"": 3, ""3"": 1}"
30,5,632,0.6830477865757107,0.7206227497945444,0.8449367088607594,"{""0"": 4, ""1"": 1, ""2"": 0, ""3"": 3, ""4"": 2}"
30,6,632,0.4982616360444204,0.618158199713827,0.6534810126582279,"{""0"": 0, ""1"": 4, ""2"": 5, ""3"": 1, ""4"": 3, ""5"": 2}"
31,2,632,0.9873618215750265,0.9722756528890932,0.9968354430379747,"{""0"": 1, ""1"": 0}"
31,3,632,0.9918302169609557,0.9831960004780169,0.9968354430379747,"{""0"": 2, ""1"": 1, ""2"": 0}"
31,4,632,0.9639140997896241,0.9438221658385587,0.9857594936708861,"{""0"": 2, ""1"": 1, ""2"": 3, ""3"": 0}"
31,5,632,0.7090551177089228,0.7412585944762172,0.8670886075949367,"{""0"": 4, ""1"": 0, ""2"": 3, ""3"": 2, ""4"": 1}"
31,6,632,0.5085878427921766,0.6385055280304005,0.6598101265822784,"{""0"": 1, ""1"": 2, ""2"": 3, ""3"": 5, ""4"": 0, ""5"": 4}"
32,2,632,0.160732979524289,0.21290680262523018,0.7025316455696202,"{""0"": 0, ""1"": 1}"
32,3,632,0.994403409265822,0.9898475931788481,0.9984177215189873,"{""0"": 2, ""1"": 1, ""2"": 0}"
32,4,632,0.9409815288598453,0.9323279133461665,0.9794303797468354,"{""0"": 0, ""1"": 1, ""2"": 2, ""3"": 3}"
32,5,632,0.6938490977115932,0.7375586648084648,0.8528481012658228,"{""0"": 4, ""1"": 0, ""2"": 1, ""3"": 3, ""4"": 2}"
32,6,632,0.8120125875639467,0.8446880022157174,0.9193037974683544,"{""0"": 5, ""1"": 0, ""2"": 4, ""3"": 1, ""4"": 2, ""5"": 3}"
33,2,632,0.9873618332523536,0.972295554490382,0.9968354430379747,"{""0"": 1, ""1"": 0}"
33,3,632,0.9777563660199285,0.9682858075088915,0.9936708860759493,"{""0"": 1, ""1"": 0, ""2"": 2}"
33,4,632,0.941016774189145,0.9303099618999683,0.9794303797468354,"{""0"": 0, ""1"": 1, ""2"": 3, ""3"": 2}"
33,5,632,0.6434246088019191,0.6912635209391678,0.8243670886075949,"{""0"": 3, ""1"": 2, ""2"": 4, ""3"": 0, ""4"": 1}"
33,6,632,0.536884259055675,0.6507789775751739,0.6882911392405063,"{""0"": 4, ""1"": 0, ""2"": 3, ""3"": 1, ""4"": 2, ""5"": 5}"
34,2,632,1.0,1.0,1.0,"{""0"": 0, ""1"": 1}"
34,3,632,0.9618371295687748,0.9293580592129421,0.9857594936708861,"{""0"": 0, ""1"": 1, ""2"": 2}"
34,4,632,0.9520599002749482,0.9313856110720168,0.9810126582278481,"{""0"": 0, ""1"": 2, ""2"": 3, ""3"": 1}"
34,5,632,0.6414080234437275,0.6978641714454609,0.8212025316455697,"{""0"": 3, ""1"": 4, ""2"": 2, ""3"": 0, ""4"": 1}"
34,6,632,0.514305706203907,0.6395443173678396,0.6582278481012658,"{""0"": 5, ""1"": 0, ""2"": 3, ""3"": 1, ""4"": 4, ""5"": 2}"
35,2,632,1.0,1.0,1.0,"{""0"": 0, ""1"": 1}"
35,3,632,0.9739549873227796,0.9587827889596371,0.9920886075949367,"{""0"": 2, ""1"": 0, ""2"": 1}"
35,4,632,0.9330994944090458,0.9149427753753833,0.9762658227848101,"{""0"": 3, ""1"": 2, ""2"": 1, ""3"": 0}"
35,5,632,0.6936793590439142,0.7384085357405247,0.8623417721518988,"{""0"": 0, ""1"": 4, ""2"": 1, ""3"": 3, ""4"": 2}"
35,6,632,0.4615499955342701,0.562874519162943,0.6360759493670886,"{""0"": 2, ""1"": 4, ""2"": 1, ""3"": 3, ""4"": 0, ""5"": 5}"
36,2,632,0.14757361213969994,0.22450989367016774,0.6930379746835443,"{""0"": 1, ""1"": 0}"
36,3,632,0.9832273430097541,0.974768062528757,0.995253164556962,"{""0"": 0, ""1"": 2, ""2"": 1}"
36,4,632,0.9370351931116931,0.9232287936353557,0.9778481012658228,"{""0"": 3, ""1"": 2, ""2"": 0, ""3"": 1}"
36,5,632,0.6717525047672298,0.7206390956888307,0.8338607594936709,"{""0"": 0, ""1"": 4, ""2"": 3, ""3"": 1, ""4"": 2}"
36,6,632,0.9766109821963116,0.9719815966102684,0.990506329113924,"{""0"": 5, ""1"": 4, ""2"": 1, ""3"": 0, ""4"": 2, ""5"": 3}"
37,2,632,1.0,1.0,1.0,"{""0"": 0, ""1"": 1}"
37,3,632,0.9706344979701779,0.9438049555029043,0.9889240506329114,"{""0"": 1, ""1"": 2, ""2"": 0}"
37,4,632,0.9541714012940433,0.931342063214938,0.9810126582278481,"{""0"": 3, ""1"": 0, ""2"": 2, ""3"": 1}"
37,5,632,0.652885252283569,0.7081879897384441,0.8243670886075949,"{""0"": 0, ""1"": 4, ""2"": 3, ""3"": 1, ""4"": 2}"
37,6,632,0.9269866805194124,0.9202843924014416,0.9683544303797469,"{""0"": 2, ""1"": 4, ""2"": 3, ""3"": 1, ""4"": 0, ""5"": 5}"
38,2,632,0.14545753222962696,0.21358649288545709,0.6914556962025317,"{""0"": 1, ""1"": 0}"
38,3,632,0.9258921908704297,0.8992636286860161,0.9762658227848101,"{""0"": 2, ""1"": 1, ""2"": 0}"
38,4,632,0.9398964766181123,0.9254316870354832,0.9778481012658228,"{""0"": 2, ""1"": 3, ""2"": 0, ""3"": 1}"
38,5,632,0.9075254842004024,0.8999192135264197,0.9636075949367089,"{""0"": 0, ""1"": 3, ""2"": 2, ""3"": 1, ""4"": 4}"
38,6,632,0.8843790063098622,0.8834595469730739,0.9525316455696202,"{""0"": 4, ""1"": 0, ""2"": 3, ""3"": 2, ""4"": 5, ""5"": 1}"
39,2,632,0.9936708779013222,0.9845510529189185,0.9984177215189873,"{""0"": 0, ""1"": 1}"
39,3,632,0.9831599564091523,0.9668939372192452,0.9936708860759493,"{""0"": 1, ""1"": 0, ""2"": 2}"
39,4,632,0.941083433120695,0.9371811892339185,0.9794303797468354,"{""0"": 2, ""1"": 3, ""2"": 0, ""3"": 1}"
39,5,632,0.5832517199306941,0.6483560773745805,0.7705696202531646,"{""0"": 1, ""1"": 2, ""2"": 0, ""3"": 4, ""4"": 3}"
39,6,632,0.7978863284075876,0.813769037720713,0.9066455696202531,"{""0"": 5, ""1"": 2, ""2"": 4, ""3"": 1, ""4"": 3, ""5"": 0}"
40,2,632,0.981072802094499,0.9611826300568643,0.995253164556962,"{""0"": 1, ""1"": 0}"
40,3,632,0.9522321519029376,0.9229549720068485,0.9841772151898734,"{""0"": 1, ""1"": 2, ""2"": 0}"
40,4,632,0.9796177653421546,0.9680179049184572,0.9920886075949367,"{""0"": 3, ""1"": 0, ""2"": 2, ""3"": 1}"
40,5,632,0.8958421959037939,0.8925637321949538,0.9588607594936709,"{""0"": 0, ""1"": 1, ""2"": 4, ""3"": 2, ""4"": 3}"
40,6,632,0.9351694319850516,0.932394314482852,0.9731012658227848,"{""0"": 3, ""1"": 5, ""2"": 2, ""3"": 1, ""4"": 4, ""5"": 0}"
41,2,632,0.9936708547947374,0.984540195442337,0.9984177215189873,"{""0"": 0, ""1"": 1}"
41,3,632,0.9688559087538079,0.9416957507933603,0.9873417721518988,"{""0"": 1, ""1"": 2, ""2"": 0}"
41,4,632,0.9312484531107311,0.9070618646615557,0.9746835443037974,"{""0"": 2, ""1"": 3, ""2"": 1, ""3"": 0}"
41,5,632,0.6985066545156577,0.7626582439191941,0.8623417721518988,"{""0"": 1, ""1"": 0, ""2"": 3, ""3"": 2, ""4"": 4}"
41,6,632,0.8405206311203167,0.839852609450805,0.9256329113924051,"{""0"": 2, ""1"": 3, ""2"": 5, ""3"": 0, ""4"": 1, ""5"": 4}"
42,2,632,0.9132178988000271,0.8602433238704758,0.9778481012658228,"{""0"": 1, ""1"": 0}"
42,3,632,0.9793526336948734,0.9654366542438401,0.9936708860759493,"{""0"": 2, ""1"": 1, ""2"": 0}"
42,4,632,0.9597849943884152,0.9481992514834817,0.9857594936708861,"{""0"": 3, ""1"": 0, ""2"": 2, ""3"": 1}"
42,5,632,0.7028025623493489,0.7285924818234675,0.8607594936708861,"{""0"": 4, ""1"": 2, ""2"": 0, ""3"": 3, ""4"": 1}"
42,6,632,0.8235691473524425,0.833684853273403,0.9224683544303798,"{""0"": 5, ""1"": 3, ""2"": 1, ""3"": 2, ""4"": 0, ""5"": 4}"
43,2,632,0.9936708779013222,0.9845510529189185,0.9984177215189873,"{""0"": 1, ""1"": 0}"
43,3,632,0.782166855119793,0.7777149523569088,0.930379746835443,"{""0"": 1, ""1"": 0, ""2"": 2}"
43,4,632,0.9859605387786476,0.9799012421674491,0.995253164556962,"{""0"": 1, ""1"": 3, ""2"": 0, ""3"": 2}"
43,5,632,0.6460115963592811,0.6946209264245601,0.8180379746835443,"{""0"": 2, ""1"": 0, ""2"": 1, ""3"": 3, ""4"": 4}"
43,6,632,0.5941999437528656,0.683858686414989,0.7231012658227848,"{""0"": 3, ""1"": 2, ""2"": 0, ""3"": 5, ""4"": 4, ""5"": 1}"
44,2,632,1.0,1.0,1.0,"{""0"": 0, ""1"": 1}"
44,3,632,0.7961097294524586,0.7969270627774842,0.9367088607594937,"{""0"": 2, ""1"": 1, ""2"": 0}"
44,4,632,0.9502746462949485,0.9397145036468436,0.9825949367088608,"{""0"": 3, ""1"": 2, ""2"": 0, ""3"": 1}"
44,5,632,0.8676190878052246,0.8734378455685939,0.9477848101265823,"{""0"": 0, ""1"": 2, ""2"": 1, ""3"": 3, ""4"": 4}"
44,6,632,0.502838389357387,0.6039341458461386,0.6661392405063291,"{""0"": 5, ""1"": 0, ""2"": 4, ""3"": 1, ""4"": 3, ""5"": 2}"
45,2,632,1.0,1.0,1.0,"{""0"": 1, ""1"": 0}"
45,3,632,0.9922716462681751,0.9810125012966967,0.9968354430379747,"{""0"": 1, ""1"": 0, ""2"": 2}"
45,4,632,0.9723408928066514,0.9631004205616126,0.990506329113924,"{""0"": 3, ""1"": 2, ""2"": 0, ""3"": 1}"
45,5,632,0.68338744194824,0.7217887055748953,0.8512658227848101,"{""0"": 4, ""1"": 0, ""2"": 1, ""3"": 3, ""4"": 2}"
45,6,632,0.9248023174297393,0.9145595708926263,0.9636075949367089,"{""0"": 1, ""1"": 5, ""2"": 4, ""3"": 3, ""4"": 2, ""5"": 0}"
46,2,632,1.0,1.0,1.0,"{""0"": 1, ""1"": 0}"
46,3,632,0.895545224029886,0.8735967019228303,0.9683544303797469,"{""0"": 2, ""1"": 1, ""2"": 0}"
46,4,632,0.962425699428638,0.9444566075523237,0.9857594936708861,"{""0"": 2, ""1"": 1, ""2"": 3, ""3"": 0}"
46,5,632,0.6017276512657862,0.6751331469423553,0.8164556962025317,"{""0"": 2, ""1"": 4, ""2"": 0, ""3"": 3, ""4"": 1}"
46,6,632,0.6346097088396772,0.7313916168226828,0.7674050632911392,"{""0"": 5, ""1"": 3, ""2"": 1, ""3"": 4, ""4"": 0, ""5"": 2}"
47,2,632,0.9936707320381766,0.9845129638718383,0.9984177215189873,"{""0"": 0, ""1"": 1}"
47,3,632,0.7555664198945219,0.7696148322138184,0.9224683544303798,"{""0"": 0, ""1"": 1, ""2"": 2}"
47,4,632,0.9559911051331389,0.9409938465143797,0.9841772151898734,"{""0"": 1, ""1"": 2, ""2"": 3, ""3"": 0}"
47,5,632,0.8236582696538025,0.8378922128773052,0.9272151898734177,"{""0"": 2, ""1"": 1, ""2"": 3, ""3"": 4, ""4"": 0}"
47,6,632,0.7752050189337517,0.8140736798822839,0.8987341772151899,"{""0"": 1, ""1"": 0, ""2"": 2, ""3"": 3, ""4"": 5, ""5"": 4}"
48,2,632,0.9873618317024134,0.9722996367512691,0.9968354430379747,"{""0"": 0, ""1"": 1}"
48,3,632,0.9794796517458905,0.9655278377541362,0.9936708860759493,"{""0"": 1, ""1"": 0, ""2"": 2}"
48,4,632,0.9798103601501065,0.9666689794080743,0.9920886075949367,"{""0"": 3, ""1"": 1, ""2"": 0, ""3"": 2}"
48,5,632,0.8325171049313693,0.8419551015891822,0.930379746835443,"{""0"": 0, ""1"": 1, ""2"": 3, ""3"": 4, ""4"": 2}"
48,6,632,0.5010477747480184,0.6210058823983976,0.6566455696202531,"{""0"": 5, ""1"": 4, ""2"": 1, ""3"": 3, ""4"": 0, ""5"": 2}"
49,2,632,0.9936707320381766,0.9845129638718383,0.9984177215189873,"{""0"": 1, ""1"": 0}"
49,3,632,0.9809687555976775,0.9628863695954711,0.9936708860759493,"{""0"": 1, ""1"": 0, ""2"": 2}"
49,4,632,0.9572106372344222,0.9430603189064922,0.9841772151898734,"{""0"": 3, ""1"": 2, ""2"": 0, ""3"": 1}"
49,5,632,0.984573581887701,0.9783729435341344,0.9936708860759493,"{""0"": 3, ""1"": 4, ""2"": 0, ""3"": 2, ""4"": 1}"
49,6,632,0.511356803898576,0.6115289280416842,0.6661392405063291,"{""0"": 4, ""1"": 5, ""2"": 2, ""3"": 0, ""4"": 3, ""5"": 1}"
50,2,632,0.9936708273299782,0.984531938410481,0.9984177215189873,"{""0"": 0, ""1"": 1}"
50,3,632,0.9902753914527176,0.9802408449988304,0.9968354430379747,"{""0"": 2, ""1"": 0, ""2"": 1}"
50,4,632,0.972754428164295,0.9632294233129947,0.990506329113924,"{""0"": 2, ""1"": 1, ""2"": 0, ""3"": 3}"
50,5,632,0.5990859181742979,0.6425554819369289,0.7832278481012658,"{""0"": 2, ""1"": 1, ""2"": 4, ""3"": 3, ""4"": 0}"
50,6,632,0.8196852632137904,0.818125502317054,0.9177215189873418,"{""0"": 2, ""1"": 4, ""2"": 5, ""3"": 1, ""4"": 3, ""5"": 0}"
51,2,632,0.9873618279998477,0.9722811651523068,0.9968354430379747,"{""0"": 0, ""1"": 1}"
51,3,632,0.9779417693035252,0.9587453610648801,0.9920886075949367,"{""0"": 1, ""1"": 2, ""2"": 0}"
51,4,632,0.8760218298764302,0.8747108639412203,0.9556962025316456,"{""0"": 0, ""1"": 1, ""2"": 2, ""3"": 3}"
51,5,632,0.6391758351275296,0.7168713402111889,0.8354430379746836,"{""0"": 4, ""1"": 2, ""2"": 3, ""3"": 1, ""4"": 0}"
51,6,632,0.8621834243617362,0.8467627396761421,0.9382911392405063,"{""0"": 2, ""1"": 4, ""2"": 1, ""3"": 3, ""4"": 0, ""5"": 5}"
52,2,632,0.9873617816565615,0.9722569607566607,0.9968354430379747,"{""0"": 1, ""1"": 0}"
52,3,632,0.9902362297471098,0.980295454229634,0.9968354430379747,"{""0"": 0, ""1"": 2, ""2"": 1}"
52,4,632,0.9236065089033235,0.9132908252998653,0.9731012658227848,"{""0"": 1, ""1"": 3, ""2"": 2, ""3"": 0}"
52,5,632,0.8661260325476451,0.8662726853953985,0.9462025316455697,"{""0"": 2, ""1"": 0, ""2"": 4, ""3"": 3, ""4"": 1}"
52,6,632,0.671358893885623,0.7232086999079239,0.8433544303797469,"{""0"": 3, ""1"": 1, ""2"": 4, ""3"": 2, ""4"": 5, ""5"": 0}"
53,2,632,0.9936708844547795,0.9845572768755257,0.9984177215189873,"{""0"": 1, ""1"": 0}"
53,3,632,0.9642414295987598,0.9425514741366112,0.9889240506329114,"{""0"": 1, ""1"": 2, ""2"": 0}"
53,4,632,0.9103849946629103,0.9082148445136151,0.9683544303797469,"{""0"": 1, ""1"": 3, ""2"": 0, ""3"": 2}"
53,5,632,0.8864411710305218,0.8839113090766798,0.9556962025316456,"{""0"": 1, ""1"": 0, ""2"": 3, ""3"": 4, ""4"": 2}"
53,6,632,0.8697597564815022,0.8817149853965426,0.9493670886075949,"{""0"": 5, ""1"": 4, ""2"": 1, ""3"": 0, ""4"": 3, ""5"": 2}"
54,2,632,0.9936708795517861,0.9845727079369875,0.9984177215189873,"{""0"": 1, ""1"": 0}"
54,3,632,1.0,1.0,1.0,"{""0"": 1, ""1"": 0, ""2"": 2}"
54,4,632,0.9686464287867982,0.9563242245208967,0.9889240506329114,"{""0"": 1, ""1"": 2, ""2"": 0, ""3"": 3}"
54,5,632,0.49933279095278454,0.6204146967999304,0.7341772151898734,"{""0"": 2, ""1"": 0, ""2"": 4, ""3"": 3, ""4"": 1}"
54,6,632,0.7376443504345226,0.7811630746825733,0.8686708860759493,"{""0"": 5, ""1"": 2, ""2"": 0, ""3"": 1, ""4"": 3, ""5"": 4}"
55,2,632,0.9873618334112892,0.9722911154449129,0.9968354430379747,"{""0"": 1, ""1"": 0}"
55,3,632,0.9740353686249378,0.9591482903550143,0.9920886075949367,"{""0"": 2, ""1"": 0, ""2"": 1}"
55,4,632,0.9338733413575795,0.9129685265361172,0.9762658227848101,"{""0"": 2, ""1"": 0, ""2"": 3, ""3"": 1}"
55,5,632,0.6379471143186051,0.6907117086492105,0.8180379746835443,"{""0"": 4, ""1"": 1, ""2"": 0, ""3"": 3, ""4"": 2}"
55,6,632,0.5035030773425868,0.6277226897823033,0.6566455696202531,"{""0"": 3, ""1"": 4, ""2"": 1, ""3"": 2, ""4"": 5, ""5"": 0}"
56,2,632,1.0,1.0,1.0,"{""0"": 0, ""1"": 1}"
56,3,632,1.0,1.0,1.0,"{""0"": 0, ""1"": 1, ""2"": 2}"
56,4,632,0.9692396319800308,0.9554358299753303,0.9889240506329114,"{""0"": 0, ""1"": 2, ""2"": 3, ""3"": 1}"
56,5,632,0.6147112547730399,0.6687200854499167,0.805379746835443,"{""0"": 0, ""1"": 1, ""2"": 3, ""3"": 2, ""4"": 4}"
56,6,632,0.8792504158627719,0.8795326037376252,0.9509493670886076,"{""0"": 5, ""1"": 2, ""2"": 4, ""3"": 1, ""4"": 3, ""5"": 0}"
57,2,632,0.9810728417628691,0.9612132085321339,0.995253164556962,"{""0"": 1, ""1"": 0}"
57,3,632,0.8149241664008177,0.8134600418552999,0.9430379746835443,"{""0"": 1, ""1"": 0, ""2"": 2}"
57,4,632,0.9677394011316953,0.9618314338518419,0.9889240506329114,"{""0"": 3, ""1"": 1, ""2"": 0, ""3"": 2}"
57,5,632,0.9029697799835912,0.8994324833856219,0.9620253164556962,"{""0"": 1, ""1"": 3, ""2"": 2, ""3"": 0, ""4"": 4}"
57,6,632,0.49523964112941193,0.5911508639146943,0.6582278481012658,"{""0"": 4, ""1"": 0, ""2"": 1, ""3"": 2, ""4"": 3, ""5"": 5}"
58,2,632,0.974803885403192,0.9446488675557404,0.9936708860759493,"{""0"": 0, ""1"": 1}"
58,3,632,0.7632942303451611,0.7797152269661357,0.9256329113924051,"{""0"": 1, ""1"": 2, ""2"": 0}"
58,4,632,0.9292815403167952,0.9086919678382983,0.9746835443037974,"{""0"": 2, ""1"": 3, ""2"": 1, ""3"": 0}"
58,5,632,0.7811705523057828,0.8087921591775897,0.9082278481012658,"{""0"": 2, ""1"": 4, ""2"": 0, ""3"": 3, ""4"": 1}"
58,6,632,0.4852158522985791,0.6049181882248882,0.6439873417721519,"{""0"": 5, ""1"": 0, ""2"": 1, ""3"": 3, ""4"": 4, ""5"": 2}"
59,2,632,0.9810727796095887,0.9611737404243127,0.995253164556962,"{""0"": 0, ""1"": 1}"
59,3,632,1.0,1.0,1.0,"{""0"": 1, ""1"": 2, ""2"": 0}"
59,4,632,0.958354609874322,0.9341043206761076,0.9841772151898734,"{""0"": 1, ""1"": 0, ""2"": 3, ""3"": 2}"
59,5,632,0.616680281009953,0.6813495970512922,0.7863924050632911,"{""0"": 4, ""1"": 2, ""2"": 0, ""3"": 1, ""4"": 3}"
59,6,632,0.9484327046154272,0.9393709726957613,0.9778481012658228,"{""0"": 0, ""1"": 1, ""2"": 5, ""3"": 4, ""4"": 2, ""5"": 3}"
60,2,632,0.9936708779013222,0.9845510529189185,0.9984177215189873,"{""0"": 0, ""1"": 1}"
60,3,632,0.9925111804659875,0.9834479553599556,0.9968354430379747,"{""0"": 0, ""1"": 1, ""2"": 2}"
60,4,632,0.9628729011814071,0.9617048440263775,0.9873417721518988,"{""0"": 2, ""1"": 1, ""2"": 0, ""3"": 3}"
60,5,632,0.6192632685758128,0.6883268545585428,0.7927215189873418,"{""0"": 0, ""1"": 4, ""2"": 1, ""3"": 3, ""4"": 2}"
60,6,632,0.9179996715528864,0.9091596079495289,0.9620253164556962,"{""0"": 2, ""1"": 3, ""2"": 0, ""3"": 1, ""4"": 5, ""5"": 4}"
61,2,632,1.0,1.0,1.0,"{""0"": 1, ""1"": 0}"
61,3,632,1.0,1.0,1.0,"{""0"": 0, ""1"": 1, ""2"": 2}"
61,4,632,0.9866615182967751,0.9785590754597153,0.995253164556962,"{""0"": 1, ""1"": 3, ""2"": 2, ""3"": 0}"
61,5,632,0.578253530462284,0.6785683821577119,0.8006329113924051,"{""0"": 2, ""1"": 1, ""2"": 4, ""3"": 3, ""4"": 0}"
61,6,632,0.8436967374594965,0.8567443735075806,0.9335443037974683,"{""0"": 3, ""1"": 0, ""2"": 2, ""3"": 1, ""4"": 5, ""5"": 4}"
62,2,632,0.9873618181534536,0.9723124057232461,0.9968354430379747,"{""0"": 0, ""1"": 1}"
62,3,632,0.9828679356197476,0.9670551216342164,0.9936708860759493,"{""0"": 1, ""1"": 2, ""2"": 0}"
62,4,632,0.9724269436983285,0.9662944305927227,0.990506329113924,"{""0"": 0, ""1"": 1, ""2"": 2, ""3"": 3}"
62,5,632,0.7522502738720823,0.7752095986728664,0.8924050632911392,"{""0"": 0, ""1"": 4, ""2"": 1, ""3"": 3, ""4"": 2}"
62,6,632,0.5217935038669963,0.6477532622645352,0.6677215189873418,"{""0"": 5, ""1"": 0, ""2"": 3, ""3"": 1, ""4"": 2, ""5"": 4}"
63,2,632,0.9873616594697797,0.9722269838968309,0.9968354430379747,"{""0"": 1, ""1"": 0}"
63,3,632,0.9943705380483058,0.9898199641323379,0.9984177215189873,"{""0"": 1, ""1"": 0, ""2"": 2}"
63,4,632,0.9766079095107059,0.9676968487990095,0.9920886075949367,"{""0"": 3, ""1"": 2, ""2"": 1, ""3"": 0}"
63,5,632,0.592789625344862,0.6613566348899201,0.7784810126582279,"{""0"": 0, ""1"": 3, ""2"": 1, ""3"": 2, ""4"": 4}"
63,6,632,0.9017608476069993,0.8986186634710539,0.9604430379746836,"{""0"": 3, ""1"": 1, ""2"": 5, ""3"": 4, ""4"": 2, ""5"": 0}"
64,2,632,0.9810727985679059,0.9568290413444306,0.995253164556962,"{""0"": 1, ""1"": 0}"
64,3,632,0.9036812315370982,0.8797634324927046,0.9699367088607594,"{""0"": 1, ""1"": 2, ""2"": 0}"
64,4,632,0.963089540931469,0.9567785477685385,0.9873417721518988,"{""0"": 0, ""1"": 1, ""2"": 3, ""3"": 2}"
64,5,632,0.9245770674314084,0.9051010560835511,0.9699367088607594,"{""0"": 3, ""1"": 4, ""2"": 0, ""3"": 2, ""4"": 1}"
64,6,632,0.5166257195945184,0.6272009456902615,0.7120253164556962,"{""0"": 1, ""1"": 3, ""2"": 4, ""3"": 2, ""4"": 0, ""5"": 5}"
65,2,632,1.0,1.0,1.0,"{""0"": 1, ""1"": 0}"
65,3,632,0.9850772651849525,0.972380270596508,0.995253164556962,"{""0"": 1, ""1"": 2, ""2"": 0}"
65,4,632,0.9006189029733453,0.9008888066064294,0.9651898734177216,"{""0"": 1, ""1"": 0, ""2"": 2, ""3"": 3}"
65,5,632,0.938682399162153,0.9298280205296616,0.9762658227848101,"{""0"": 1, ""1"": 2, ""2"": 3, ""3"": 0, ""4"": 4}"
65,6,632,0.7307343120732022,0.7721900790255453,0.8781645569620253,"{""0"": 0, ""1"": 5, ""2"": 1, ""3"": 3, ""4"": 4, ""5"": 2}"
66,2,632,0.987361812050309,0.9722697818088512,0.9968354430379747,"{""0"": 1, ""1"": 0}"
66,3,632,0.9775640782381,0.9678347972327125,0.9936708860759493,"{""0"": 0, ""1"": 1, ""2"": 2}"
66,4,632,0.9500775670266441,0.9398245812442623,0.9825949367088608,"{""0"": 1, ""1"": 3, ""2"": 2, ""3"": 0}"
66,5,632,0.842905454568845,0.8528233222514298,0.9367088607594937,"{""0"": 0, ""1"": 1, ""2"": 2, ""3"": 4, ""4"": 3}"
66,6,632,0.8383458158890577,0.8454597533243212,0.9319620253164557,"{""0"": 4, ""1"": 3, ""2"": 2, ""3"": 5, ""4"": 0, ""5"": 1}"
67,2,632,0.14467065749553668,0.21201094282190636,0.6914556962025317,"{""0"": 0, ""1"": 1}"
67,3,632,0.9902849355791142,0.9803819579137776,0.9968354430379747,"{""0"": 1, ""1"": 0, ""2"": 2}"
67,4,632,0.941107825879382,0.9254951036674675,0.9794303797468354,"{""0"": 3, ""1"": 1, ""2"": 2, ""3"": 0}"
67,5,632,0.6626162646159451,0.7430255810060029,0.8481012658227848,"{""0"": 3, ""1"": 4, ""2"": 1, ""3"": 0, ""4"": 2}"
67,6,632,0.8512990024658506,0.8667264492607425,0.9319620253164557,"{""0"": 0, ""1"": 5, ""2"": 3, ""3"": 1, ""4"": 2, ""5"": 4}"
68,2,632,0.9936708646186224,0.9845440179495617,0.9984177215189873,"{""0"": 1, ""1"": 0}"
68,3,632,0.9698319794562663,0.9488095329391036,0.990506329113924,"{""0"": 0, ""1"": 1, ""2"": 2}"
68,4,632,0.9325870023712979,0.9255425601415593,0.9762658227848101,"{""0"": 1, ""1"": 2, ""2"": 0, ""3"": 3}"
68,5,632,0.892350014352868,0.8831312300361327,0.9556962025316456,"{""0"": 2, ""1"": 1, ""2"": 4, ""3"": 0, ""4"": 3}"
68,6,632,0.9625180840144908,0.9520538190753653,0.9841772151898734,"{""0"": 0, ""1"": 4, ""2"": 5, ""3"": 3, ""4"": 1, ""5"": 2}"
69,2,632,0.9936708858097872,0.984560085537352,0.9984177215189873,"{""0"": 1, ""1"": 0}"
69,3,632,0.9722082685769465,0.9568886399704059,0.9920886075949367,"{""0"": 1, ""1"": 0, ""2"": 2}"
69,4,632,0.985997529186189,0.9822550546765475,0.995253164556962,"{""0"": 1, ""1"": 0, ""2"": 2, ""3"": 3}"
69,5,632,0.9164022014834106,0.8973794317404323,0.9667721518987342,"{""0"": 0, ""1"": 4, ""2"": 3, ""3"": 1, ""4"": 2}"
69,6,632,0.8539111784115642,0.8713707166662669,0.9382911392405063,"{""0"": 2, ""1"": 1, ""2"": 5, ""3"": 4, ""4"": 3, ""5"": 0}"
70,2,632,0.9873614936754145,0.9722006837610532,0.9968354430379747,"{""0"": 0, ""1"": 1}"
70,3,632,0.9754060003972476,0.9551852161424685,0.9920886075949367,"{""0"": 2, ""1"": 1, ""2"": 0}"
70,4,632,0.9356621359199886,0.9176815442952873,0.9762658227848101,"{""0"": 3, ""1"": 0, ""2"": 1, ""3"": 2}"
70,5,632,0.638414665807499,0.6910442563385312,0.8069620253164557,"{""0"": 3, ""1"": 1, ""2"": 0, ""3"": 4, ""4"": 2}"
70,6,632,0.7202464637694458,0.7706154070712906,0.8718354430379747,"{""0"": 5, ""1"": 2, ""2"": 4, ""3"": 3, ""4"": 0, ""5"": 1}"
71,2,632,0.9873618317024134,0.9722996367512691,0.9968354430379747,"{""0"": 0, ""1"": 1}"
71,3,632,0.9735461813044286,0.9584325912786446,0.9920886075949367,"{""0"": 2, ""1"": 0, ""2"": 1}"
71,4,632,0.9236988125819154,0.9130969249799225,0.9731012658227848,"{""0"": 1, ""1"": 2, ""2"": 3, ""3"": 0}"
71,5,632,0.8460524303702873,0.8549597958528582,0.9382911392405063,"{""0"": 2, ""1"": 1, ""2"": 0, ""3"": 3, ""4"": 4}"
71,6,632,0.4831078797769506,0.5940674646838299,0.6518987341772152,"{""0"": 3, ""1"": 4, ""2"": 2, ""3"": 1, ""4"": 0, ""5"": 5}"
72,2,632,1.0,1.0,1.0,"{""0"": 1, ""1"": 0}"
72,3,632,0.8661252752392518,0.8460993048026968,0.9588607594936709,"{""0"": 1, ""1"": 2, ""2"": 0}"
72,4,632,0.9330727819692813,0.9245786379681481,0.9762658227848101,"{""0"": 3, ""1"": 1, ""2"": 0, ""3"": 2}"
72,5,632,0.7931947460532761,0.812016949805916,0.9145569620253164,"{""0"": 2, ""1"": 1, ""2"": 0, ""3"": 4, ""4"": 3}"
72,6,632,0.47974608490948967,0.607794416188002,0.6408227848101266,"{""0"": 5, ""1"": 4, ""2"": 1, ""3"": 2, ""4"": 0, ""5"": 3}"
73,2,632,0.9936708424670813,0.9845361690679575,0.9984177215189873,"{""0"": 1, ""1"": 0}"
73,3,632,0.967140368573449,0.9416861173925992,0.9889240506329114,"{""0"": 2, ""1"": 0, ""2"": 1}"
73,4,632,0.9313915114643762,0.9125683171158039,0.9746835443037974,"{""0"": 0, ""1"": 3, ""2"": 1, ""3"": 2}"
73,5,632,0.8014268007349366,0.8098604021574822,0.9161392405063291,"{""0"": 1, ""1"": 4, ""2"": 2, ""3"": 0, ""4"": 3}"
73,6,632,0.7325281395592919,0.7909639868217301,0.8607594936708861,"{""0"": 1, ""1"": 0, ""2"": 2, ""3"": 5, ""4"": 3, ""5"": 4}"
74,2,632,0.9936708832322156,0.984569304562261,0.9984177215189873,"{""0"": 0, ""1"": 1}"
74,3,632,0.968287304319461,0.9525623995695034,0.990506329113924,"{""0"": 2, ""1"": 1, ""2"": 0}"
74,4,632,0.960752255973741,0.9499335388371098,0.9857594936708861,"{""0"": 1, ""1"": 3, ""2"": 0, ""3"": 2}"
74,5,632,0.609282224163009,0.6653102075211076,0.7927215189873418,"{""0"": 0, ""1"": 2, ""2"": 1, ""3"": 3, ""4"": 4}"
74,6,632,0.5063505658174035,0.6351517336969581,0.6582278481012658,"{""0"": 1, ""1"": 2, ""2"": 5, ""3"": 3, ""4"": 4, ""5"": 0}"
75,2,632,0.9437601645080868,0.9062920852570365,0.9857594936708861,"{""0"": 0, ""1"": 1}"
75,3,632,0.805876562449765,0.8080863929458889,0.939873417721519,"{""0"": 1, ""1"": 2, ""2"": 0}"
75,4,632,0.9570416297118646,0.9398824025936421,0.9841772151898734,"{""0"": 1, ""1"": 2, ""2"": 0, ""3"": 3}"
75,5,632,0.7746545069124188,0.7998116955959504,0.9034810126582279,"{""0"": 4, ""1"": 0, ""2"": 3, ""3"": 2, ""4"": 1}"
75,6,632,0.49890707034327536,0.603422251805137,0.6629746835443038,"{""0"": 5, ""1"": 3, ""2"": 0, ""3"": 2, ""4"": 4, ""5"": 1}"
76,2,632,0.9623262345960969,0.9257950736877893,0.990506329113924,"{""0"": 0, ""1"": 1}"
76,3,632,0.9776879399121476,0.9680315776851873,0.9936708860759493,"{""0"": 0, ""1"": 1, ""2"": 2}"
76,4,632,0.8937335142536043,0.8917725407037357,0.9620253164556962,"{""0"": 1, ""1"": 2, ""2"": 0, ""3"": 3}"
76,5,632,0.4442760558115332,0.561255966030848,0.6376582278481012,"{""0"": 0, ""1"": 3, ""2"": 1, ""3"": 4, ""4"": 2}"
76,6,632,0.7689909043216622,0.7840067216492111,0.8892405063291139,"{""0"": 4, ""1"": 0, ""2"": 5, ""3"": 3, ""4"": 1, ""5"": 2}"
77,2,632,0.9873617596889012,0.9722500094707324,0.9968354430379747,"{""0"": 1, ""1"": 0}"
77,3,632,0.967941638337449,0.9520545481626905,0.990506329113924,"{""0"": 0, ""1"": 1, ""2"": 2}"
77,4,632,0.9383074755467732,0.9211901872506464,0.9778481012658228,"{""0"": 0, ""1"": 3, ""2"": 1, ""3"": 2}"
77,5,632,0.7936126096569575,0.8128235334215149,0.9161392405063291,"{""0"": 2, ""1"": 0, ""2"": 3, ""3"": 1, ""4"": 4}"
77,6,632,0.9415491618527866,0.9412374498187123,0.9778481012658228,"{""0"": 5, ""1"": 3, ""2"": 1, ""3"": 4, ""4"": 0, ""5"": 2}"
78,2,632,0.9936707873282496,0.9845228624743079,0.9984177215189873,"{""0"": 0, ""1"": 1}"
78,3,632,0.7791412955137514,0.7858825500198436,0.930379746835443,"{""0"": 1, ""1"": 2, ""2"": 0}"
78,4,632,0.9623474170070823,0.9435059181399627,0.9857594936708861,"{""0"": 1, ""1"": 2, ""2"": 0, ""3"": 3}"
78,5,632,0.6480088325094024,0.7004279091743244,0.8227848101265823,"{""0"": 2, ""1"": 4, ""2"": 1, ""3"": 0, ""4"": 3}"
78,6,632,0.8591228467344613,0.8704578746478757,0.935126582278481,"{""0"": 2, ""1"": 1, ""2"": 4, ""3"": 5, ""4"": 3, ""5"": 0}"
79,2,632,0.9192864482947347,0.8754187646476176,0.9794303797468354,"{""0"": 0, ""1"": 1}"
79,3,632,0.9753989584248484,0.9554005264421526,0.9920886075949367,"{""0"": 1, ""1"": 2, ""2"": 0}"
79,4,632,0.9522606654431991,0.9341994361185594,0.9825949367088608,"{""0"": 1, ""1"": 2, ""2"": 3, ""3"": 0}"
79,5,632,0.4108610484847795,0.5613548415640552,0.6550632911392406,"{""0"": 1, ""1"": 4, ""2"": 2, ""3"": 3, ""4"": 0}"
79,6,632,0.6871096221982437,0.7595202178362045,0.8512658227848101,"{""0"": 4, ""1"": 0, ""2"": 1, ""3"": 3, ""4"": 5, ""5"": 2}"
80,2,632,0.9748039140855685,0.9509181083647031,0.9936708860759493,"{""0"": 0, ""1"": 1}"
80,3,632,0.9098794171655628,0.8816670169975083,0.9731012658227848,"{""0"": 0, ""1"": 1, ""2"": 2}"
80,4,632,0.952368579597251,0.9360931662954506,0.9825949367088608,"{""0"": 2, ""1"": 1, ""2"": 0, ""3"": 3}"
80,5,632,0.5519909618083167,0.6483540471846913,0.7832278481012658,"{""0"": 2, ""1"": 4, ""2"": 3, ""3"": 0, ""4"": 1}"
80,6,632,0.7778193935231025,0.7965049278211486,0.9003164556962026,"{""0"": 3, ""1"": 1, ""2"": 0, ""3"": 5, ""4"": 4, ""5"": 2}"
81,2,632,0.9936708818950358,0.9845542661058769,0.9984177215189873,"{""0"": 1, ""1"": 0}"
81,3,632,0.7835020827938516,0.7928177817299236,0.9319620253164557,"{""0"": 1, ""1"": 0, ""2"": 2}"
81,4,632,0.9775610754702534,0.9696220526295711,0.9920886075949367,"{""0"": 1, ""1"": 0, ""2"": 3, ""3"": 2}"
81,5,632,0.6270830569454232,0.6865687424953458,0.8132911392405063,"{""0"": 4, ""1"": 1, ""2"": 0, ""3"": 2, ""4"": 3}"
81,6,632,0.5127235535788005,0.6285694351389413,0.6677215189873418,"{""0"": 4, ""1"": 5, ""2"": 0, ""3"": 2, ""4"": 3, ""5"": 1}"
82,2,632,0.14523177594674497,0.21091722829953086,0.6914556962025317,"{""0"": 0, ""1"": 1}"
82,3,632,0.9962292418743119,0.9906716724316003,0.9984177215189873,"{""0"": 2, ""1"": 1, ""2"": 0}"
82,4,632,0.9544509149436885,0.9425060227451124,0.9841772151898734,"{""0"": 1, ""1"": 3, ""2"": 0, ""3"": 2}"
82,5,632,0.6753438873465676,0.7176527546918221,0.8370253164556962,"{""0"": 2, ""1"": 4, ""2"": 1, ""3"": 0, ""4"": 3}"
82,6,632,0.7997214516509711,0.825923048764445,0.9003164556962026,"{""0"": 4, ""1"": 2, ""2"": 1, ""3"": 3, ""4"": 0, ""5"": 5}"
83,2,632,1.0,1.0,1.0,"{""0"": 0, ""1"": 1}"
83,3,632,0.9906523428984123,0.9804007844504224,0.9968354430379747,"{""0"": 1, ""1"": 2, ""2"": 0}"
83,4,632,0.9668147487909928,0.9489304153382649,0.9873417721518988,"{""0"": 1, ""1"": 3, ""2"": 0, ""3"": 2}"
83,5,632,0.5616971783252535,0.6517402860870395,0.7879746835443038,"{""0"": 3, ""1"": 2, ""2"": 1, ""3"": 0, ""4"": 4}"
83,6,632,0.9047456737300449,0.8969901429216899,0.9572784810126582,"{""0"": 3, ""1"": 4, ""2"": 1, ""3"": 0, ""4"": 5, ""5"": 2}"
84,2,632,0.9873617816565615,0.9722569607566607,0.9968354430379747,"{""0"": 0, ""1"": 1}"
84,3,632,0.7667658061469842,0.7874850155802352,0.9272151898734177,"{""0"": 1, ""1"": 2, ""2"": 0}"
84,4,632,0.9322070624641408,0.9070208303454148,0.9746835443037974,"{""0"": 1, ""1"": 3, ""2"": 2, ""3"": 0}"
84,5,632,0.6414370137886078,0.6868716005384637,0.810126582278481,"{""0"": 2, ""1"": 1, ""2"": 4, ""3"": 0, ""4"": 3}"
84,6,632,0.8814081767116584,0.8814788132213858,0.9493670886075949,"{""0"": 4, ""1"": 1, ""2"": 2, ""3"": 5, ""4"": 3, ""5"": 0}"
85,2,632,0.9623262340086106,0.9319114574269367,0.990506329113924,"{""0"": 1, ""1"": 0}"
85,3,632,0.878799096485811,0.868283048540337,0.9636075949367089,"{""0"": 0, ""1"": 1, ""2"": 2}"
85,4,632,0.9635806206806773,0.9532756832321572,0.9873417721518988,"{""0"": 3, ""1"": 2, ""2"": 1, ""3"": 0}"
85,5,632,0.6561548988527066,0.6944280193553188,0.8306962025316456,"{""0"": 3, ""1"": 2, ""2"": 0, ""3"": 1, ""4"": 4}"
85,6,632,0.9282644920400585,0.9110298624889027,0.9667721518987342,"{""0"": 2, ""1"": 4, ""2"": 1, ""3"": 3, ""4"": 0, ""5"": 5}"
86,2,632,0.9936707320381766,0.9845129638718383,0.9984177215189873,"{""0"": 0, ""1"": 1}"
86,3,632,0.9753986175316004,0.9524359729895855,0.9920886075949367,"{""0"": 2, ""1"": 1, ""2"": 0}"
86,4,632,0.9598305758694841,0.9423137766189257,0.9857594936708861,"{""0"": 2, ""1"": 3, ""2"": 0, ""3"": 1}"
86,5,632,0.7096545694788787,0.7437574237156678,0.8670886075949367,"{""0"": 4, ""1"": 0, ""2"": 3, ""3"": 1, ""4"": 2}"
86,6,632,0.8069669236012076,0.8188604545098852,0.9066455696202531,"{""0"": 5, ""1"": 0, ""2"": 4, ""3"": 2, ""4"": 1, ""5"": 3}"
87,2,632,0.9499287601409301,0.9077292873755499,0.9873417721518988,"{""0"": 1, ""1"": 0}"
87,3,632,0.7605800681850078,0.7707206052875594,0.9240506329113924,"{""0"": 2, ""1"": 1, ""2"": 0}"
87,4,632,0.9550216065181476,0.9473817623150459,0.9841772151898734,"{""0"": 2, ""1"": 1, ""2"": 3, ""3"": 0}"
87,5,632,0.6331225881847213,0.6786860225849212,0.8085443037974683,"{""0"": 2, ""1"": 4, ""2"": 0, ""3"": 3, ""4"": 1}"
87,6,632,0.5314582266485072,0.638503676971104,0.680379746835443,"{""0"": 3, ""1"": 1, ""2"": 5, ""3"": 4, ""4"": 2, ""5"": 0}"
88,2,632,1.0,1.0,1.0,"{""0"": 1, ""1"": 0}"
88,3,632,0.820456660714525,0.8136641422361771,0.944620253164557,"{""0"": 1, ""1"": 0, ""2"": 2}"
88,4,632,0.9857579285536959,0.9798672442604953,0.995253164556962,"{""0"": 0, ""1"": 2, ""2"": 1, ""3"": 3}"
88,5,632,0.651448381948734,0.6972254797452418,0.819620253164557,"{""0"": 2, ""1"": 3, ""2"": 0, ""3"": 1, ""4"": 4}"
88,6,632,0.8842155130094054,0.8755657616917744,0.9477848101265823,"{""0"": 5, ""1"": 4, ""2"": 1, ""3"": 0, ""4"": 2, ""5"": 3}"
89,2,632,0.9936708832322156,0.984569304562261,0.9984177215189873,"{""0"": 1, ""1"": 0}"
89,3,632,0.9832636081219801,0.9748541230205928,0.995253164556962,"{""0"": 2, ""1"": 1, ""2"": 0}"
89,4,632,0.9959424932933021,0.9930147585354855,0.9984177215189873,"{""0"": 2, ""1"": 3, ""2"": 1, ""3"": 0}"
89,5,632,0.6884478547660844,0.7248454255346906,0.8433544303797469,"{""0"": 4, ""1"": 0, ""2"": 1, ""3"": 3, ""4"": 2}"
89,6,632,0.9689786301194362,0.9636203228187764,0.9873417721518988,"{""0"": 2, ""1"": 0, ""2"": 5, ""3"": 1, ""4"": 4, ""5"": 3}"
90,2,632,0.9873618279998477,0.9722811651523068,0.9968354430379747,"{""0"": 1, ""1"": 0}"
90,3,632,0.9831726924372847,0.9666864122325483,0.9936708860759493,"{""0"": 2, ""1"": 0, ""2"": 1}"
90,4,632,0.9236343189376764,0.9116724619832166,0.9731012658227848,"{""0"": 1, ""1"": 2, ""2"": 0, ""3"": 3}"
90,5,632,0.62962202541686,0.6753380739939239,0.8132911392405063,"{""0"": 1, ""1"": 0, ""2"": 4, ""3"": 3, ""4"": 2}"
90,6,632,0.7542805785414186,0.7905811086734827,0.8908227848101266,"{""0"": 1, ""1"": 0, ""2"": 4, ""3"": 3, ""4"": 2, ""5"": 5}"
91,2,632,0.9810728402699765,0.9568707265771651,0.995253164556962,"{""0"": 0, ""1"": 1}"
91,3,632,0.9776635926357686,0.9680608558571621,0.9936708860759493,"{""0"": 2, ""1"": 1, ""2"": 0}"
91,4,632,0.9555372386488848,0.9404914112582564,0.9841772151898734,"{""0"": 1, ""1"": 3, ""2"": 0, ""3"": 2}"
91,5,632,0.6634932005948114,0.7081423582302793,0.8291139240506329,"{""0"": 0, ""1"": 2, ""2"": 3, ""3"": 4, ""4"": 1}"
91,6,632,0.8698267215278717,0.8796620295828697,0.9414556962025317,"{""0"": 3, ""1"": 5, ""2"": 2, ""3"": 4, ""4"": 1, ""5"": 0}"
92,2,632,0.12083452784665152,0.18132939829506012,0.6756329113924051,"{""0"": 0, ""1"": 1}"
92,3,632,0.8687075764708496,0.8515044830128394,0.9604430379746836,"{""0"": 2, ""1"": 0, ""2"": 1}"
92,4,632,0.9530324853325398,0.9355917268460225,0.9825949367088608,"{""0"": 2, ""1"": 3, ""2"": 0, ""3"": 1}"
92,5,632,0.9685141120190712,0.9600492227984235,0.9873417721518988,"{""0"": 2, ""1"": 1, ""2"": 0, ""3"": 4, ""4"": 3}"
92,6,632,0.839305464276097,0.8462601483464733,0.930379746835443,"{""0"": 1, ""1"": 3, ""2"": 5, ""3"": 0, ""4"": 4, ""5"": 2}"
93,2,632,0.9685550485030019,0.9412015023207276,0.9920886075949367,"{""0"": 1, ""1"": 0}"
93,3,632,0.992493201913014,0.9833775949719521,0.9968354430379747,"{""0"": 0, ""1"": 1, ""2"": 2}"
93,4,632,0.9515850985057049,0.9408241045736204,0.9825949367088608,"{""0"": 1, ""1"": 3, ""2"": 0, ""3"": 2}"
93,5,632,0.6403348845662404,0.6892463766193198,0.814873417721519,"{""0"": 0, ""1"": 2, ""2"": 1, ""3"": 4, ""4"": 3}"
93,6,632,0.9646232658793261,0.9573594999143645,0.9857594936708861,"{""0"": 4, ""1"": 2, ""2"": 0, ""3"": 3, ""4"": 5, ""5"": 1}"
94,2,632,0.9936707873282496,0.9845228624743079,0.9984177215189873,"{""0"": 0, ""1"": 1}"
94,3,632,0.7679183536174444,0.7806349042133073,0.9272151898734177,"{""0"": 2, ""1"": 1, ""2"": 0}"
94,4,632,0.9553024535458635,0.9379873585182312,0.9841772151898734,"{""0"": 2, ""1"": 3, ""2"": 0, ""3"": 1}"
94,5,632,0.6951648439936494,0.7308058546943346,0.8575949367088608,"{""0"": 2, ""1"": 4, ""2"": 3, ""3"": 1, ""4"": 0}"
94,6,632,0.5357377144732147,0.6485673848989469,0.6835443037974683,"{""0"": 4, ""1"": 2, ""2"": 1, ""3"": 5, ""4"": 3, ""5"": 0}"
95,2,632,0.987361812050309,0.9722697818088512,0.9968354430379747,"{""0"": 1, ""1"": 0}"
95,3,632,0.971318898755403,0.9486938982639025,0.990506329113924,"{""0"": 2, ""1"": 1, ""2"": 0}"
95,4,632,0.9465810999962144,0.9244567099682426,0.9794303797468354,"{""0"": 1, ""1"": 2, ""2"": 3, ""3"": 0}"
95,5,632,0.7652989434884472,0.77661614286714,0.9018987341772152,"{""0"": 2, ""1"": 3, ""2"": 0, ""3"": 4, ""4"": 1}"
95,6,632,0.858577367269558,0.862608027485066,0.9382911392405063,"{""0"": 4, ""1"": 5, ""2"": 1, ""3"": 2, ""4"": 0, ""5"": 3}"
96,2,632,1.0,1.0,1.0,"{""0"": 0, ""1"": 1}"
96,3,632,0.9775500387422881,0.9678520610132938,0.9936708860759493,"{""0"": 1, ""1"": 0, ""2"": 2}"
96,4,632,0.995275558304968,0.9927586829232529,0.9984177215189873,"{""0"": 2, ""1"": 1, ""2"": 0, ""3"": 3}"
96,5,632,0.6699826076099639,0.7197127762265593,0.8417721518987342,"{""0"": 3, ""1"": 2, ""2"": 0, ""3"": 1, ""4"": 4}"
96,6,632,0.9032866654931625,0.9054583289899537,0.9572784810126582,"{""0"": 0, ""1"": 3, ""2"": 2, ""3"": 1, ""4"": 5, ""5"": 4}"
97,2,632,0.9936707873282496,0.9845228624743079,0.9984177215189873,"{""0"": 0, ""1"": 1}"
97,3,632,0.992213607908834,0.9810847758208313,0.9968354430379747,"{""0"": 0, ""1"": 2, ""2"": 1}"
97,4,632,0.9790062382938436,0.9645742312885166,0.9920886075949367,"{""0"": 3, ""1"": 2, ""2"": 1, ""3"": 0}"
97,5,632,0.9549249338106569,0.9451678953737451,0.9825949367088608,"{""0"": 1, ""1"": 0, ""2"": 4, ""3"": 2, ""4"": 3}"
97,6,632,0.5708056056462043,0.6733811059600969,0.7088607594936709,"{""0"": 2, ""1"": 3, ""2"": 4, ""3"": 5, ""4"": 1, ""5"": 0}"
98,2,632,1.0,1.0,1.0,"{""0"": 0, ""1"": 1}"
98,3,632,0.9880597298482446,0.9738308277438182,0.995253164556962,"{""0"": 0, ""1"": 2, ""2"": 1}"
98,4,632,0.961397781868269,0.9376184366152333,0.9841772151898734,"{""0"": 2, ""1"": 0, ""2"": 3, ""3"": 1}"
98,5,632,0.44212516583713807,0.5458560239452681,0.6471518987341772,"{""0"": 4, ""1"": 0, ""2"": 1, ""3"": 2, ""4"": 3}"
98,6,632,0.5218538268578007,0.5991182268646138,0.6677215189873418,"{""0"": 4, ""1"": 1, ""2"": 3, ""3"": 0, ""4"": 2, ""5"": 5}"
99,2,632,0.9873616124373602,0.9722185821678141,0.9968354430379747,"{""0"": 0, ""1"": 1}"
99,3,632,0.7813780419716643,0.7891495396549923,0.930379746835443,"{""0"": 1, ""1"": 0, ""2"": 2}"
99,4,632,0.958288644157058,0.9508108265288275,0.9857594936708861,"{""0"": 1, ""1"": 3, ""2"": 0, ""3"": 2}"
99,5,632,0.6316433801062336,0.6894515739853373,0.805379746835443,"{""0"": 0, ""1"": 3, ""2"": 1, ""3"": 2, ""4"": 4}"
99,6,632,0.5141702715245923,0.6144944057637827,0.6756329113924051,"{""0"": 2, ""1"": 1, ""2"": 4, ""3"": 3, ""4"": 0, ""5"": 5}"
100,2,632,0.9499280217775944,0.9142879392279258,0.9873417721518988,"{""0"": 1, ""1"": 0}"
100,3,632,0.9594260794064386,0.9396433739226415,0.9873417721518988,"{""0"": 2, ""1"": 1, ""2"": 0}"
100,4,632,0.9702649186828274,0.9568912448648108,0.9889240506329114,"{""0"": 0, ""1"": 1, ""2"": 3, ""3"": 2}"
100,5,632,0.6617835164858152,0.7127318708920899,0.8370253164556962,"{""0"": 0, ""1"": 1, ""2"": 3, ""3"": 4, ""4"": 2}"
100,6,632,0.8949428714179366,0.8945387047377165,0.9588607594936709,"{""0"": 2, ""1"": 5, ""2"": 1, ""3"": 3, ""4"": 4, ""5"": 0}"
101,2,632,0.9936708424670813,0.9845361690679575,0.9984177215189873,"{""0"": 1, ""1"": 0}"
101,3,632,0.7741153597776144,0.7962456244816953,0.930379746835443,"{""0"": 1, ""1"": 2, ""2"": 0}"
101,4,632,0.9301714796245472,0.8985552122456685,0.9715189873417721,"{""0"": 1, ""1"": 3, ""2"": 0, ""3"": 2}"
101,5,632,0.8621882749982663,0.8569802168874853,0.944620253164557,"{""0"": 2, ""1"": 3, ""2"": 0, ""3"": 1, ""4"": 4}"
101,6,632,0.514906747807704,0.6281379780181178,0.6645569620253164,"{""0"": 3, ""1"": 5, ""2"": 2, ""3"": 1, ""4"": 4, ""5"": 0}"
102,2,632,1.0,1.0,1.0,"{""0"": 0, ""1"": 1}"
102,3,632,1.0,1.0,1.0,"{""0"": 2, ""1"": 0, ""2"": 1}"
102,4,632,0.9454604911893706,0.9421365502715149,0.9810126582278481,"{""0"": 3, ""1"": 2, ""2"": 1, ""3"": 0}"
102,5,632,0.641944814407324,0.6848830912486011,0.7990506329113924,"{""0"": 1, ""1"": 2, ""2"": 0, ""3"": 3, ""4"": 4}"
102,6,632,0.9828418946419271,0.9800543229392884,0.9936708860759493,"{""0"": 5, ""1"": 3, ""2"": 1, ""3"": 2, ""4"": 0, ""5"": 4}"
103,2,632,0.9936708273299782,0.984531938410481,0.9984177215189873,"{""0"": 0, ""1"": 1}"
103,3,632,0.9809674506168563,0.9629637697176664,0.9936708860759493,"{""0"": 2, ""1"": 1, ""2"": 0}"
103,4,632,0.9495426168960625,0.9429309234922827,0.9825949367088608,"{""0"": 0, ""1"": 2, ""2"": 3, ""3"": 1}"
103,5,632,0.8794220296131633,0.8836918156669241,0.9525316455696202,"{""0"": 1, ""1"": 3, ""2"": 2, ""3"": 0, ""4"": 4}"
103,6,632,0.7459858685705141,0.7750548530408076,0.8892405063291139,"{""0"": 1, ""1"": 3, ""2"": 5, ""3"": 4, ""4"": 2, ""5"": 0}"
104,2,632,0.15789808563977661,0.23759819623402575,0.6993670886075949,"{""0"": 1, ""1"": 0}"
104,3,632,0.9774610196311949,0.9590592216504342,0.9920886075949367,"{""0"": 2, ""1"": 0, ""2"": 1}"
104,4,632,0.957534291958811,0.9401419084369615,0.9825949367088608,"{""0"": 2, ""1"": 0, ""2"": 1, ""3"": 3}"
104,5,632,0.6628174782325996,0.7269771661797214,0.8433544303797469,"{""0"": 2, ""1"": 3, ""2"": 0, ""3"": 1, ""4"": 4}"
104,6,632,0.6229818614985757,0.7047509370228991,0.7832278481012658,"{""0"": 3, ""1"": 0, ""2"": 2, ""3"": 5, ""4"": 4, ""5"": 1}"
105,2,632,0.9936708547947374,0.984540195442337,0.9984177215189873,"{""0"": 0, ""1"": 1}"
105,3,632,0.9753677945542403,0.9553228713535623,0.9920886075949367,"{""0"": 0, ""1"": 1, ""2"": 2}"
105,4,632,0.9284480924352267,0.9194574725344424,0.9746835443037974,"{""0"": 2, ""1"": 1, ""2"": 0, ""3"": 3}"
105,5,632,0.7999607199317856,0.8183419163246561,0.9161392405063291,"{""0"": 2, ""1"": 4, ""2"": 3, ""3"": 1, ""4"": 0}"
105,6,632,0.520341591098482,0.6409155607655189,0.6787974683544303,"{""0"": 3, ""1"": 1, ""2"": 4, ""3"": 0, ""4"": 5, ""5"": 2}"
106,2,632,1.0,1.0,1.0,"{""0"": 1, ""1"": 0}"
106,3,632,0.9962061792786301,0.9906694587644574,0.9984177215189873,"{""0"": 1, ""1"": 0, ""2"": 2}"
106,4,632,0.9463732684928609,0.9353881104368131,0.9810126582278481,"{""0"": 2, ""1"": 3, ""2"": 1, ""3"": 0}"
106,5,632,0.9143558995347573,0.9092513770866875,0.9667721518987342,"{""0"": 4, ""1"": 3, ""2"": 0, ""3"": 1, ""4"": 2}"
106,6,632,0.45402304700658663,0.5772407309445179,0.6281645569620253,"{""0"": 2, ""1"": 1, ""2"": 3, ""3"": 5, ""4"": 0, ""5"": 4}"
107,2,632,0.9873617816565615,0.9722569607566607,0.9968354430379747,"{""0"": 0, ""1"": 1}"
107,3,632,0.9881044021809766,0.9737361528751491,0.995253164556962,"{""0"": 1, ""1"": 0, ""2"": 2}"
107,4,632,0.992703117048959,0.9862414861335461,0.9968354430379747,"{""0"": 3, ""1"": 1, ""2"": 0, ""3"": 2}"
107,5,632,0.6115923018264288,0.6813106735568256,0.7737341772151899,"{""0"": 2, ""1"": 1, ""2"": 4, ""3"": 0, ""4"": 3}"
107,6,632,0.49872003530713854,0.6155045158026812,0.6645569620253164,"{""0"": 1, ""1"": 2, ""2"": 5, ""3"": 3, ""4"": 0, ""5"": 4}"
108,2,632,1.0,1.0,1.0,"{""0"": 1, ""1"": 0}"
108,3,632,0.7804251261107095,0.8014810838682431,0.9319620253164557,"{""0"": 0, ""1"": 1, ""2"": 2}"
108,4,632,0.9643136540582232,0.95374952326899,0.9873417721518988,"{""0"": 0, ""1"": 3, ""2"": 1, ""3"": 2}"
108,5,632,0.8678251964594587,0.8592452489430378,0.9462025316455697,"{""0"": 3, ""1"": 4, ""2"": 2, ""3"": 0, ""4"": 1}"
108,6,632,0.5166408525628958,0.6109665926501422,0.6772151898734177,"{""0"": 5, ""1"": 2, ""2"": 1, ""3"": 3, ""4"": 0, ""5"": 4}"
109,2,632,0.9936706584634644,0.9845022384891357,0.9984177215189873,"{""0"": 0, ""1"": 1}"
109,3,632,0.8224014268142836,0.8137112429382766,0.944620253164557,"{""0"": 1, ""1"": 2, ""2"": 0}"
109,4,632,0.9742107164383261,0.9622576745395062,0.990506329113924,"{""0"": 1, ""1"": 2, ""2"": 3, ""3"": 0}"
109,5,632,0.6923518486655534,0.7422122859898024,0.8591772151898734,"{""0"": 1, ""1"": 3, ""2"": 2, ""3"": 0, ""4"": 4}"
109,6,632,0.5410654919455468,0.6512046446295364,0.6977848101265823,"{""0"": 0, ""1"": 3, ""2"": 5, ""3"": 1, ""4"": 2, ""5"": 4}"
110,2,632,0.9873618215000087,0.9691511580643961,0.9968354430379747,"{""0"": 0, ""1"": 1}"
110,3,632,0.9753549276064414,0.9558513743834952,0.9920886075949367,"{""0"": 1, ""1"": 2, ""2"": 0}"
110,4,632,0.925553771631519,0.8996307622728649,0.9715189873417721,"{""0"": 2, ""1"": 1, ""2"": 3, ""3"": 0}"
110,5,632,0.6795533065973888,0.7335268015384366,0.8512658227848101,"{""0"": 3, ""1"": 0, ""2"": 1, ""3"": 4, ""4"": 2}"
110,6,632,0.48436996904629837,0.6070572235606461,0.6566455696202531,"{""0"": 3, ""1"": 1, ""2"": 5, ""3"": 4, ""4"": 0, ""5"": 2}"
111,2,632,0.9810728417628691,0.9612132085321339,0.995253164556962,"{""0"": 1, ""1"": 0}"
111,3,632,0.8207273886838657,0.8252051246409637,0.944620253164557,"{""0"": 0, ""1"": 2, ""2"": 1}"
111,4,632,0.9588513510552802,0.9474012263800564,0.9857594936708861,"{""0"": 2, ""1"": 1, ""2"": 3, ""3"": 0}"
111,5,632,0.6135864471261724,0.680395598756646,0.7895569620253164,"{""0"": 2, ""1"": 3, ""2"": 0, ""3"": 4, ""4"": 1}"
111,6,632,0.7667542198222876,0.8035035294862032,0.8908227848101266,"{""0"": 2, ""1"": 0, ""2"": 5, ""3"": 1, ""4"": 3, ""5"": 4}"
112,2,632,0.9936708844547795,0.9845572768755257,0.9984177215189873,"{""0"": 0, ""1"": 1}"
112,3,632,0.9269727184412898,0.898922856415014,0.9762658227848101,"{""0"": 1, ""1"": 0, ""2"": 2}"
112,4,632,0.9402356098342673,0.9165082217339355,0.9762658227848101,"{""0"": 1, ""1"": 3, ""2"": 0, ""3"": 2}"
112,5,632,0.6342782387447474,0.6871776798051347,0.814873417721519,"{""0"": 4, ""1"": 3, ""2"": 2, ""3"": 0, ""4"": 1}"
112,6,632,0.9723724917026547,0.9676971154793621,0.9889240506329114,"{""0"": 2, ""1"": 0, ""2"": 3, ""3"": 1, ""4"": 4, ""5"": 5}"
113,2,632,1.0,1.0,1.0,"{""0"": 1, ""1"": 0}"
113,3,632,0.9865362690473343,0.9709981549216993,0.995253164556962,"{""0"": 1, ""1"": 2, ""2"": 0}"
113,4,632,0.9870949768696223,0.9787221911461222,0.995253164556962,"{""0"": 3, ""1"": 1, ""2"": 0, ""3"": 2}"
113,5,632,0.6212159381268091,0.6841719031033359,0.7832278481012658,"{""0"": 1, ""1"": 4, ""2"": 3, ""3"": 2, ""4"": 0}"
113,6,632,0.9397715976947911,0.9248765052878233,0.9699367088607594,"{""0"": 4, ""1"": 2, ""2"": 1, ""3"": 3, ""4"": 0, ""5"": 5}"
114,2,632,0.9873617596889012,0.9722500094707324,0.9968354430379747,"{""0"": 1, ""1"": 0}"
114,3,632,0.7629504378999942,0.7645199373976604,0.9240506329113924,"{""0"": 1, ""1"": 2, ""2"": 0}"
114,4,632,0.9365661988940167,0.9210652977352946,0.9778481012658228,"{""0"": 3, ""1"": 1, ""2"": 0, ""3"": 2}"
114,5,632,0.6577134947976921,0.7029302848515717,0.8291139240506329,"{""0"": 4, ""1"": 2, ""2"": 1, ""3"": 0, ""4"": 3}"
114,6,632,0.5227577712425461,0.6369322538643647,0.6756329113924051,"{""0"": 0, ""1"": 2, ""2"": 5, ""3"": 4, ""4"": 3, ""5"": 1}"
115,2,632,0.943760198660394,0.8991154928452347,0.9857594936708861,"{""0"": 1, ""1"": 0}"
115,3,632,0.8085129392879589,0.7970786948134598,0.939873417721519,"{""0"": 0, ""1"": 1, ""2"": 2}"
115,4,632,0.9768215767325933,0.9654758860833088,0.9920886075949367,"{""0"": 3, ""1"": 0, ""2"": 1, ""3"": 2}"
115,5,632,0.6333146433813541,0.6826780913223548,0.8085443037974683,"{""0"": 3, ""1"": 0, ""2"": 2, ""3"": 1, ""4"": 4}"
115,6,632,0.8539789864979423,0.8465010726739414,0.9367088607594937,"{""0"": 0, ""1"": 3, ""2"": 5, ""3"": 4, ""4"": 2, ""5"": 1}"
116,2,632,0.9873618317977748,0.9722863191620774,0.9968354430379747,"{""0"": 0, ""1"": 1}"
116,3,632,0.9811755190858273,0.965287065202178,0.9936708860759493,"{""0"": 1, ""1"": 2, ""2"": 0}"
116,4,632,0.9773825511005594,0.9656552745239994,0.9920886075949367,"{""0"": 3, ""1"": 2, ""2"": 0, ""3"": 1}"
116,5,632,0.8934196865381493,0.884085585156744,0.9588607594936709,"{""0"": 1, ""1"": 4, ""2"": 3, ""3"": 0, ""4"": 2}"
116,6,632,0.9169676612151135,0.907685533836702,0.9620253164556962,"{""0"": 4, ""1"": 0, ""2"": 2, ""3"": 5, ""4"": 1, ""5"": 3}"
117,2,632,1.0,1.0,1.0,"{""0"": 0, ""1"": 1}"
117,3,632,0.9926854848808059,0.983313871588273,0.9968354430379747,"{""0"": 2, ""1"": 1, ""2"": 0}"
117,4,632,0.9339405740940706,0.9132838273707287,0.9746835443037974,"{""0"": 2, ""1"": 0, ""2"": 1, ""3"": 3}"
117,5,632,0.703672536901683,0.7460021988604162,0.8670886075949367,"{""0"": 1, ""1"": 0, ""2"": 4, ""3"": 3, ""4"": 2}"
117,6,632,0.48207360598176796,0.6077481031303208,0.6471518987341772,"{""0"": 2, ""1"": 3, ""2"": 5, ""3"": 0, ""4"": 4, ""5"": 1}"
118,2,632,0.9623262267427303,0.9232805355358755,0.990506329113924,"{""0"": 1, ""1"": 0}"
118,3,632,0.7658260078033315,0.7922262907357601,0.9272151898734177,"{""0"": 2, ""1"": 0, ""2"": 1}"
118,4,632,0.9311295340542723,0.916269650581003,0.9746835443037974,"{""0"": 0, ""1"": 1, ""2"": 3, ""3"": 2}"
118,5,632,0.936682798386982,0.9227458357247009,0.9746835443037974,"{""0"": 4, ""1"": 2, ""2"": 0, ""3"": 3, ""4"": 1}"
118,6,632,0.805986687593768,0.8220315946456548,0.9161392405063291,"{""0"": 1, ""1"": 3, ""2"": 5, ""3"": 2, ""4"": 0, ""5"": 4}"
119,2,632,1.0,1.0,1.0,"{""0"": 1, ""1"": 0}"
119,3,632,0.9943586947317833,0.9897839829108341,0.9984177215189873,"{""0"": 2, ""1"": 0, ""2"": 1}"
119,4,632,0.9684432830515272,0.9561754741399155,0.9889240506329114,"{""0"": 1, ""1"": 3, ""2"": 0, ""3"": 2}"
119,5,632,0.7357613637365753,0.779633503106904,0.8813291139240507,"{""0"": 4, ""1"": 0, ""2"": 3, ""3"": 2, ""4"": 1}"
119,6,632,0.4947352039100637,0.603382223110675,0.6598101265822784,"{""0"": 1, ""1"": 2, ""2"": 5, ""3"": 4, ""4"": 3, ""5"": 0}"
120,2,632,0.9936706584634644,0.9845022384891357,0.9984177215189873,"{""0"": 0, ""1"": 1}"
120,3,632,0.9881895872973578,0.9737285320022392,0.995253164556962,"{""0"": 2, ""1"": 1, ""2"": 0}"
120,4,632,0.9552962546715158,0.9475934172866884,0.9841772151898734,"{""0"": 0, ""1"": 1, ""2"": 2, ""3"": 3}"
120,5,632,0.6440312231684001,0.7042471457833658,0.8370253164556962,"{""0"": 0, ""1"": 1, ""2"": 3, ""3"": 2, ""4"": 4}"
120,6,632,0.4926489642281776,0.5995190707688668,0.6471518987341772,"{""0"": 4, ""1"": 5, ""2"": 3, ""3"": 1, ""4"": 2, ""5"": 0}"
121,2,632,0.8595021336449985,0.8087790817073476,0.9636075949367089,"{""0"": 1, ""1"": 0}"
121,3,632,0.988791036728014,0.981892142687982,0.9968354430379747,"{""0"": 0, ""1"": 1, ""2"": 2}"
121,4,632,0.9622263087032777,0.9562102566761815,0.9873417721518988,"{""0"": 3, ""1"": 0, ""2"": 1, ""3"": 2}"
121,5,632,0.6325506577985168,0.6973785879095058,0.8322784810126582,"{""0"": 4, ""1"": 0, ""2"": 3, ""3"": 1, ""4"": 2}"
121,6,632,0.9399661049080685,0.9251339669858846,0.9731012658227848,"{""0"": 5, ""1"": 3, ""2"": 1, ""3"": 4, ""4"": 0, ""5"": 2}"
122,2,632,0.17214423732106174,0.22692303875061634,0.7088607594936709,"{""0"": 0, ""1"": 1}"
122,3,632,1.0,1.0,1.0,"{""0"": 0, ""1"": 1, ""2"": 2}"
122,4,632,0.9904682214802034,0.9871848641124167,0.9968354430379747,"{""0"": 3, ""1"": 2, ""2"": 1, ""3"": 0}"
122,5,632,0.46195689533008255,0.579774938771457,0.6819620253164557,"{""0"": 1, ""1"": 2, ""2"": 3, ""3"": 4, ""4"": 0}"
122,6,632,0.9227301786138973,0.9173839777450258,0.9651898734177216,"{""0"": 5, ""1"": 2, ""2"": 0, ""3"": 4, ""4"": 3, ""5"": 1}"
123,2,632,1.0,1.0,1.0,"{""0"": 1, ""1"": 0}"
123,3,632,0.9943648120621144,0.9898294261096886,0.9984177215189873,"{""0"": 0, ""1"": 1, ""2"": 2}"
123,4,632,0.9721767939752533,0.9660800761704279,0.990506329113924,"{""0"": 2, ""1"": 0, ""2"": 3, ""3"": 1}"
123,5,632,0.626436399581752,0.6887455238750784,0.805379746835443,"{""0"": 2, ""1"": 0, ""2"": 4, ""3"": 3, ""4"": 1}"
123,6,632,0.8560726060787853,0.8733007188016175,0.9367088607594937,"{""0"": 3, ""1"": 1, ""2"": 2, ""3"": 0, ""4"": 4, ""5"": 5}"
124,2,632,0.9936708722291195,0.9845476369840697,0.9984177215189873,"{""0"": 0, ""1"": 1}"
124,3,632,0.9409140092112117,0.9109795473929705,0.9810126582278481,"{""0"": 1, ""1"": 2, ""2"": 0}"
124,4,632,0.9681086103238659,0.956263583460577,0.9889240506329114,"{""0"": 3, ""1"": 2, ""2"": 0, ""3"": 1}"
124,5,632,0.6993911505042876,0.7344689018304242,0.8575949367088608,"{""0"": 1, ""1"": 0, ""2"": 4, ""3"": 3, ""4"": 2}"
124,6,632,0.7155008153505956,0.7720494203228361,0.8623417721518988,"{""0"": 4, ""1"": 2, ""2"": 1, ""3"": 0, ""4"": 5, ""5"": 3}"
125,2,632,0.9936708818950358,0.9845542661058769,0.9984177215189873,"{""0"": 1, ""1"": 0}"
125,3,632,0.9696231220794443,0.9416327459963733,0.9889240506329114,"{""0"": 0, ""1"": 1, ""2"": 2}"
125,4,632,0.982820176132349,0.9731210216117518,0.9936708860759493,"{""0"": 1, ""1"": 3, ""2"": 2, ""3"": 0}"
125,5,632,0.7484249762868357,0.7859708617480211,0.8908227848101266,"{""0"": 0, ""1"": 1, ""2"": 3, ""3"": 4, ""4"": 2}"
125,6,632,0.5347115940874811,0.6426122655292946,0.685126582278481,"{""0"": 5, ""1"": 3, ""2"": 1, ""3"": 0, ""4"": 2, ""5"": 4}"
126,2,632,0.9873617324240764,0.972242696739464,0.9968354430379747,"{""0"": 0, ""1"": 1}"
126,3,632,0.7776277807423452,0.7635391403604785,0.9287974683544303,"{""0"": 1, ""1"": 2, ""2"": 0}"
126,4,632,0.9211687035088013,0.8972621496231591,0.9715189873417721,"{""0"": 3, ""1"": 0, ""2"": 2, ""3"": 1}"
126,5,632,0.9414958843773206,0.9320132921068799,0.9778481012658228,"{""0"": 0, ""1"": 1, ""2"": 3, ""3"": 2, ""4"": 4}"
126,6,632,0.7712862635052997,0.7837011449179684,0.8987341772151899,"{""0"": 4, ""1"": 3, ""2"": 1, ""3"": 2, ""4"": 5, ""5"": 0}"
127,2,632,0.974803885403192,0.9446488675557404,0.9936708860759493,"{""0"": 0, ""1"": 1}"
127,3,632,0.9731822053524748,0.9483309280243101,0.990506329113924,"{""0"": 2, ""1"": 1, ""2"": 0}"
127,4,632,0.8992536675539761,0.8831875240128537,0.9636075949367089,"{""0"": 2, ""1"": 0, ""2"": 1, ""3"": 3}"
127,5,632,0.8712766576220047,0.8595312620931918,0.9477848101265823,"{""0"": 1, ""1"": 0, ""2"": 3, ""3"": 2, ""4"": 4}"
127,6,632,0.4856368573728175,0.6136634498392527,0.6439873417721519,"{""0"": 5, ""1"": 2, ""2"": 3, ""3"": 0, ""4"": 4, ""5"": 1}"
128,2,632,1.0,1.0,1.0,"{""0"": 0, ""1"": 1}"
128,3,632,0.973623012590585,0.9498246404714137,0.990506329113924,"{""0"": 0, ""1"": 2, ""2"": 1}"
128,4,632,0.9183714245811759,0.9079742063095604,0.9715189873417721,"{""0"": 3, ""1"": 2, ""2"": 0, ""3"": 1}"
128,5,632,0.531083443370155,0.6455943750933807,0.7705696202531646,"{""0"": 1, ""1"": 4, ""2"": 3, ""3"": 0, ""4"": 2}"
128,6,632,0.7384478873556654,0.792725681357542,0.884493670886076,"{""0"": 0, ""1"": 3, ""2"": 2, ""3"": 4, ""4"": 1, ""5"": 5}"
129,2,632,0.14666886049990202,0.21123731453998706,0.6930379746835443,"{""0"": 1, ""1"": 0}"
129,3,632,0.9776200452160276,0.9679414295815509,0.9936708860759493,"{""0"": 1, ""1"": 2, ""2"": 0}"
129,4,632,0.9773150291558746,0.9679333849212532,0.9920886075949367,"{""0"": 1, ""1"": 0, ""2"": 3, ""3"": 2}"
129,5,632,0.621464362011426,0.675051074680855,0.7974683544303798,"{""0"": 4, ""1"": 2, ""2"": 0, ""3"": 3, ""4"": 1}"
129,6,632,0.6952620703953779,0.7539145436137759,0.8623417721518988,"{""0"": 4, ""1"": 2, ""2"": 5, ""3"": 1, ""4"": 0, ""5"": 3}"
130,2,632,0.9873616594697797,0.9722269838968309,0.9968354430379747,"{""0"": 1, ""1"": 0}"
130,3,632,0.9775769876875648,0.9678188032468379,0.9936708860759493,"{""0"": 1, ""1"": 0, ""2"": 2}"
130,4,632,0.992876740445397,0.9862471053530809,0.9968354430379747,"{""0"": 1, ""1"": 0, ""2"": 2, ""3"": 3}"
130,5,632,0.6842197800463778,0.7238738933038336,0.8481012658227848,"{""0"": 1, ""1"": 2, ""2"": 3, ""3"": 0, ""4"": 4}"
130,6,632,0.8155948232686988,0.8170427664240081,0.9082278481012658,"{""0"": 0, ""1"": 5, ""2"": 3, ""3"": 1, ""4"": 2, ""5"": 4}"
131,2,632,0.9873618279998477,0.9722811651523068,0.9968354430379747,"{""0"": 0, ""1"": 1}"
131,3,632,0.7635745387934665,0.7602985159194315,0.9224683544303798,"{""0"": 1, ""1"": 2, ""2"": 0}"
131,4,632,0.9337993987674548,0.9026747097796567,0.9731012658227848,"{""0"": 2, ""1"": 0, ""2"": 3, ""3"": 1}"
131,5,632,0.8922669134869786,0.8787923413617946,0.9572784810126582,"{""0"": 4, ""1"": 1, ""2"": 2, ""3"": 0, ""4"": 3}"
131,6,632,0.5101224470071324,0.6265522514069874,0.7041139240506329,"{""0"": 1, ""1"": 5, ""2"": 3, ""3"": 4, ""4"": 2, ""5"": 0}"
132,2,632,1.0,1.0,1.0,"{""0"": 0, ""1"": 1}"
132,3,632,0.9866239892098944,0.9707623145612659,0.995253164556962,"{""0"": 0, ""1"": 2, ""2"": 1}"
132,4,632,0.9574152291716077,0.953919188065531,0.9857594936708861,"{""0"": 1, ""1"": 3, ""2"": 2, ""3"": 0}"
132,5,632,0.6193430210100658,0.6820784299786935,0.7990506329113924,"{""0"": 0, ""1"": 2, ""2"": 3, ""3"": 4, ""4"": 1}"
132,6,632,0.4744607449597117,0.6043775588446154,0.6487341772151899,"{""0"": 0, ""1"": 2, ""2"": 3, ""3"": 4, ""4"": 5, ""5"": 1}"
133,2,632,0.9748037706223344,0.9508465064033694,0.9936708860759493,"{""0"": 0, ""1"": 1}"
133,3,632,1.0,1.0,1.0,"{""0"": 1, ""1"": 0, ""2"": 2}"
133,4,632,0.9461416133670826,0.9374246527760357,0.9810126582278481,"{""0"": 1, ""1"": 2, ""2"": 0, ""3"": 3}"
133,5,632,0.6272807187513523,0.6798445756655094,0.8037974683544303,"{""0"": 2, ""1"": 1, ""2"": 0, ""3"": 4, ""4"": 3}"
133,6,632,0.8604324855135461,0.8610670852448848,0.9319620253164557,"{""0"": 3, ""1"": 1, ""2"": 5, ""3"": 0, ""4"": 2, ""5"": 4}"
134,2,632,1.0,1.0,1.0,"{""0"": 0, ""1"": 1}"
134,3,632,0.7917481488920981,0.8002812999990367,0.935126582278481,"{""0"": 0, ""1"": 1, ""2"": 2}"
134,4,632,0.9516761584298551,0.9441933323147589,0.9825949367088608,"{""0"": 0, ""1"": 2, ""2"": 1, ""3"": 3}"
134,5,632,0.6718593903553036,0.714991269626963,0.8528481012658228,"{""0"": 0, ""1"": 4, ""2"": 1, ""3"": 2, ""4"": 3}"
134,6,632,0.8692276561346299,0.8647647896160039,0.939873417721519,"{""0"": 5, ""1"": 0, ""2"": 4, ""3"": 1, ""4"": 2, ""5"": 3}"
135,2,632,0.9810728351286353,0.9568557321293776,0.995253164556962,"{""0"": 1, ""1"": 0}"
135,3,632,0.880398670175579,0.8627206992919574,0.9636075949367089,"{""0"": 1, ""1"": 0, ""2"": 2}"
135,4,632,0.9580151594464857,0.941675502678785,0.9841772151898734,"{""0"": 2, ""1"": 0, ""2"": 1, ""3"": 3}"
135,5,632,0.6253398022723207,0.6715012287126985,0.8037974683544303,"{""0"": 1, ""1"": 0, ""2"": 4, ""3"": 3, ""4"": 2}"
135,6,632,0.9893935871705762,0.9846643389134363,0.995253164556962,"{""0"": 4, ""1"": 2, ""2"": 5, ""3"": 1, ""4"": 0, ""5"": 3}"
136,2,632,1.0,1.0,1.0,"{""0"": 0, ""1"": 1}"
136,3,632,0.8403457796306681,0.8249860622954867,0.9493670886075949,"{""0"": 1, ""1"": 0, ""2"": 2}"
136,4,632,0.944292008281616,0.9384789459940509,0.9810126582278481,"{""0"": 0, ""1"": 1, ""2"": 3, ""3"": 2}"
136,5,632,0.6319950256703497,0.6942534413516025,0.810126582278481,"{""0"": 4, ""1"": 0, ""2"": 1, ""3"": 3, ""4"": 2}"
136,6,632,0.7967279912779505,0.8253019826818946,0.9018987341772152,"{""0"": 0, ""1"": 4, ""2"": 5, ""3"": 3, ""4"": 2, ""5"": 1}"
137,2,632,1.0,1.0,1.0,"{""0"": 1, ""1"": 0}"
137,3,632,0.962364233288349,0.9318172443707721,0.9873417721518988,"{""0"": 1, ""1"": 0, ""2"": 2}"
137,4,632,0.9230700328408628,0.9160358427761632,0.9731012658227848,"{""0"": 2, ""1"": 0, ""2"": 3, ""3"": 1}"
137,5,632,0.8708570266623109,0.8611896293474707,0.9493670886075949,"{""0"": 1, ""1"": 2, ""2"": 3, ""3"": 4, ""4"": 0}"
137,6,632,0.7722096340712464,0.8094672961555823,0.9034810126582279,"{""0"": 4, ""1"": 0, ""2"": 2, ""3"": 3, ""4"": 1, ""5"": 5}"
138,2,632,0.9623219514479459,0.9252965513825613,0.990506329113924,"{""0"": 1, ""1"": 0}"
138,3,632,0.9776145145824162,0.9675886753629237,0.9936708860759493,"{""0"": 0, ""1"": 2, ""2"": 1}"
138,4,632,0.9450052057665546,0.9240227868151988,0.9794303797468354,"{""0"": 0, ""1"": 3, ""2"": 1, ""3"": 2}"
138,5,632,0.6090966486071345,0.6705517802849416,0.8037974683544303,"{""0"": 4, ""1"": 0, ""2"": 3, ""3"": 1, ""4"": 2}"
138,6,632,0.9025239967276886,0.8959308789127093,0.9572784810126582,"{""0"": 0, ""1"": 1, ""2"": 4, ""3"": 2, ""4"": 5, ""5"": 3}"
139,2,632,0.9873618334112892,0.9722911154449129,0.9968354430379747,"{""0"": 1, ""1"": 0}"
139,3,632,0.9647617081466379,0.9336922057276081,0.9857594936708861,"{""0"": 0, ""1"": 1, ""2"": 2}"
139,4,632,0.9462587617336117,0.9289026931345155,0.9810126582278481,"{""0"": 3, ""1"": 1, ""2"": 2, ""3"": 0}"
139,5,632,0.9036361738396644,0.8907471305975516,0.9620253164556962,"{""0"": 2, ""1"": 4, ""2"": 0, ""3"": 1, ""4"": 3}"
139,6,632,0.8733688001725568,0.8708115447879722,0.9430379746835443,"{""0"": 4, ""1"": 2, ""2"": 3, ""3"": 5, ""4"": 0, ""5"": 1}"
140,2,632,0.9748033589235925,0.9456414597847436,0.9936708860759493,"{""0"": 0, ""1"": 1}"
140,3,632,0.9832317145766724,0.974695484952598,0.995253164556962,"{""0"": 0, ""1"": 1, ""2"": 2}"
140,4,632,1.0,1.0,1.0,"{""0"": 3, ""1"": 0, ""2"": 1, ""3"": 2}"
140,5,632,0.9129931339262986,0.9121589523685856,0.9667721518987342,"{""0"": 4, ""1"": 1, ""2"": 2, ""3"": 3, ""4"": 0}"
140,6,632,0.8834812721319338,0.8988408055670934,0.9462025316455697,"{""0"": 2, ""1"": 0, ""2"": 4, ""3"": 5, ""4"": 3, ""5"": 1}"
141,2,632,0.981072802094499,0.9611826300568643,0.995253164556962,"{""0"": 0, ""1"": 1}"
141,3,632,0.9589894481297614,0.9302122323338244,0.9857594936708861,"{""0"": 1, ""1"": 2, ""2"": 0}"
141,4,632,0.9098999682255902,0.9023304982220426,0.9683544303797469,"{""0"": 1, ""1"": 3, ""2"": 0, ""3"": 2}"
141,5,632,0.7081721685158088,0.7386150202857076,0.8591772151898734,"{""0"": 2, ""1"": 1, ""2"": 3, ""3"": 0, ""4"": 4}"
141,6,632,0.7316383666234442,0.7653116250248349,0.879746835443038,"{""0"": 5, ""1"": 2, ""2"": 3, ""3"": 1, ""4"": 4, ""5"": 0}"
142,2,632,0.9936708858097872,0.984560085537352,0.9984177215189873,"{""0"": 1, ""1"": 0}"
142,3,632,1.0,1.0,1.0,"{""0"": 2, ""1"": 1, ""2"": 0}"
142,4,632,0.9655439969491901,0.9512961110313981,0.9873417721518988,"{""0"": 3, ""1"": 0, ""2"": 2, ""3"": 1}"
142,5,632,0.593109067066488,0.6535683525327339,0.7721518987341772,"{""0"": 2, ""1"": 1, ""2"": 3, ""3"": 4, ""4"": 0}"
142,6,632,0.5016697271942667,0.6192356287890979,0.6835443037974683,"{""0"": 4, ""1"": 5, ""2"": 1, ""3"": 0, ""4"": 3, ""5"": 2}"
143,2,632,0.9561175083180352,0.923049410116714,0.9889240506329114,"{""0"": 0, ""1"": 1}"
143,3,632,0.9831938242318605,0.9668703552286001,0.9936708860759493,"{""0"": 1, ""1"": 0, ""2"": 2}"
143,4,632,0.9557620460084294,0.9403987242497354,0.9841772151898734,"{""0"": 3, ""1"": 1, ""2"": 2, ""3"": 0}"
143,5,632,0.7384356414322307,0.7691116908296093,0.8829113924050633,"{""0"": 4, ""1"": 3, ""2"": 0, ""3"": 1, ""4"": 2}"
143,6,632,0.4835057775055762,0.5984409843022968,0.6503164556962026,"{""0"": 1, ""1"": 3, ""2"": 4, ""3"": 0, ""4"": 5, ""5"": 2}"
144,2,632,0.9873618317024134,0.9722996367512691,0.9968354430379747,"{""0"": 1, ""1"": 0}"
144,3,632,0.8749614247742034,0.8591125764842352,0.9620253164556962,"{""0"": 1, ""1"": 0, ""2"": 2}"
144,4,632,0.9178539901179473,0.9062043924159033,0.9699367088607594,"{""0"": 3, ""1"": 1, ""2"": 2, ""3"": 0}"
144,5,632,0.8176914957197366,0.8106405519084467,0.9256329113924051,"{""0"": 2, ""1"": 4, ""2"": 3, ""3"": 0, ""4"": 1}"
144,6,632,0.9478675369572749,0.933736233253147,0.9746835443037974,"{""0"": 3, ""1"": 0, ""2"": 2, ""3"": 1, ""4"": 4, ""5"": 5}"
145,2,632,0.16244202109143446,0.22344743507189707,0.7025316455696202,"{""0"": 0, ""1"": 1}"
145,3,632,0.8813593895693586,0.8657160660724543,0.9636075949367089,"{""0"": 0, ""1"": 2, ""2"": 1}"
145,4,632,0.9632345784683203,0.9552237106318713,0.9873417721518988,"{""0"": 1, ""1"": 3, ""2"": 2, ""3"": 0}"
145,5,632,0.6923165427307177,0.7436861856214653,0.8623417721518988,"{""0"": 2, ""1"": 1, ""2"": 3, ""3"": 0, ""4"": 4}"
145,6,632,0.5875086426648867,0.6832450086052657,0.7120253164556962,"{""0"": 0, ""1"": 5, ""2"": 3, ""3"": 4, ""4"": 1, ""5"": 2}"
146,2,632,0.9873618284575826,0.9691439543920005,0.9968354430379747,"{""0"": 1, ""1"": 0}"
146,3,632,0.9776739942589213,0.9681330444724624,0.9936708860759493,"{""0"": 1, ""1"": 0, ""2"": 2}"
146,4,632,0.9525797679877196,0.9392981600609639,0.9825949367088608,"{""0"": 1, ""1"": 3, ""2"": 0, ""3"": 2}"
146,5,632,0.6995848597057783,0.742930045943967,0.8560126582278481,"{""0"": 3, ""1"": 2, ""2"": 4, ""3"": 1, ""4"": 0}"
146,6,632,0.9349845794588459,0.9223952799817479,0.9683544303797469,"{""0"": 3, ""1"": 5, ""2"": 1, ""3"": 0, ""4"": 4, ""5"": 2}"
147,2,632,1.0,1.0,1.0,"{""0"": 1, ""1"": 0}"
147,3,632,0.990641703386828,0.9803975978367817,0.9968354430379747,"{""0"": 0, ""1"": 2, ""2"": 1}"
147,4,632,0.9166040326886463,0.9034259971100403,0.9699367088607594,"{""0"": 0, ""1"": 1, ""2"": 3, ""3"": 2}"
147,5,632,0.8788788214476857,0.8791918151440689,0.9525316455696202,"{""0"": 3, ""1"": 2, ""2"": 0, ""3"": 1, ""4"": 4}"
147,6,632,0.49132572412697556,0.629418595367497,0.6566455696202531,"{""0"": 4, ""1"": 0, ""2"": 5, ""3"": 2, ""4"": 1, ""5"": 3}"
148,2,632,0.9810723854751676,0.9610974628119777,0.995253164556962,"{""0"": 0, ""1"": 1}"
148,3,632,0.98463209842237,0.9720721017512715,0.995253164556962,"{""0"": 1, ""1"": 2, ""2"": 0}"
148,4,632,0.9598189776784228,0.9477737607814264,0.9857594936708861,"{""0"": 2, ""1"": 0, ""2"": 3, ""3"": 1}"
148,5,632,0.8461785306003744,0.8656788722501193,0.9382911392405063,"{""0"": 3, ""1"": 2, ""2"": 1, ""3"": 4, ""4"": 0}"
148,6,632,0.5302732498094307,0.6267054837403053,0.6724683544303798,"{""0"": 3, ""1"": 1, ""2"": 2, ""3"": 4, ""4"": 0, ""5"": 5}"
149,2,632,1.0,1.0,1.0,"{""0"": 1, ""1"": 0}"
149,3,632,0.973402717046013,0.9580782701212999,0.9920886075949367,"{""0"": 1, ""1"": 2, ""2"": 0}"
149,4,632,0.9728376623466353,0.9633600165275882,0.990506329113924,"{""0"": 2, ""1"": 3, ""2"": 0, ""3"": 1}"
149,5,632,0.8015777697706242,0.8104555568714014,0.9161392405063291,"{""0"": 2, ""1"": 0, ""2"": 4, ""3"": 3, ""4"": 1}"
149,6,632,0.4999283662346222,0.6207725468462522,0.6598101265822784,"{""0"": 2, ""1"": 5, ""2"": 0, ""3"": 1, ""4"": 3, ""5"": 4}"
150,2,632,0.9936708547947374,0.984540195442337,0.9984177215189873,"{""0"": 1, ""1"": 0}"
150,3,632,0.991594423631002,0.9831835519486166,0.9968354430379747,"{""0"": 1, ""1"": 0, ""2"": 2}"
150,4,632,0.9324584413541119,0.9127543708815495,0.9746835443037974,"{""0"": 3, ""1"": 2, ""2"": 0, ""3"": 1}"
150,5,632,0.8262178147005087,0.8321428388221318,0.9287974683544303,"{""0"": 2, ""1"": 0, ""2"": 4, ""3"": 3, ""4"": 1}"
150,6,632,0.46783792520916184,0.5964805588735448,0.6360759493670886,"{""0"": 3, ""1"": 0, ""2"": 2, ""3"": 1, ""4"": 4, ""5"": 5}"
151,2,632,0.9376115972802199,0.89828862604767,0.9841772151898734,"{""0"": 0, ""1"": 1}"
151,3,632,0.980896560520292,0.9616218102510453,0.9920886075949367,"{""0"": 2, ""1"": 1, ""2"": 0}"
151,4,632,0.9526861139622821,0.930469098969174,0.9810126582278481,"{""0"": 2, ""1"": 0, ""2"": 1, ""3"": 3}"
151,5,632,0.6689008222870257,0.7075180468211867,0.8433544303797469,"{""0"": 3, ""1"": 1, ""2"": 0, ""3"": 2, ""4"": 4}"
151,6,632,0.9331534295872037,0.9248366570172283,0.9683544303797469,"{""0"": 3, ""1"": 1, ""2"": 5, ""3"": 4, ""4"": 2, ""5"": 0}"
152,2,632,1.0,1.0,1.0,"{""0"": 0, ""1"": 1}"
152,3,632,0.908155486831488,0.8960377330966659,0.9731012658227848,"{""0"": 2, ""1"": 0, ""2"": 1}"
152,4,632,0.973431567752866,0.9609121676216063,0.990506329113924,"{""0"": 1, ""1"": 3, ""2"": 2, ""3"": 0}"
152,5,632,0.7727714406290803,0.7881359881210088,0.9034810126582279,"{""0"": 0, ""1"": 2, ""2"": 3, ""3"": 1, ""4"": 4}"
152,6,632,0.8309596223026531,0.8298434171098611,0.9208860759493671,"{""0"": 2, ""1"": 4, ""2"": 0, ""3"": 5, ""4"": 1, ""5"": 3}"
153,2,632,0.9873617816565615,0.9722569607566607,0.9968354430379747,"{""0"": 0, ""1"": 1}"
153,3,632,0.9350419844941222,0.9072557994170074,0.9794303797468354,"{""0"": 1, ""1"": 2, ""2"": 0}"
153,4,632,0.9609923534062711,0.9436597085527698,0.9857594936708861,"{""0"": 2, ""1"": 0, ""2"": 1, ""3"": 3}"
153,5,632,0.6307327388941159,0.688022799510662,0.8022151898734177,"{""0"": 0, ""1"": 4, ""2"": 2, ""3"": 1, ""4"": 3}"
153,6,632,0.5179330764200178,0.6388320167527379,0.6645569620253164,"{""0"": 5, ""1"": 0, ""2"": 1, ""3"": 4, ""4"": 3, ""5"": 2}"
154,2,632,0.9810728351286353,0.9568557321293776,0.995253164556962,"{""0"": 0, ""1"": 1}"
154,3,632,1.0,1.0,1.0,"{""0"": 0, ""1"": 1, ""2"": 2}"
154,4,632,0.964668942602558,0.9484448309936522,0.9873417721518988,"{""0"": 3, ""1"": 1, ""2"": 0, ""3"": 2}"
154,5,632,0.6196463600105272,0.6886204248571732,0.7927215189873418,"{""0"": 0, ""1"": 1, ""2"": 3, ""3"": 4, ""4"": 2}"
154,6,632,0.880046882747335,0.8810669011248098,0.9462025316455697,"{""0"": 0, ""1"": 4, ""2"": 1, ""3"": 2, ""4"": 3, ""5"": 5}"
155,2,632,0.9748039112794388,0.9509097536738604,0.9936708860759493,"{""0"": 1, ""1"": 0}"
155,3,632,0.933111039594512,0.9031634194340236,0.9794303797468354,"{""0"": 0, ""1"": 1, ""2"": 2}"
155,4,632,0.9668106560593162,0.9505077391474136,0.9873417721518988,"{""0"": 0, ""1"": 1, ""2"": 2, ""3"": 3}"
155,5,632,0.7378322944572434,0.7594534096983032,0.8860759493670886,"{""0"": 1, ""1"": 0, ""2"": 3, ""3"": 4, ""4"": 2}"
155,6,632,0.9249036964657407,0.9131950031992743,0.9667721518987342,"{""0"": 0, ""1"": 3, ""2"": 2, ""3"": 5, ""4"": 1, ""5"": 4}"
156,2,632,1.0,1.0,1.0,"{""0"": 1, ""1"": 0}"
156,3,632,0.9943866278659597,0.9898481993923639,0.9984177215189873,"{""0"": 1, ""1"": 0, ""2"": 2}"
156,4,632,0.9818776356879173,0.9745056385588546,0.9936708860759493,"{""0"": 0, ""1"": 1, ""2"": 2, ""3"": 3}"
156,5,632,0.6030476393850408,0.7149137953767708,0.8117088607594937,"{""0"": 0, ""1"": 4, ""2"": 3, ""3"": 2, ""4"": 1}"
156,6,632,0.869986995186928,0.8817092302402566,0.9382911392405063,"{""0"": 4, ""1"": 2, ""2"": 1, ""3"": 0, ""4"": 3, ""5"": 5}"
157,2,632,0.16625484207660746,0.23920726325442998,0.7056962025316456,"{""0"": 0, ""1"": 1}"
157,3,632,0.9776692946928016,0.967880599572237,0.9936708860759493,"{""0"": 2, ""1"": 1, ""2"": 0}"
157,4,632,0.9382118417576478,0.9220439701757509,0.9778481012658228,"{""0"": 2, ""1"": 3, ""2"": 0, ""3"": 1}"
157,5,632,0.5872914188220107,0.6465051429888411,0.7768987341772152,"{""0"": 0, ""1"": 2, ""2"": 3, ""3"": 4, ""4"": 1}"
157,6,632,0.9481792839558568,0.9425788869918594,0.9794303797468354,"{""0"": 4, ""1"": 0, ""2"": 2, ""3"": 3, ""4"": 1, ""5"": 5}"
158,2,632,0.9873617816565615,0.9722569607566607,0.9968354430379747,"{""0"": 0, ""1"": 1}"
158,3,632,0.9924366529433739,0.9834522626749789,0.9968354430379747,"{""0"": 1, ""1"": 2, ""2"": 0}"
158,4,632,0.9680547283576357,0.9591546299220042,0.9889240506329114,"{""0"": 0, ""1"": 1, ""2"": 3, ""3"": 2}"
158,5,632,0.9034442203970716,0.8953667389045384,0.9620253164556962,"{""0"": 2, ""1"": 3, ""2"": 1, ""3"": 4, ""4"": 0}"
158,6,632,0.9217589584753241,0.9061932688844017,0.9636075949367089,"{""0"": 5, ""1"": 2, ""2"": 3, ""3"": 4, ""4"": 1, ""5"": 0}"
159,2,632,0.9873610156614434,0.9721495055363196,0.9968354430379747,"{""0"": 1, ""1"": 0}"
159,3,632,0.9794027172366976,0.9572918060176681,0.9920886075949367,"{""0"": 0, ""1"": 1, ""2"": 2}"
159,4,632,0.965461709920767,0.9451800823411196,0.9857594936708861,"{""0"": 1, ""1"": 0, ""2"": 3, ""3"": 2}"
159,5,632,0.6300367184406246,0.7021043002874351,0.8117088607594937,"{""0"": 2, ""1"": 4, ""2"": 0, ""3"": 3, ""4"": 1}"
159,6,632,0.9067080767415413,0.9035862399489215,0.9572784810126582,"{""0"": 2, ""1"": 0, ""2"": 5, ""3"": 1, ""4"": 4, ""5"": 3}"
160,2,632,0.9748029334610598,0.9507268603797345,0.9936708860759493,"{""0"": 0, ""1"": 1}"
160,3,632,0.9759180465976673,0.9578652379756867,0.9920886075949367,"{""0"": 0, ""1"": 2, ""2"": 1}"
160,4,632,0.9225200286140841,0.9101365431378609,0.9731012658227848,"{""0"": 1, ""1"": 0, ""2"": 2, ""3"": 3}"
160,5,632,0.6502342926207925,0.7014462370089491,0.8386075949367089,"{""0"": 1, ""1"": 2, ""2"": 3, ""3"": 0, ""4"": 4}"
160,6,632,0.6000429209772408,0.6984505434076285,0.7231012658227848,"{""0"": 2, ""1"": 0, ""2"": 3, ""3"": 1, ""4"": 4, ""5"": 5}"
161,2,632,0.9936708818950358,0.9845542661058769,0.9984177215189873,"{""0"": 0, ""1"": 1}"
161,3,632,0.9734938306064392,0.9548520461641933,0.9920886075949367,"{""0"": 1, ""1"": 2, ""2"": 0}"
161,4,632,0.9552322287240375,0.9475130587381755,0.9841772151898734,"{""0"": 3, ""1"": 1, ""2"": 0, ""3"": 2}"
161,5,632,0.7026606322927488,0.7527239811263247,0.865506329113924,"{""0"": 2, ""1"": 1, ""2"": 3, ""3"": 0, ""4"": 4}"
161,6,632,0.5449211028836012,0.6514857971759839,0.689873417721519,"{""0"": 3, ""1"": 1, ""2"": 5, ""3"": 2, ""4"": 4, ""5"": 0}"
162,2,632,1.0,1.0,1.0,"{""0"": 0, ""1"": 1}"
162,3,632,1.0,1.0,1.0,"{""0"": 2, ""1"": 0, ""2"": 1}"
162,4,632,0.9604551268500613,0.9450607898739978,0.9857594936708861,"{""0"": 1, ""1"": 2, ""2"": 3, ""3"": 0}"
162,5,632,0.6131297909227922,0.6687018657228263,0.7895569620253164,"{""0"": 0, ""1"": 1, ""2"": 2, ""3"": 3, ""4"": 4}"
162,6,632,0.8721151855108517,0.8620577942131583,0.9414556962025317,"{""0"": 3, ""1"": 5, ""2"": 1, ""3"": 4, ""4"": 0, ""5"": 2}"
163,2,632,0.9873618317977748,0.9722863191620774,0.9968354430379747,"{""0"": 1, ""1"": 0}"
163,3,632,0.9824787910198144,0.9636855978124804,0.9936708860759493,"{""0"": 0, ""1"": 1, ""2"": 2}"
163,4,632,0.9336492265007301,0.9249670548154989,0.9762658227848101,"{""0"": 0, ""1"": 1, ""2"": 2, ""3"": 3}"
163,5,632,0.6369374372575799,0.7280723579238034,0.8338607594936709,"{""0"": 4, ""1"": 3, ""2"": 0, ""3"": 2, ""4"": 1}"
163,6,632,0.6946296160759129,0.7411252860987295,0.8607594936708861,"{""0"": 5, ""1"": 1, ""2"": 2, ""3"": 4, ""4"": 0, ""5"": 3}"
164,2,632,0.9623261903450624,0.9318842906771503,0.990506329113924,"{""0"": 0, ""1"": 1}"
164,3,632,0.9765609458408703,0.9535886969563548,0.990506329113924,"{""0"": 1, ""1"": 2, ""2"": 0}"
164,4,632,0.952254236760897,0.9328629753254188,0.9810126582278481,"{""0"": 0, ""1"": 1, ""2"": 2, ""3"": 3}"
164,5,632,0.6016857386563613,0.6652275528204369,0.7863924050632911,"{""0"": 3, ""1"": 0, ""2"": 1, ""3"": 2, ""4"": 4}"
164,6,632,0.49102795187320813,0.6243373307265268,0.685126582278481,"{""0"": 3, ""1"": 1, ""2"": 2, ""3"": 0, ""4"": 4, ""5"": 5}"
165,2,632,0.9936708722291195,0.9845476369840697,0.9984177215189873,"{""0"": 0, ""1"": 1}"
165,3,632,0.9531791676556114,0.9229682530714074,0.9841772151898734,"{""0"": 2, ""1"": 1, ""2"": 0}"
165,4,632,0.9771580607919905,0.9693877153422282,0.9920886075949367,"{""0"": 1, ""1"": 2, ""2"": 0, ""3"": 3}"
165,5,632,0.6392755927871361,0.6870858016891646,0.8069620253164557,"{""0"": 1, ""1"": 3, ""2"": 0, ""3"": 2, ""4"": 4}"
165,6,632,0.5153224388633398,0.6304929830482785,0.6645569620253164,"{""0"": 4, ""1"": 0, ""2"": 5, ""3"": 1, ""4"": 3, ""5"": 2}"
166,2,632,0.17776886602942946,0.23916264688450484,0.7120253164556962,"{""0"": 0, ""1"": 1}"
166,3,632,0.9870113167779639,0.9735035266167219,0.995253164556962,"{""0"": 2, ""1"": 1, ""2"": 0}"
166,4,632,0.9637366065923314,0.9525816407632236,0.9873417721518988,"{""0"": 1, ""1"": 2, ""2"": 0, ""3"": 3}"
166,5,632,0.45312592508620075,0.569602063235051,0.6439873417721519,"{""0"": 4, ""1"": 1, ""2"": 2, ""3"": 3, ""4"": 0}"
166,6,632,0.8963511045734492,0.8832021062118689,0.9477848101265823,"{""0"": 0, ""1"": 2, ""2"": 5, ""3"": 4, ""4"": 3, ""5"": 1}"
167,2,632,1.0,1.0,1.0,"{""0"": 0, ""1"": 1}"
167,3,632,0.9907141714013722,0.9804719448747394,0.9968354430379747,"{""0"": 0, ""1"": 1, ""2"": 2}"
167,4,632,0.9583166941087791,0.9579934656467817,0.9857594936708861,"{""0"": 0, ""1"": 3, ""2"": 2, ""3"": 1}"
167,5,632,0.6345973102460556,0.674541560590163,0.7974683544303798,"{""0"": 0, ""1"": 4, ""2"": 1, ""3"": 3, ""4"": 2}"
167,6,632,0.8367860944535931,0.8425947265471869,0.9224683544303798,"{""0"": 0, ""1"": 4, ""2"": 5, ""3"": 2, ""4"": 3, ""5"": 1}"
168,2,632,0.9810727796095887,0.9611737404243127,0.995253164556962,"{""0"": 1, ""1"": 0}"
168,3,632,0.971899635443848,0.9613276722216209,0.9920886075949367,"{""0"": 0, ""1"": 1, ""2"": 2}"
168,4,632,0.9773956709971603,0.9678885304668667,0.9920886075949367,"{""0"": 2, ""1"": 3, ""2"": 0, ""3"": 1}"
168,5,632,0.6453302359074476,0.7033377405365225,0.8164556962025317,"{""0"": 4, ""1"": 0, ""2"": 3, ""3"": 1, ""4"": 2}"
168,6,632,0.5041835725135745,0.6318961840518801,0.6582278481012658,"{""0"": 5, ""1"": 3, ""2"": 2, ""3"": 0, ""4"": 4, ""5"": 1}"
169,2,632,0.9936708273299782,0.984531938410481,0.9984177215189873,"{""0"": 1, ""1"": 0}"
169,3,632,0.9885119538078327,0.9738691049813892,0.995253164556962,"{""0"": 0, ""1"": 1, ""2"": 2}"
169,4,632,0.9383532593929443,0.9242522219154283,0.9778481012658228,"{""0"": 3, ""1"": 0, ""2"": 2, ""3"": 1}"
169,5,632,0.6458752821883794,0.69329061812716,0.8164556962025317,"{""0"": 4, ""1"": 0, ""2"": 2, ""3"": 3, ""4"": 1}"
169,6,632,0.947908372672393,0.9399398916531404,0.9778481012658228,"{""0"": 2, ""1"": 4, ""2"": 3, ""3"": 5, ""4"": 1, ""5"": 0}"
170,2,632,0.9873618258027198,0.9723067325471408,0.9968354430379747,"{""0"": 0, ""1"": 1}"
170,3,632,0.9740438688087978,0.9592077537126195,0.9920886075949367,"{""0"": 2, ""1"": 0, ""2"": 1}"
170,4,632,0.9563707032188539,0.9432318731967366,0.9841772151898734,"{""0"": 0, ""1"": 2, ""2"": 3, ""3"": 1}"
170,5,632,0.6380496313091529,0.6953546105458163,0.8164556962025317,"{""0"": 4, ""1"": 0, ""2"": 3, ""3"": 1, ""4"": 2}"
170,6,632,0.9430023968029548,0.9285946432513232,0.9731012658227848,"{""0"": 2, ""1"": 5, ""2"": 4, ""3"": 3, ""4"": 1, ""5"": 0}"
171,2,632,0.9936707873282496,0.9845228624743079,0.9984177215189873,"{""0"": 1, ""1"": 0}"
171,3,632,0.9436871168171079,0.9179859197909582,0.9825949367088608,"{""0"": 1, ""1"": 2, ""2"": 0}"
171,4,632,0.8827896754391813,0.8842524101525693,0.9572784810126582,"{""0"": 3, ""1"": 1, ""2"": 2, ""3"": 0}"
171,5,632,0.9342168000725055,0.9173444344137031,0.9746835443037974,"{""0"": 4, ""1"": 3, ""2"": 2, ""3"": 1, ""4"": 0}"
171,6,632,0.4837737850691819,0.5784670173400374,0.6582278481012658,"{""0"": 5, ""1"": 3, ""2"": 2, ""3"": 4, ""4"": 1, ""5"": 0}"
172,2,632,0.9314831137368141,0.8829155706037595,0.9825949367088608,"{""0"": 1, ""1"": 0}"
172,3,632,0.9865387626376889,0.9709840790871468,0.995253164556962,"{""0"": 0, ""1"": 2, ""2"": 1}"
172,4,632,0.9513094190038741,0.94074336936789,0.9825949367088608,"{""0"": 2, ""1"": 1, ""2"": 0, ""3"": 3}"
172,5,632,0.627987514442926,0.7112556974778078,0.8275316455696202,"{""0"": 2, ""1"": 3, ""2"": 1, ""3"": 4, ""4"": 0}"
172,6,632,0.9408594807805691,0.9275552601960649,0.9699367088607594,"{""0"": 3, ""1"": 1, ""2"": 4, ""3"": 0, ""4"": 5, ""5"": 2}"
173,2,632,0.9499286987235687,0.9077568780425933,0.9873417721518988,"{""0"": 0, ""1"": 1}"
173,3,632,0.890691784660422,0.8715708049914278,0.9667721518987342,"{""0"": 0, ""1"": 1, ""2"": 2}"
173,4,632,0.9429411266717636,0.93371793751983,0.9794303797468354,"{""0"": 3, ""1"": 1, ""2"": 0, ""3"": 2}"
173,5,632,0.6732412526508758,0.6971480597264336,0.8401898734177216,"{""0"": 3, ""1"": 2, ""2"": 1, ""3"": 0, ""4"": 4}"
173,6,632,0.9182982536963111,0.9154673348228431,0.9667721518987342,"{""0"": 1, ""1"": 3, ""2"": 0, ""3"": 4, ""4"": 5, ""5"": 2}"
174,2,632,0.9936707617757824,0.9845180162551812,0.9984177215189873,"{""0"": 1, ""1"": 0}"
174,3,632,0.9851270488443359,0.9722851412747854,0.995253164556962,"{""0"": 0, ""1"": 2, ""2"": 1}"
174,4,632,0.847237694527077,0.8549527365224517,0.944620253164557,"{""0"": 2, ""1"": 0, ""2"": 1, ""3"": 3}"
174,5,632,0.4597576703435789,0.5908225474119132,0.6993670886075949,"{""0"": 2, ""1"": 3, ""2"": 1, ""3"": 4, ""4"": 0}"
174,6,632,0.7842444053263915,0.7974889650875644,0.8939873417721519,"{""0"": 2, ""1"": 3, ""2"": 5, ""3"": 0, ""4"": 1, ""5"": 4}"
175,2,632,1.0,1.0,1.0,"{""0"": 0, ""1"": 1}"
175,3,632,0.8907928118154447,0.8670769035492067,0.9667721518987342,"{""0"": 1, ""1"": 2, ""2"": 0}"
175,4,632,0.9909254905644033,0.9855064329824651,0.9968354430379747,"{""0"": 3, ""1"": 0, ""2"": 2, ""3"": 1}"
175,5,632,0.6578749281816818,0.7041823656171591,0.8354430379746836,"{""0"": 1, ""1"": 0, ""2"": 4, ""3"": 2, ""4"": 3}"
175,6,632,0.9816466974372566,0.9753269718166931,0.9920886075949367,"{""0"": 0, ""1"": 3, ""2"": 4, ""3"": 5, ""4"": 2, ""5"": 1}"
176,2,632,0.9873617989221709,0.9722635513107766,0.9968354430379747,"{""0"": 1, ""1"": 0}"
176,3,632,0.9717343127711019,0.9485189424783179,0.990506329113924,"{""0"": 1, ""1"": 2, ""2"": 0}"
176,4,632,0.9296161894630546,0.9094058604459885,0.9746835443037974,"{""0"": 3, ""1"": 0, ""2"": 1, ""3"": 2}"
176,5,632,0.5085974750437916,0.618658559915391,0.754746835443038,"{""0"": 0, ""1"": 4, ""2"": 3, ""3"": 1, ""4"": 2}"
176,6,632,0.5745903313862243,0.6641502019447104,0.7642405063291139,"{""0"": 4, ""1"": 5, ""2"": 0, ""3"": 3, ""4"": 2, ""5"": 1}"
177,2,632,1.0,1.0,1.0,"{""0"": 0, ""1"": 1}"
177,3,632,0.9943908046267379,0.9898951265010408,0.9984177215189873,"{""0"": 1, ""1"": 2, ""2"": 0}"
177,4,632,0.9629836270758341,0.9451853280494958,0.9857594936708861,"{""0"": 2, ""1"": 1, ""2"": 0, ""3"": 3}"
177,5,632,0.46997779536392437,0.6097329544430097,0.7120253164556962,"{""0"": 3, ""1"": 2, ""2"": 4, ""3"": 0, ""4"": 1}"
177,6,632,0.9482819662575322,0.9415534006594573,0.9778481012658228,"{""0"": 1, ""1"": 3, ""2"": 5, ""3"": 2, ""4"": 0, ""5"": 4}"
178,2,632,0.9936708722291195,0.9845476369840697,0.9984177215189873,"{""0"": 1, ""1"": 0}"
178,3,632,0.9689954279768395,0.9417310023277142,0.9873417721518988,"{""0"": 1, ""1"": 2, ""2"": 0}"
178,4,632,0.9739945183022166,0.9610873875888931,0.990506329113924,"{""0"": 2, ""1"": 3, ""2"": 0, ""3"": 1}"
178,5,632,0.8420050525812081,0.8336874388982329,0.935126582278481,"{""0"": 0, ""1"": 1, ""2"": 3, ""3"": 4, ""4"": 2}"
178,6,632,0.91825756344644,0.9025091530589056,0.9620253164556962,"{""0"": 2, ""1"": 5, ""2"": 4, ""3"": 0, ""4"": 1, ""5"": 3}"
179,2,632,1.0,1.0,1.0,"{""0"": 1, ""1"": 0}"
179,3,632,0.9864857893253771,0.9711345078573296,0.995253164556962,"{""0"": 2, ""1"": 1, ""2"": 0}"
179,4,632,0.9528616650303493,0.9315786060802609,0.9825949367088608,"{""0"": 3, ""1"": 0, ""2"": 2, ""3"": 1}"
179,5,632,0.6132527482018661,0.6726284784896893,0.7895569620253164,"{""0"": 1, ""1"": 2, ""2"": 0, ""3"": 3, ""4"": 4}"
179,6,632,0.47899687647986167,0.6117016238598959,0.6376582278481012,"{""0"": 0, ""1"": 3, ""2"": 4, ""3"": 5, ""4"": 2, ""5"": 1}"
180,2,632,0.9437602161099663,0.9062575889264162,0.9857594936708861,"{""0"": 0, ""1"": 1}"
180,3,632,0.9606515831992695,0.9354714208270433,0.9873417721518988,"{""0"": 2, ""1"": 1, ""2"": 0}"
180,4,632,0.9621781323311698,0.9412736763059666,0.9857594936708861,"{""0"": 0, ""1"": 1, ""2"": 3, ""3"": 2}"
180,5,632,0.8406253007840895,0.8480561486049144,0.9335443037974683,"{""0"": 4, ""1"": 1, ""2"": 3, ""3"": 0, ""4"": 2}"
180,6,632,0.4960061654655068,0.6147526743048033,0.6550632911392406,"{""0"": 0, ""1"": 3, ""2"": 4, ""3"": 2, ""4"": 1, ""5"": 5}"
181,2,632,0.9873615574218657,0.9722098157577119,0.9968354430379747,"{""0"": 0, ""1"": 1}"
181,3,632,0.9693997189296454,0.9413343322882842,0.9873417721518988,"{""0"": 1, ""1"": 0, ""2"": 2}"
181,4,632,0.9194102232021426,0.8956722191717962,0.9699367088607594,"{""0"": 2, ""1"": 0, ""2"": 1, ""3"": 3}"
181,5,632,0.6445652733335159,0.6980778319934728,0.8180379746835443,"{""0"": 2, ""1"": 0, ""2"": 1, ""3"": 4, ""4"": 3}"
181,6,632,0.523827228621297,0.6563442090373214,0.6724683544303798,"{""0"": 3, ""1"": 0, ""2"": 1, ""3"": 4, ""4"": 2, ""5"": 5}"
182,2,632,0.9936708646186224,0.9845440179495617,0.9984177215189873,"{""0"": 0, ""1"": 1}"
182,3,632,0.7637880258456761,0.7753884688263449,0.9256329113924051,"{""0"": 0, ""1"": 2, ""2"": 1}"
182,4,632,0.9507150855275076,0.9377031407437121,0.9825949367088608,"{""0"": 3, ""1"": 0, ""2"": 2, ""3"": 1}"
182,5,632,0.7050866068106203,0.7408295969780485,0.8575949367088608,"{""0"": 0, ""1"": 2, ""2"": 4, ""3"": 1, ""4"": 3}"
182,6,632,0.8315253736979707,0.8370492437033166,0.9193037974683544,"{""0"": 4, ""1"": 2, ""2"": 3, ""3"": 0, ""4"": 5, ""5"": 1}"
183,2,632,0.987361827027161,0.9691189073052543,0.9968354430379747,"{""0"": 0, ""1"": 1}"
183,3,632,0.9682489800138225,0.952087113290025,0.990506329113924,"{""0"": 2, ""1"": 0, ""2"": 1}"
183,4,632,0.9204119191019642,0.9133378525339199,0.9715189873417721,"{""0"": 0, ""1"": 1, ""2"": 2, ""3"": 3}"
183,5,632,0.6528666048543109,0.704080496929687,0.8275316455696202,"{""0"": 1, ""1"": 2, ""2"": 0, ""3"": 4, ""4"": 3}"
183,6,632,0.8354019422751027,0.838235602817716,0.9224683544303798,"{""0"": 4, ""1"": 2, ""2"": 1, ""3"": 3, ""4"": 5, ""5"": 0}"
184,2,632,0.9936708861740091,0.9845626923798214,0.9984177215189873,"{""0"": 0, ""1"": 1}"
184,3,632,0.9794132440146929,0.9654962133286727,0.9936708860759493,"{""0"": 1, ""1"": 0, ""2"": 2}"
184,4,632,0.9121465761948417,0.905846030315377,0.9683544303797469,"{""0"": 0, ""1"": 1, ""2"": 3, ""3"": 2}"
184,5,632,0.940706204993104,0.9267234750953974,0.9762658227848101,"{""0"": 0, ""1"": 2, ""2"": 3, ""3"": 4, ""4"": 1}"
184,6,632,0.45543080788766294,0.588628816276158,0.6376582278481012,"{""0"": 3, ""1"": 2, ""2"": 5, ""3"": 4, ""4"": 0, ""5"": 1}"
185,2,632,0.9873618258027198,0.9723067325471408,0.9968354430379747,"{""0"": 0, ""1"": 1}"
185,3,632,0.9683559031312694,0.9524209798217644,0.990506329113924,"{""0"": 2, ""1"": 1, ""2"": 0}"
185,4,632,0.9917959087624835,0.9859731023936396,0.9968354430379747,"{""0"": 2, ""1"": 1, ""2"": 0, ""3"": 3}"
185,5,632,0.9674486080096436,0.9549766384080587,0.9873417721518988,"{""0"": 2, ""1"": 1, ""2"": 3, ""3"": 0, ""4"": 4}"
185,6,632,0.773450121712778,0.8004038529693469,0.8987341772151899,"{""0"": 2, ""1"": 3, ""2"": 4, ""3"": 1, ""4"": 0, ""5"": 5}"
186,2,632,0.9748039099486182,0.9509329517801174,0.9936708860759493,"{""0"": 1, ""1"": 0}"
186,3,632,0.9887050223560622,0.9816686799825065,0.9968354430379747,"{""0"": 0, ""1"": 2, ""2"": 1}"
186,4,632,0.9584959509276969,0.9459226486137249,0.9857594936708861,"{""0"": 2, ""1"": 0, ""2"": 1, ""3"": 3}"
186,5,632,0.8735403703616914,0.8778932383452343,0.9493670886075949,"{""0"": 0, ""1"": 2, ""2"": 4, ""3"": 3, ""4"": 1}"
186,6,632,0.8866379189948386,0.8888124862263724,0.944620253164557,"{""0"": 2, ""1"": 1, ""2"": 4, ""3"": 3, ""4"": 0, ""5"": 5}"
187,2,632,0.9748037593469853,0.9445295651087291,0.9936708860759493,"{""0"": 0, ""1"": 1}"
187,3,632,0.7797156008810973,0.7704597387192379,0.9287974683544303,"{""0"": 2, ""1"": 0, ""2"": 1}"
187,4,632,0.8723713363182409,0.8481320516205586,0.9509493670886076,"{""0"": 0, ""1"": 1, ""2"": 3, ""3"": 2}"
187,5,632,0.6766680731217639,0.7293390850294614,0.8512658227848101,"{""0"": 3, ""1"": 4, ""2"": 2, ""3"": 1, ""4"": 0}"
187,6,632,0.47890518692629136,0.5900205526409816,0.6487341772151899,"{""0"": 1, ""1"": 4, ""2"": 2, ""3"": 3, ""4"": 0, ""5"": 5}"
188,2,632,0.949928835743722,0.9145032233312076,0.9873417721518988,"{""0"": 1, ""1"": 0}"
188,3,632,0.9464753204391378,0.9210597533639284,0.9825949367088608,"{""0"": 0, ""1"": 1, ""2"": 2}"
188,4,632,0.9178261213698,0.9019202026600409,0.9699367088607594,"{""0"": 3, ""1"": 1, ""2"": 0, ""3"": 2}"
188,5,632,0.8927081008219371,0.8840799617264045,0.9572784810126582,"{""0"": 1, ""1"": 3, ""2"": 0, ""3"": 4, ""4"": 2}"
188,6,632,0.844534010591828,0.8531564440270973,0.9335443037974683,"{""0"": 0, ""1"": 3, ""2"": 1, ""3"": 5, ""4"": 2, ""5"": 4}"
189,2,632,0.9748039074948381,0.9446116584829654,0.9936708860759493,"{""0"": 0, ""1"": 1}"
189,3,632,0.9832204797650902,0.9747099685105711,0.995253164556962,"{""0"": 2, ""1"": 0, ""2"": 1}"
189,4,632,0.9507166157393955,0.9367655678732326,0.9825949367088608,"{""0"": 1, ""1"": 3, ""2"": 0, ""3"": 2}"
189,5,632,0.7809567621465068,0.7907798785307412,0.9066455696202531,"{""0"": 4, ""1"": 1, ""2"": 0, ""3"": 2, ""4"": 3}"
189,6,632,0.8980052717826058,0.8996018457431354,0.9588607594936709,"{""0"": 4, ""1"": 3, ""2"": 1, ""3"": 2, ""4"": 0, ""5"": 5}"
190,2,632,0.9810728411916092,0.9612255204556784,0.995253164556962,"{""0"": 0, ""1"": 1}"
190,3,632,0.9322690946265648,0.9136232599289236,0.9794303797468354,"{""0"": 0, ""1"": 1, ""2"": 2}"
190,4,632,0.9688026883005313,0.960289637458427,0.9889240506329114,"{""0"": 3, ""1"": 2, ""2"": 1, ""3"": 0}"
190,5,632,0.5080378681458246,0.6341182948384625,0.75,"{""0"": 3, ""1"": 0, ""2"": 1, ""3"": 2, ""4"": 4}"
190,6,632,0.798848248286838,0.8251889036316881,0.9113924050632911,"{""0"": 3, ""1"": 4, ""2"": 1, ""3"": 5, ""4"": 2, ""5"": 0}"
191,2,632,1.0,1.0,1.0,"{""0"": 0, ""1"": 1}"
191,3,632,0.9924762280610718,0.9834172989298934,0.9968354430379747,"{""0"": 1, ""1"": 2, ""2"": 0}"
191,4,632,0.9863611981401161,0.9800691285214962,0.995253164556962,"{""0"": 1, ""1"": 2, ""2"": 3, ""3"": 0}"
191,5,632,0.8559665241525725,0.8570120348161725,0.9430379746835443,"{""0"": 0, ""1"": 3, ""2"": 2, ""3"": 1, ""4"": 4}"
191,6,632,0.9273983864705083,0.9298817833257578,0.9715189873417721,"{""0"": 3, ""1"": 4, ""2"": 5, ""3"": 1, ""4"": 0, ""5"": 2}"
192,2,632,0.1426094463194922,0.2192097644263538,0.689873417721519,"{""0"": 0, ""1"": 1}"
192,3,632,1.0,1.0,1.0,"{""0"": 2, ""1"": 1, ""2"": 0}"
192,4,632,0.9368634015890749,0.92139827945851,0.9778481012658228,"{""0"": 2, ""1"": 1, ""2"": 0, ""3"": 3}"
192,5,632,0.6746976484382028,0.710869058377843,0.8338607594936709,"{""0"": 2, ""1"": 0, ""2"": 4, ""3"": 3, ""4"": 1}"
192,6,632,0.8409745725521205,0.8440481981037943,0.9256329113924051,"{""0"": 0, ""1"": 2, ""2"": 3, ""3"": 4, ""4"": 1, ""5"": 5}"
193,2,632,0.9873618334112892,0.9722911154449129,0.9968354430379747,"{""0"": 0, ""1"": 1}"
193,3,632,1.0,1.0,1.0,"{""0"": 2, ""1"": 0, ""2"": 1}"
193,4,632,0.9695207045112184,0.9583375787282695,0.9889240506329114,"{""0"": 2, ""1"": 0, ""2"": 1, ""3"": 3}"
193,5,632,0.7231214282346077,0.7512002200226938,0.865506329113924,"{""0"": 2, ""1"": 3, ""2"": 1, ""3"": 4, ""4"": 0}"
193,6,632,0.9405602818917401,0.9362778995998183,0.9762658227848101,"{""0"": 0, ""1"": 1, ""2"": 5, ""3"": 3, ""4"": 4, ""5"": 2}"
194,2,632,0.9685550476804728,0.9411919272970658,0.9920886075949367,"{""0"": 1, ""1"": 0}"
194,3,632,0.9850395033270009,0.9723456970340936,0.995253164556962,"{""0"": 1, ""1"": 2, ""2"": 0}"
194,4,632,0.9515242675328064,0.9337471602065424,0.9825949367088608,"{""0"": 2, ""1"": 0, ""2"": 3, ""3"": 1}"
194,5,632,0.5043993175856455,0.6276416528437708,0.7325949367088608,"{""0"": 1, ""1"": 2, ""2"": 4, ""3"": 3, ""4"": 0}"
194,6,632,0.6928695887904411,0.7450498816313778,0.8386075949367089,"{""0"": 5, ""1"": 2, ""2"": 0, ""3"": 4, ""4"": 1, ""5"": 3}"
195,2,632,0.9748038739657118,0.9509592076181542,0.9936708860759493,"{""0"": 0, ""1"": 1}"
195,3,632,0.990550063635339,0.9805218866674491,0.9968354430379747,"{""0"": 0, ""1"": 1, ""2"": 2}"
195,4,632,0.964930474919723,0.947824370594291,0.9873417721518988,"{""0"": 3, ""1"": 1, ""2"": 0, ""3"": 2}"
195,5,632,0.49014503120625064,0.6053739283216577,0.7231012658227848,"{""0"": 0, ""1"": 4, ""2"": 3, ""3"": 1, ""4"": 2}"
195,6,632,0.8796702715978778,0.8646477597183476,0.9414556962025317,"{""0"": 5, ""1"": 0, ""2"": 4, ""3"": 3, ""4"": 2, ""5"": 1}"
196,2,632,0.9623259622013772,0.931819652736521,0.990506329113924,"{""0"": 1, ""1"": 0}"
196,3,632,0.9773015877277655,0.9555946951811604,0.9920886075949367,"{""0"": 1, ""1"": 0, ""2"": 2}"
196,4,632,0.9905548850856497,0.9855096104074447,0.9968354430379747,"{""0"": 3, ""1"": 1, ""2"": 2, ""3"": 0}"
196,5,632,0.5543455560491407,0.6674205791331785,0.7800632911392406,"{""0"": 1, ""1"": 4, ""2"": 3, ""3"": 0, ""4"": 2}"
196,6,632,0.8965885087922651,0.8979473838242304,0.9541139240506329,"{""0"": 0, ""1"": 4, ""2"": 5, ""3"": 3, ""4"": 1, ""5"": 2}"
197,2,632,0.9936708722291195,0.9845476369840697,0.9984177215189873,"{""0"": 0, ""1"": 1}"
197,3,632,0.8151134371719186,0.7954222225577994,0.9414556962025317,"{""0"": 0, ""1"": 2, ""2"": 1}"
197,4,632,0.9624456733406749,0.945842132486527,0.9857594936708861,"{""0"": 3, ""1"": 1, ""2"": 2, ""3"": 0}"
197,5,632,0.8140563171214461,0.8119584572040128,0.9240506329113924,"{""0"": 4, ""1"": 3, ""2"": 2, ""3"": 0, ""4"": 1}"
197,6,632,0.6681516828845194,0.7354803702423075,0.8354430379746836,"{""0"": 2, ""1"": 5, ""2"": 3, ""3"": 4, ""4"": 1, ""5"": 0}"
198,2,632,0.9873618220632775,0.9723097468047586,0.9968354430379747,"{""0"": 0, ""1"": 1}"
198,3,632,0.979413407827765,0.9655847370076752,0.9936708860759493,"{""0"": 1, ""1"": 0, ""2"": 2}"
198,4,632,0.954748111968178,0.9476078480077189,0.9841772151898734,"{""0"": 2, ""1"": 0, ""2"": 3, ""3"": 1}"
198,5,632,0.6177912681613458,0.6684645110247784,0.7990506329113924,"{""0"": 3, ""1"": 0, ""2"": 1, ""3"": 4, ""4"": 2}"
198,6,632,0.9341927611421947,0.9293115416710924,0.9746835443037974,"{""0"": 3, ""1"": 1, ""2"": 5, ""3"": 4, ""4"": 0, ""5"": 2}"
199,2,632,0.9936708722291195,0.9845476369840697,0.9984177215189873,"{""0"": 0, ""1"": 1}"
199,3,632,0.9754071470282538,0.9558258887872173,0.9920886075949367,"{""0"": 2, ""1"": 0, ""2"": 1}"
199,4,632,0.9616803686397468,0.9471086874821185,0.9857594936708861,"{""0"": 3, ""1"": 1, ""2"": 0, ""3"": 2}"
199,5,632,0.6244101789768912,0.6750249376976047,0.7895569620253164,"{""0"": 0, ""1"": 2, ""2"": 4, ""3"": 1, ""4"": 3}"
199,6,632,0.5973800999843004,0.6905162552946751,0.7784810126582279,"{""0"": 0, ""1"": 2, ""2"": 4, ""3"": 3, ""4"": 5, ""5"": 1}"
200,2,632,0.9936708844547795,0.9845572768755257,0.9984177215189873,"{""0"": 0, ""1"": 1}"
200,3,632,0.996254363136027,0.9906007138673114,0.9984177215189873,"{""0"": 1, ""1"": 0, ""2"": 2}"
200,4,632,0.9734478532214054,0.9608923481512452,0.990506329113924,"{""0"": 3, ""1"": 2, ""2"": 1, ""3"": 0}"
200,5,632,0.6813400888859189,0.7268936883403153,0.8433544303797469,"{""0"": 1, ""1"": 2, ""2"": 3, ""3"": 0, ""4"": 4}"
200,6,632,0.6110030268079852,0.7029847760318696,0.7341772151898734,"{""0"": 0, ""1"": 2, ""2"": 5, ""3"": 3, ""4"": 1, ""5"": 4}"
201,2,632,0.9253746151999341,0.8751730963620191,0.9810126582278481,"{""0"": 1, ""1"": 0}"
201,3,632,0.9830023401155814,0.9666621782347203,0.9936708860759493,"{""0"": 0, ""1"": 2, ""2"": 1}"
201,4,632,0.9733047938643197,0.9648960895629316,0.990506329113924,"{""0"": 1, ""1"": 3, ""2"": 0, ""3"": 2}"
201,5,632,0.8704051439846976,0.8763793638233266,0.9493670886075949,"{""0"": 1, ""1"": 0, ""2"": 3, ""3"": 2, ""4"": 4}"
201,6,632,0.5253867259781727,0.6454644079150154,0.6772151898734177,"{""0"": 4, ""1"": 5, ""2"": 2, ""3"": 1, ""4"": 0, ""5"": 3}"
202,2,632,0.9873617596889012,0.9722500094707324,0.9968354430379747,"{""0"": 1, ""1"": 0}"
202,3,632,1.0,1.0,1.0,"{""0"": 0, ""1"": 1, ""2"": 2}"
202,4,632,0.9914107846341127,0.9858624839485028,0.9968354430379747,"{""0"": 0, ""1"": 2, ""2"": 1, ""3"": 3}"
202,5,632,0.4283639504096141,0.5580467225074774,0.6487341772151899,"{""0"": 0, ""1"": 3, ""2"": 4, ""3"": 1, ""4"": 2}"
202,6,632,0.7905065036750253,0.8305866102694923,0.9098101265822784,"{""0"": 5, ""1"": 0, ""2"": 1, ""3"": 3, ""4"": 4, ""5"": 2}"
203,2,632,1.0,1.0,1.0,"{""0"": 0, ""1"": 1}"
203,3,632,0.996333465118751,0.990573540394485,0.9984177215189873,"{""0"": 1, ""1"": 0, ""2"": 2}"
203,4,632,0.991471112301541,0.985767011735395,0.9968354430379747,"{""0"": 3, ""1"": 2, ""2"": 0, ""3"": 1}"
203,5,632,0.5269021133305624,0.6455284456676694,0.7642405063291139,"{""0"": 1, ""1"": 2, ""2"": 0, ""3"": 3, ""4"": 4}"
203,6,632,0.7487358714060123,0.7882033639248408,0.8829113924050633,"{""0"": 4, ""1"": 0, ""2"": 1, ""3"": 2, ""4"": 3, ""5"": 5}"
204,2,632,1.0,1.0,1.0,"{""0"": 0, ""1"": 1}"
204,3,632,0.983377997111792,0.9668079653573415,0.9936708860759493,"{""0"": 1, ""1"": 2, ""2"": 0}"
204,4,632,0.9731763799710855,0.963442516704554,0.990506329113924,"{""0"": 1, ""1"": 3, ""2"": 2, ""3"": 0}"
204,5,632,0.45503146652304377,0.5819843156429289,0.6756329113924051,"{""0"": 0, ""1"": 2, ""2"": 1, ""3"": 3, ""4"": 4}"
204,6,632,0.8861313921030237,0.8879018361872778,0.9477848101265823,"{""0"": 4, ""1"": 0, ""2"": 3, ""3"": 5, ""4"": 2, ""5"": 1}"
205,2,632,0.9873618279998477,0.9722811651523068,0.9968354430379747,"{""0"": 0, ""1"": 1}"
205,3,632,0.9402402969167535,0.9016340684983182,0.9778481012658228,"{""0"": 1, ""1"": 0, ""2"": 2}"
205,4,632,0.932429389566417,0.9106147015091862,0.9746835443037974,"{""0"": 0, ""1"": 3, ""2"": 1, ""3"": 2}"
205,5,632,0.4364592760688398,0.566538385028212,0.685126582278481,"{""0"": 1, ""1"": 2, ""2"": 4, ""3"": 3, ""4"": 0}"
205,6,632,0.7151107092543969,0.7650781136070062,0.8639240506329114,"{""0"": 2, ""1"": 5, ""2"": 0, ""3"": 3, ""4"": 4, ""5"": 1}"
206,2,632,0.9936707873282496,0.9845228624743079,0.9984177215189873,"{""0"": 0, ""1"": 1}"
206,3,632,0.9813737911514402,0.9625173746140654,0.9936708860759493,"{""0"": 0, ""1"": 1, ""2"": 2}"
206,4,632,0.9402736998159784,0.9210400784617284,0.9778481012658228,"{""0"": 2, ""1"": 3, ""2"": 1, ""3"": 0}"
206,5,632,0.9476012507466974,0.9316929322005687,0.9794303797468354,"{""0"": 4, ""1"": 3, ""2"": 0, ""3"": 2, ""4"": 1}"
206,6,632,0.48675327606150637,0.6120764364876685,0.6503164556962026,"{""0"": 0, ""1"": 4, ""2"": 2, ""3"": 3, ""4"": 1, ""5"": 5}"
207,2,632,1.0,1.0,1.0,"{""0"": 0, ""1"": 1}"
207,3,632,0.9703055029762727,0.9429046139896994,0.9889240506329114,"{""0"": 0, ""1"": 1, ""2"": 2}"
207,4,632,0.949696963787813,0.9268754961160838,0.9810126582278481,"{""0"": 3, ""1"": 2, ""2"": 1, ""3"": 0}"
207,5,632,0.9522917302623999,0.9403354922047088,0.9810126582278481,"{""0"": 2, ""1"": 3, ""2"": 4, ""3"": 1, ""4"": 0}"
207,6,632,0.8399520213661928,0.8482998629724272,0.9335443037974683,"{""0"": 2, ""1"": 4, ""2"": 0, ""3"": 5, ""4"": 3, ""5"": 1}"
208,2,632,0.1445443940234048,0.20525014494881066,0.6914556962025317,"{""0"": 0, ""1"": 1}"
208,3,632,0.9943886305780902,0.9898985885178491,0.9984177215189873,"{""0"": 1, ""1"": 2, ""2"": 0}"
208,4,632,0.9293661698174606,0.9123071275010809,0.9746835443037974,"{""0"": 2, ""1"": 3, ""2"": 0, ""3"": 1}"
208,5,632,0.5914443723936587,0.6648511669781484,0.7800632911392406,"{""0"": 1, ""1"": 4, ""2"": 2, ""3"": 3, ""4"": 0}"
208,6,632,0.7803393533463996,0.8147650471019896,0.8987341772151899,"{""0"": 0, ""1"": 5, ""2"": 3, ""3"": 2, ""4"": 1, ""5"": 4}"
209,2,632,0.9561174407174207,0.9164868151877046,0.9889240506329114,"{""0"": 1, ""1"": 0}"
209,3,632,0.9907094504295272,0.9803401474175033,0.9968354430379747,"{""0"": 1, ""1"": 2, ""2"": 0}"
209,4,632,0.9741451767595217,0.963683733401046,0.990506329113924,"{""0"": 0, ""1"": 2, ""2"": 1, ""3"": 3}"
209,5,632,0.7242923219445851,0.7574549703338769,0.870253164556962,"{""0"": 2, ""1"": 3, ""2"": 0, ""3"": 1, ""4"": 4}"
209,6,632,0.9472077042946918,0.9493087095828526,0.9778481012658228,"{""0"": 5, ""1"": 4, ""2"": 1, ""3"": 2, ""4"": 3, ""5"": 0}"
210,2,632,0.9192862904356504,0.8675891254202682,0.9794303797468354,"{""0"": 1, ""1"": 0}"
210,3,632,0.9887611760370025,0.9817882905581276,0.9968354430379747,"{""0"": 1, ""1"": 0, ""2"": 2}"
210,4,632,0.9510766012977058,0.9369850941317759,0.9825949367088608,"{""0"": 2, ""1"": 0, ""2"": 3, ""3"": 1}"
210,5,632,0.8701741541234879,0.8732193476503882,0.9493670886075949,"{""0"": 4, ""1"": 0, ""2"": 3, ""3"": 2, ""4"": 1}"
210,6,632,0.8907077865382057,0.8794790157667557,0.9493670886075949,"{""0"": 4, ""1"": 2, ""2"": 1, ""3"": 5, ""4"": 3, ""5"": 0}"
211,2,632,0.9873618325810096,0.9691301349987931,0.9968354430379747,"{""0"": 1, ""1"": 0}"
211,3,632,0.9883642105449043,0.9738998449286199,0.995253164556962,"{""0"": 1, ""1"": 0, ""2"": 2}"
211,4,632,0.9687293781932773,0.9579849354121741,0.9889240506329114,"{""0"": 3, ""1"": 0, ""2"": 2, ""3"": 1}"
211,5,632,0.918479919175331,0.9078277299615839,0.9683544303797469,"{""0"": 2, ""1"": 0, ""2"": 3, ""3"": 4, ""4"": 1}"
211,6,632,0.47696153803400715,0.6030142242731368,0.6376582278481012,"{""0"": 5, ""1"": 4, ""2"": 2, ""3"": 0, ""4"": 3, ""5"": 1}"
212,2,632,0.9873613368451924,0.9721813191904637,0.9968354430379747,"{""0"": 1, ""1"": 0}"
212,3,632,0.7937888717513878,0.7892435088125312,0.935126582278481,"{""0"": 1, ""1"": 0, ""2"": 2}"
212,4,632,0.8803853350974179,0.8743606497009037,0.9572784810126582,"{""0"": 1, ""1"": 3, ""2"": 0, ""3"": 2}"
212,5,632,0.5519173948022822,0.6210583685733262,0.7610759493670886,"{""0"": 4, ""1"": 1, ""2"": 2, ""3"": 3, ""4"": 0}"
212,6,632,0.8583415770849776,0.8614674747787338,0.9335443037974683,"{""0"": 3, ""1"": 5, ""2"": 1, ""3"": 0, ""4"": 4, ""5"": 2}"
213,2,632,1.0,1.0,1.0,"{""0"": 1, ""1"": 0}"
213,3,632,1.0,1.0,1.0,"{""0"": 2, ""1"": 0, ""2"": 1}"
213,4,632,0.9591561593021837,0.954663128475453,0.9857594936708861,"{""0"": 3, ""1"": 2, ""2"": 1, ""3"": 0}"
213,5,632,0.6081918164208377,0.6657119756325247,0.7958860759493671,"{""0"": 3, ""1"": 0, ""2"": 1, ""3"": 4, ""4"": 2}"
213,6,632,0.784489981218519,0.8198982150629575,0.9082278481012658,"{""0"": 2, ""1"": 3, ""2"": 4, ""3"": 1, ""4"": 0, ""5"": 5}"
214,2,632,0.98736088211015,0.9721381587970688,0.9968354430379747,"{""0"": 0, ""1"": 1}"
214,3,632,0.9780845794891454,0.9557931275960823,0.990506329113924,"{""0"": 0, ""1"": 1, ""2"": 2}"
214,4,632,0.9511956202910493,0.9292051581153137,0.9794303797468354,"{""0"": 2, ""1"": 3, ""2"": 1, ""3"": 0}"
214,5,632,0.6158667554720999,0.6750905756147135,0.7990506329113924,"{""0"": 4, ""1"": 0, ""2"": 1, ""3"": 2, ""4"": 3}"
214,6,632,0.48157769924658245,0.6078250619498458,0.6471518987341772,"{""0"": 0, ""1"": 3, ""2"": 2, ""3"": 5, ""4"": 4, ""5"": 1}"
215,2,632,0.14465887857402535,0.21848064788835625,0.6914556962025317,"{""0"": 1, ""1"": 0}"
215,3,632,0.9868789700572858,0.9731840132977713,0.995253164556962,"{""0"": 2, ""1"": 1, ""2"": 0}"
215,4,632,0.9622322105456138,0.9460336727416265,0.9857594936708861,"{""0"": 2, ""1"": 1, ""2"": 0, ""3"": 3}"
215,5,632,0.652931153998738,0.7249409276111288,0.8465189873417721,"{""0"": 4, ""1"": 0, ""2"": 2, ""3"": 3, ""4"": 1}"
215,6,632,0.6503757726662407,0.7224513366744411,0.8275316455696202,"{""0"": 3, ""1"": 0, ""2"": 2, ""3"": 1, ""4"": 4, ""5"": 5}"
216,2,632,0.9685550454659715,0.9412103370980068,0.9920886075949367,"{""0"": 0, ""1"": 1}"
216,3,632,0.9905773246633286,0.9805474809498927,0.9968354430379747,"{""0"": 2, ""1"": 1, ""2"": 0}"
216,4,632,0.967869659196761,0.947239047082207,0.9873417721518988,"{""0"": 0, ""1"": 2, ""2"": 3, ""3"": 1}"
216,5,632,0.9173871032993901,0.9027634598466161,0.9667721518987342,"{""0"": 0, ""1"": 2, ""2"": 3, ""3"": 4, ""4"": 1}"
216,6,632,0.6921168288515664,0.7590414510117471,0.8386075949367089,"{""0"": 4, ""1"": 2, ""2"": 0, ""3"": 3, ""4"": 5, ""5"": 1}"
217,2,632,0.987361812050309,0.9722697818088512,0.9968354430379747,"{""0"": 1, ""1"": 0}"
217,3,632,0.9887609114141465,0.981837853435915,0.9968354430379747,"{""0"": 1, ""1"": 0, ""2"": 2}"
217,4,632,0.9568074327415288,0.944677794888997,0.9841772151898734,"{""0"": 1, ""1"": 3, ""2"": 0, ""3"": 2}"
217,5,632,0.6010829065905303,0.6748735435863712,0.7674050632911392,"{""0"": 1, ""1"": 2, ""2"": 3, ""3"": 4, ""4"": 0}"
217,6,632,0.5178532045640811,0.6151434317254288,0.6724683544303798,"{""0"": 5, ""1"": 3, ""2"": 1, ""3"": 4, ""4"": 0, ""5"": 2}"
218,2,632,0.9936706138160126,0.9844965643722311,0.9984177215189873,"{""0"": 1, ""1"": 0}"
218,3,632,0.7621506556633799,0.7761092449818213,0.9256329113924051,"{""0"": 1, ""1"": 0, ""2"": 2}"
218,4,632,0.9232934365395309,0.9060941614841814,0.9731012658227848,"{""0"": 1, ""1"": 3, ""2"": 2, ""3"": 0}"
218,5,632,0.686948335806066,0.7187509115640884,0.8512658227848101,"{""0"": 4, ""1"": 0, ""2"": 1, ""3"": 3, ""4"": 2}"
218,6,632,0.5386839872967986,0.646712901035766,0.6835443037974683,"{""0"": 0, ""1"": 4, ""2"": 5, ""3"": 1, ""4"": 3, ""5"": 2}"
219,2,632,0.9936708832322156,0.984569304562261,0.9984177215189873,"{""0"": 0, ""1"": 1}"
219,3,632,0.9850643747615819,0.9726938713818721,0.995253164556962,"{""0"": 1, ""1"": 2, ""2"": 0}"
219,4,632,0.9500660835626026,0.937571214315658,0.9825949367088608,"{""0"": 1, ""1"": 3, ""2"": 2, ""3"": 0}"
219,5,632,0.4452782323888485,0.5634186759984865,0.6471518987341772,"{""0"": 2, ""1"": 3, ""2"": 4, ""3"": 0, ""4"": 1}"
219,6,632,0.9436652718489894,0.9297327525195914,0.9731012658227848,"{""0"": 3, ""1"": 5, ""2"": 0, ""3"": 4, ""4"": 2, ""5"": 1}"
220,2,632,0.15937014484769738,0.22338095044531406,0.7009493670886076,"{""0"": 0, ""1"": 1}"
220,3,632,0.9739590378921678,0.9588703513077032,0.9920886075949367,"{""0"": 0, ""1"": 2, ""2"": 1}"
220,4,632,0.9596183687208152,0.9464704329364453,0.9857594936708861,"{""0"": 0, ""1"": 3, ""2"": 2, ""3"": 1}"
220,5,632,0.6555127073452307,0.7056616319979825,0.8338607594936709,"{""0"": 0, ""1"": 4, ""2"": 2, ""3"": 3, ""4"": 1}"
220,6,632,0.8630301303994931,0.8685583098627088,0.9367088607594937,"{""0"": 2, ""1"": 4, ""2"": 5, ""3"": 0, ""4"": 3, ""5"": 1}"
221,2,632,0.9936706584634644,0.9845022384891357,0.9984177215189873,"{""0"": 1, ""1"": 0}"
221,3,632,0.7709351712507778,0.7624912376025769,0.9256329113924051,"{""0"": 0, ""1"": 1, ""2"": 2}"
221,4,632,0.9139577412504792,0.8837987141642444,0.9651898734177216,"{""0"": 0, ""1"": 2, ""2"": 1, ""3"": 3}"
221,5,632,0.8942476711087948,0.8811701745674296,0.9572784810126582,"{""0"": 2, ""1"": 1, ""2"": 3, ""3"": 0, ""4"": 4}"
221,6,632,0.5377558342613545,0.6438760152362775,0.6914556962025317,"{""0"": 4, ""1"": 5, ""2"": 0, ""3"": 3, ""4"": 2, ""5"": 1}"
222,2,632,1.0,1.0,1.0,"{""0"": 1, ""1"": 0}"
222,3,632,0.9962826354984641,0.9905862934609702,0.9984177215189873,"{""0"": 0, ""1"": 2, ""2"": 1}"
222,4,632,0.9681993566961388,0.9559869735590417,0.9889240506329114,"{""0"": 3, ""1"": 2, ""2"": 0, ""3"": 1}"
222,5,632,0.9537654630679752,0.943739664488161,0.9825949367088608,"{""0"": 1, ""1"": 3, ""2"": 0, ""3"": 2, ""4"": 4}"
222,6,632,0.7959483788065908,0.8185170223561817,0.9113924050632911,"{""0"": 5, ""1"": 3, ""2"": 0, ""3"": 2, ""4"": 4, ""5"": 1}"
223,2,632,0.9936707617757824,0.9845180162551812,0.9984177215189873,"{""0"": 1, ""1"": 0}"
223,3,632,0.7935587527122173,0.7897286334109607,0.9335443037974683,"{""0"": 0, ""1"": 2, ""2"": 1}"
223,4,632,0.9768634077463582,0.9613790193081594,0.990506329113924,"{""0"": 3, ""1"": 1, ""2"": 2, ""3"": 0}"
223,5,632,0.654170570329792,0.7005112123087571,0.8306962025316456,"{""0"": 4, ""1"": 2, ""2"": 3, ""3"": 0, ""4"": 1}"
223,6,632,0.5853219335261307,0.6720064866985593,0.7262658227848101,"{""0"": 4, ""1"": 3, ""2"": 0, ""3"": 1, ""4"": 5, ""5"": 2}"
224,2,632,1.0,1.0,1.0,"{""0"": 0, ""1"": 1}"
224,3,632,0.7777944652987693,0.7899980695017225,0.930379746835443,"{""0"": 2, ""1"": 0, ""2"": 1}"
224,4,632,0.9758661313459075,0.9612482169736306,0.990506329113924,"{""0"": 0, ""1"": 3, ""2"": 1, ""3"": 2}"
224,5,632,0.7473061920789891,0.7745488499638035,0.8908227848101266,"{""0"": 4, ""1"": 2, ""2"": 1, ""3"": 3, ""4"": 0}"
224,6,632,0.5486732663215886,0.6601396785141725,0.6977848101265823,"{""0"": 0, ""1"": 1, ""2"": 2, ""3"": 5, ""4"": 3, ""5"": 4}"
225,2,632,0.9873617989221709,0.9722635513107766,0.9968354430379747,"{""0"": 0, ""1"": 1}"
225,3,632,1.0,1.0,1.0,"{""0"": 1, ""1"": 0, ""2"": 2}"
225,4,632,0.9685594567022757,0.953162984928373,0.9889240506329114,"{""0"": 0, ""1"": 1, ""2"": 3, ""3"": 2}"
225,5,632,0.6404171385107909,0.6946757396586192,0.8132911392405063,"{""0"": 0, ""1"": 4, ""2"": 1, ""3"": 3, ""4"": 2}"
225,6,632,0.7938881209496692,0.8222644910313934,0.9098101265822784,"{""0"": 2, ""1"": 4, ""2"": 5, ""3"": 3, ""4"": 0, ""5"": 1}"
226,2,632,0.9748039099486182,0.9509329517801174,0.9936708860759493,"{""0"": 1, ""1"": 0}"
226,3,632,0.9869730378289329,0.9732550035770238,0.995253164556962,"{""0"": 2, ""1"": 1, ""2"": 0}"
226,4,632,0.9366942532770787,0.9277335154555116,0.9778481012658228,"{""0"": 1, ""1"": 2, ""2"": 3, ""3"": 0}"
226,5,632,0.590136380972717,0.6659872100622576,0.7721518987341772,"{""0"": 1, ""1"": 0, ""2"": 4, ""3"": 3, ""4"": 2}"
226,6,632,0.48198842641227163,0.600536137409567,0.6503164556962026,"{""0"": 3, ""1"": 2, ""2"": 1, ""3"": 0, ""4"": 4, ""5"": 5}"
227,2,632,0.9936708779013222,0.9845510529189185,0.9984177215189873,"{""0"": 0, ""1"": 1}"
227,3,632,0.9887957774606744,0.9819332135146611,0.9968354430379747,"{""0"": 1, ""1"": 0, ""2"": 2}"
227,4,632,0.9604252680737584,0.9461694590424691,0.9857594936708861,"{""0"": 3, ""1"": 2, ""2"": 0, ""3"": 1}"
227,5,632,0.7993128817699575,0.8305700041638123,0.9161392405063291,"{""0"": 2, ""1"": 3, ""2"": 1, ""3"": 0, ""4"": 4}"
227,6,632,0.9408111549436686,0.9368636223066242,0.9746835443037974,"{""0"": 4, ""1"": 2, ""2"": 1, ""3"": 0, ""4"": 5, ""5"": 3}"
228,2,632,0.8772222528414465,0.8182011696023063,0.9683544303797469,"{""0"": 0, ""1"": 1}"
228,3,632,0.9735589792732166,0.9587216741222653,0.9920886075949367,"{""0"": 2, ""1"": 0, ""2"": 1}"
228,4,632,0.9677822209303086,0.9472785762216274,0.9873417721518988,"{""0"": 1, ""1"": 0, ""2"": 3, ""3"": 2}"
228,5,632,0.9344147422336176,0.929025808814792,0.9746835443037974,"{""0"": 1, ""1"": 4, ""2"": 3, ""3"": 0, ""4"": 2}"
228,6,632,0.915660089103994,0.915072983622462,0.9620253164556962,"{""0"": 1, ""1"": 2, ""2"": 5, ""3"": 3, ""4"": 4, ""5"": 0}"
229,2,632,0.9873617989221709,0.9722635513107766,0.9968354430379747,"{""0"": 0, ""1"": 1}"
229,3,632,0.9612044556877017,0.9502032625837639,0.9889240506329114,"{""0"": 0, ""1"": 1, ""2"": 2}"
229,4,632,0.9445505163033399,0.9330444139863616,0.9810126582278481,"{""0"": 1, ""1"": 3, ""2"": 2, ""3"": 0}"
229,5,632,0.6719756974668873,0.7140948364418878,0.8338607594936709,"{""0"": 4, ""1"": 1, ""2"": 2, ""3"": 0, ""4"": 3}"
229,6,632,0.9349000640521614,0.9311341963839922,0.9731012658227848,"{""0"": 3, ""1"": 1, ""2"": 2, ""3"": 4, ""4"": 0, ""5"": 5}"
230,2,632,0.987361812050309,0.9722697818088512,0.9968354430379747,"{""0"": 1, ""1"": 0}"
230,3,632,0.9608760412081329,0.930685939173284,0.9841772151898734,"{""0"": 0, ""1"": 1, ""2"": 2}"
230,4,632,0.9373024056269057,0.9180588147864739,0.9762658227848101,"{""0"": 3, ""1"": 1, ""2"": 2, ""3"": 0}"
230,5,632,0.7175185515126685,0.7596019984473781,0.8734177215189873,"{""0"": 2, ""1"": 0, ""2"": 1, ""3"": 3, ""4"": 4}"
230,6,632,0.9579520645239282,0.9495776234295386,0.9825949367088608,"{""0"": 4, ""1"": 2, ""2"": 0, ""3"": 1, ""4"": 3, ""5"": 5}"
231,2,632,1.0,1.0,1.0,"{""0"": 0, ""1"": 1}"
231,3,632,1.0,1.0,1.0,"{""0"": 2, ""1"": 1, ""2"": 0}"
231,4,632,0.9773590141029317,0.9679672668043334,0.9920886075949367,"{""0"": 2, ""1"": 1, ""2"": 3, ""3"": 0}"
231,5,632,0.9306964305476553,0.9290786442089484,0.9731012658227848,"{""0"": 2, ""1"": 4, ""2"": 3, ""3"": 0, ""4"": 1}"
231,6,632,0.693477796127675,0.7492007972533502,0.8575949367088608,"{""0"": 2, ""1"": 0, ""2"": 4, ""3"": 3, ""4"": 1, ""5"": 5}"
232,2,632,0.9936708847094802,0.9845673016559948,0.9984177215189873,"{""0"": 1, ""1"": 0}"
232,3,632,0.9587907408922225,0.9370419863563875,0.9873417721518988,"{""0"": 1, ""1"": 0, ""2"": 2}"
232,4,632,0.9020637971970913,0.902241615795497,0.9651898734177216,"{""0"": 1, ""1"": 3, ""2"": 2, ""3"": 0}"
232,5,632,0.7241824957953334,0.7457181070923624,0.8670886075949367,"{""0"": 2, ""1"": 3, ""2"": 1, ""3"": 4, ""4"": 0}"
232,6,632,0.9447080922373292,0.9399616278392049,0.9778481012658228,"{""0"": 4, ""1"": 1, ""2"": 2, ""3"": 0, ""4"": 5, ""5"": 3}"
233,2,632,0.9748032444827023,0.9507605893610627,0.9936708860759493,"{""0"": 1, ""1"": 0}"
233,3,632,0.8049137942447199,0.8130019416769517,0.939873417721519,"{""0"": 1, ""1"": 2, ""2"": 0}"
233,4,632,0.9587745752033819,0.9508869578413627,0.9857594936708861,"{""0"": 2, ""1"": 1, ""2"": 3, ""3"": 0}"
233,5,632,0.6346474660637308,0.6852997638330844,0.805379746835443,"{""0"": 1, ""1"": 3, ""2"": 0, ""3"": 2, ""4"": 4}"
233,6,632,0.9614654827478364,0.9590106437953332,0.9841772151898734,"{""0"": 3, ""1"": 1, ""2"": 0, ""3"": 4, ""4"": 2, ""5"": 5}"
234,2,632,0.9873618013939502,0.9723210868192579,0.9968354430379747,"{""0"": 0, ""1"": 1}"
234,3,632,0.986475131497992,0.9711476937291669,0.995253164556962,"{""0"": 0, ""1"": 1, ""2"": 2}"
234,4,632,0.9495024014749044,0.9263984642030391,0.9810126582278481,"{""0"": 1, ""1"": 0, ""2"": 3, ""3"": 2}"
234,5,632,0.8993102327369541,0.8806373756327897,0.9604430379746836,"{""0"": 0, ""1"": 3, ""2"": 2, ""3"": 4, ""4"": 1}"
234,6,632,0.43949813476837396,0.5690346050878723,0.6408227848101266,"{""0"": 5, ""1"": 1, ""2"": 4, ""3"": 2, ""4"": 3, ""5"": 0}"
235,2,632,1.0,1.0,1.0,"{""0"": 0, ""1"": 1}"
235,3,632,0.8009749202186974,0.7900129317117371,0.9367088607594937,"{""0"": 2, ""1"": 1, ""2"": 0}"
235,4,632,0.9769020860222515,0.9705214002999719,0.9920886075949367,"{""0"": 3, ""1"": 0, ""2"": 1, ""3"": 2}"
235,5,632,0.6272599351677544,0.676930121042872,0.805379746835443,"{""0"": 1, ""1"": 2, ""2"": 4, ""3"": 0, ""4"": 3}"
235,6,632,0.8475801336233678,0.8442586503781419,0.9335443037974683,"{""0"": 5, ""1"": 4, ""2"": 0, ""3"": 2, ""4"": 1, ""5"": 3}"
236,2,632,1.0,1.0,1.0,"{""0"": 1, ""1"": 0}"
236,3,632,0.9846610753048081,0.9725542276818832,0.995253164556962,"{""0"": 0, ""1"": 2, ""2"": 1}"
236,4,632,0.9402861082822895,0.9348823595405554,0.9794303797468354,"{""0"": 1, ""1"": 3, ""2"": 2, ""3"": 0}"
236,5,632,0.9050817357785422,0.8894709272716446,0.9620253164556962,"{""0"": 2, ""1"": 3, ""2"": 0, ""3"": 1, ""4"": 4}"
236,6,632,0.4894128114423941,0.6188351311468294,0.6518987341772152,"{""0"": 0, ""1"": 5, ""2"": 1, ""3"": 4, ""4"": 2, ""5"": 3}"
237,2,632,0.8951326904208485,0.847201744337707,0.9731012658227848,"{""0"": 1, ""1"": 0}"
237,3,632,0.972252119418657,0.9620629425522765,0.9920886075949367,"{""0"": 2, ""1"": 0, ""2"": 1}"
237,4,632,0.9160866745711792,0.9082962229427294,0.9699367088607594,"{""0"": 0, ""1"": 3, ""2"": 1, ""3"": 2}"
237,5,632,0.9343294331620272,0.9237466035936415,0.9746835443037974,"{""0"": 3, ""1"": 4, ""2"": 1, ""3"": 2, ""4"": 0}"
237,6,632,0.48470056266463757,0.6124621659774935,0.6455696202531646,"{""0"": 1, ""1"": 2, ""2"": 4, ""3"": 3, ""4"": 5, ""5"": 0}"
238,2,632,1.0,1.0,1.0,"{""0"": 0, ""1"": 1}"
238,3,632,0.791613627728542,0.7975685502179256,0.935126582278481,"{""0"": 1, ""1"": 2, ""2"": 0}"
238,4,632,0.9283643475027448,0.9173704291007652,0.9746835443037974,"{""0"": 3, ""1"": 2, ""2"": 1, ""3"": 0}"
238,5,632,0.6325230001332487,0.7234509623417388,0.8306962025316456,"{""0"": 4, ""1"": 0, ""2"": 3, ""3"": 1, ""4"": 2}"
238,6,632,0.49776322716784327,0.6086296034513565,0.6629746835443038,"{""0"": 4, ""1"": 5, ""2"": 2, ""3"": 1, ""4"": 0, ""5"": 3}"
239,2,632,1.0,1.0,1.0,"{""0"": 0, ""1"": 1}"
239,3,632,0.9702759331715332,0.9515517111159664,0.990506329113924,"{""0"": 1, ""1"": 2, ""2"": 0}"
239,4,632,0.990961232033572,0.9856738016874138,0.9968354430379747,"{""0"": 3, ""1"": 1, ""2"": 0, ""3"": 2}"
239,5,632,0.6420405012528067,0.7083695845722935,0.8243670886075949,"{""0"": 4, ""1"": 1, ""2"": 3, ""3"": 0, ""4"": 2}"
239,6,632,0.49297103099872003,0.6230634115790216,0.6503164556962026,"{""0"": 1, ""1"": 4, ""2"": 5, ""3"": 2, ""4"": 3, ""5"": 0}"
240,2,632,0.145568421205731,0.21530733580311004,0.6914556962025317,"{""0"": 0, ""1"": 1}"
240,3,632,0.9684332676033032,0.9528432820211331,0.990506329113924,"{""0"": 1, ""1"": 0, ""2"": 2}"
240,4,632,0.914655825659239,0.8922508022206305,0.9683544303797469,"{""0"": 2, ""1"": 1, ""2"": 0, ""3"": 3}"
240,5,632,0.5220097069944476,0.6235256715883968,0.7563291139240507,"{""0"": 4, ""1"": 3, ""2"": 0, ""3"": 2, ""4"": 1}"
240,6,632,0.8139934401918811,0.8327961060313122,0.9129746835443038,"{""0"": 5, ""1"": 3, ""2"": 1, ""3"": 2, ""4"": 4, ""5"": 0}"
241,2,632,0.9314831074501627,0.8787058244596886,0.9825949367088608,"{""0"": 0, ""1"": 1}"
241,3,632,0.763276785744704,0.768787427712109,0.9256329113924051,"{""0"": 1, ""1"": 0, ""2"": 2}"
241,4,632,0.9296290972812558,0.9127035009482374,0.9746835443037974,"{""0"": 1, ""1"": 3, ""2"": 0, ""3"": 2}"
241,5,632,0.8882591063587142,0.8773787221453044,0.9556962025316456,"{""0"": 1, ""1"": 4, ""2"": 0, ""3"": 2, ""4"": 3}"
241,6,632,0.488812745711487,0.6092990227520833,0.6534810126582279,"{""0"": 3, ""1"": 0, ""2"": 4, ""3"": 2, ""4"": 5, ""5"": 1}"
242,2,632,1.0,1.0,1.0,"{""0"": 0, ""1"": 1}"
242,3,632,0.9482660545850967,0.9262809073548508,0.9841772151898734,"{""0"": 2, ""1"": 0, ""2"": 1}"
242,4,632,0.958989190446417,0.9487265455018878,0.9857594936708861,"{""0"": 0, ""1"": 1, ""2"": 3, ""3"": 2}"
242,5,632,0.6807647101175341,0.7237392624233567,0.8417721518987342,"{""0"": 4, ""1"": 0, ""2"": 1, ""3"": 3, ""4"": 2}"
242,6,632,0.9768272496341196,0.9702170162300852,0.990506329113924,"{""0"": 0, ""1"": 4, ""2"": 3, ""3"": 5, ""4"": 2, ""5"": 1}"
243,2,632,0.9936708861740091,0.9845626923798214,0.9984177215189873,"{""0"": 0, ""1"": 1}"
243,3,632,0.9753468793554536,0.9556174738360586,0.9920886075949367,"{""0"": 2, ""1"": 0, ""2"": 1}"
243,4,632,0.9507628529353532,0.9437896170744571,0.9825949367088608,"{""0"": 0, ""1"": 1, ""2"": 3, ""3"": 2}"
243,5,632,0.5593217459065472,0.6797215547545928,0.7895569620253164,"{""0"": 4, ""1"": 0, ""2"": 3, ""3"": 2, ""4"": 1}"
243,6,632,0.945818706163282,0.932979608844464,0.9762658227848101,"{""0"": 5, ""1"": 4, ""2"": 2, ""3"": 3, ""4"": 0, ""5"": 1}"
244,2,632,1.0,1.0,1.0,"{""0"": 1, ""1"": 0}"
244,3,632,0.9864832926751759,0.9711398985419064,0.995253164556962,"{""0"": 0, ""1"": 2, ""2"": 1}"
244,4,632,0.9425151610814682,0.9309582186826058,0.9794303797468354,"{""0"": 1, ""1"": 2, ""2"": 0, ""3"": 3}"
244,5,632,0.6391767910999143,0.688565082609876,0.8132911392405063,"{""0"": 3, ""1"": 0, ""2"": 1, ""3"": 4, ""4"": 2}"
244,6,632,0.884596272204294,0.8762291135470015,0.9477848101265823,"{""0"": 5, ""1"": 0, ""2"": 4, ""3"": 3, ""4"": 2, ""5"": 1}"
245,2,632,0.9561174930602345,0.923083718471763,0.9889240506329114,"{""0"": 0, ""1"": 1}"
245,3,632,0.7875994273899385,0.794669011550771,0.9335443037974683,"{""0"": 1, ""1"": 0, ""2"": 2}"
245,4,632,0.9559783813651825,0.937522237663923,0.9825949367088608,"{""0"": 1, ""1"": 0, ""2"": 3, ""3"": 2}"
245,5,632,0.921631771834862,0.9076387340301041,0.9683544303797469,"{""0"": 1, ""1"": 2, ""2"": 4, ""3"": 0, ""4"": 3}"
245,6,632,0.5255423123836068,0.63054866006915,0.680379746835443,"{""0"": 4, ""1"": 1, ""2"": 0, ""3"": 2, ""4"": 3, ""5"": 5}"
246,2,632,0.9936708776084158,0.9845741087537868,0.9984177215189873,"{""0"": 0, ""1"": 1}"
246,3,632,0.9756092439872138,0.9581139326991482,0.9920886075949367,"{""0"": 0, ""1"": 2, ""2"": 1}"
246,4,632,0.9670436692793922,0.9485034863457289,0.9873417721518988,"{""0"": 2, ""1"": 3, ""2"": 0, ""3"": 1}"
246,5,632,0.5390249252692184,0.6382718852049435,0.7689873417721519,"{""0"": 1, ""1"": 2, ""2"": 3, ""3"": 0, ""4"": 4}"
246,6,632,0.8629710596284524,0.8698845571057773,0.9367088607594937,"{""0"": 5, ""1"": 0, ""2"": 1, ""3"": 2, ""4"": 4, ""5"": 3}"
247,2,632,0.943760198660394,0.8991154928452347,0.9857594936708861,"{""0"": 1, ""1"": 0}"
247,3,632,0.7862791868119309,0.7849435680361256,0.9319620253164557,"{""0"": 1, ""1"": 2, ""2"": 0}"
247,4,632,0.95377199449501,0.943951384217993,0.9841772151898734,"{""0"": 0, ""1"": 2, ""2"": 3, ""3"": 1}"
247,5,632,0.7265838670200444,0.7695831730670691,0.875,"{""0"": 0, ""1"": 1, ""2"": 3, ""3"": 2, ""4"": 4}"
247,6,632,0.5210190771109906,0.5988451835726024,0.694620253164557,"{""0"": 4, ""1"": 2, ""2"": 3, ""3"": 1, ""4"": 0, ""5"": 5}"
248,2,632,1.0,1.0,1.0,"{""0"": 1, ""1"": 0}"
248,3,632,0.9906489492070302,0.980448340911516,0.9968354430379747,"{""0"": 0, ""1"": 1, ""2"": 2}"
248,4,632,0.9546255898416256,0.9472402519267541,0.9841772151898734,"{""0"": 2, ""1"": 1, ""2"": 0, ""3"": 3}"
248,5,632,0.8648754979754748,0.8681508596039611,0.9462025316455697,"{""0"": 0, ""1"": 1, ""2"": 3, ""3"": 2, ""4"": 4}"
248,6,632,0.8800106930347744,0.8672499282253796,0.944620253164557,"{""0"": 4, ""1"": 5, ""2"": 1, ""3"": 3, ""4"": 0, ""5"": 2}"
249,2,632,0.9936708424670813,0.9845361690679575,0.9984177215189873,"{""0"": 0, ""1"": 1}"
249,3,632,0.9887412523578898,0.9817673998035158,0.9968354430379747,"{""0"": 0, ""1"": 1, ""2"": 2}"
249,4,632,0.9677058623122761,0.9619623705817829,0.9889240506329114,"{""0"": 2, ""1"": 0, ""2"": 3, ""3"": 1}"
249,5,632,0.913943369614485,0.9095379579527709,0.9667721518987342,"{""0"": 0, ""1"": 1, ""2"": 3, ""3"": 2, ""4"": 4}"
249,6,632,0.9291750679177072,0.9158293862633489,0.9636075949367089,"{""0"": 0, ""1"": 4, ""2"": 5, ""3"": 3, ""4"": 1, ""5"": 2}"
250,2,632,0.981072839180774,0.9568635087446288,0.995253164556962,"{""0"": 0, ""1"": 1}"
250,3,632,0.9831557397492837,0.9745893988212387,0.995253164556962,"{""0"": 2, ""1"": 1, ""2"": 0}"
250,4,632,0.9960383907086076,0.9930149610884811,0.9984177215189873,"{""0"": 3, ""1"": 0, ""2"": 1, ""3"": 2}"
250,5,632,0.7937026222353346,0.8096014611459672,0.9113924050632911,"{""0"": 4, ""1"": 1, ""2"": 2, ""3"": 3, ""4"": 0}"
250,6,632,0.7421638224585326,0.7811510128368043,0.8734177215189873,"{""0"": 5, ""1"": 3, ""2"": 1, ""3"": 2, ""4"": 0, ""5"": 4}"
251,2,632,1.0,1.0,1.0,"{""0"": 1, ""1"": 0}"
251,3,632,0.981237896829478,0.9631219359644869,0.9936708860759493,"{""0"": 0, ""1"": 1, ""2"": 2}"
251,4,632,0.9422920374099677,0.9278531775521379,0.9794303797468354,"{""0"": 3, ""1"": 1, ""2"": 2, ""3"": 0}"
251,5,632,0.854535551907532,0.8530720701620856,0.9414556962025317,"{""0"": 0, ""1"": 2, ""2"": 3, ""3"": 1, ""4"": 4}"
251,6,632,0.42978347069759276,0.5593123193981119,0.6107594936708861,"{""0"": 4, ""1"": 3, ""2"": 5, ""3"": 1, ""4"": 0, ""5"": 2}"
252,2,632,0.9873617816565615,0.9722569607566607,0.9968354430379747,"{""0"": 0, ""1"": 1}"
252,3,632,0.9668676063728071,0.9448915184274487,0.9889240506329114,"{""0"": 1, ""1"": 2, ""2"": 0}"
252,4,632,0.9065695259605381,0.8932998281202338,0.9667721518987342,"{""0"": 2, ""1"": 0, ""2"": 3, ""3"": 1}"
252,5,632,0.7372238147551672,0.7676805960736741,0.8876582278481012,"{""0"": 4, ""1"": 3, ""2"": 2, ""3"": 1, ""4"": 0}"
252,6,632,0.4043473490611997,0.526598267433999,0.5886075949367089,"{""0"": 4, ""1"": 0, ""2"": 2, ""3"": 5, ""4"": 1, ""5"": 3}"
253,2,632,0.9748039140855685,0.9509181083647031,0.9936708860759493,"{""0"": 1, ""1"": 0}"
253,3,632,0.9529838269071456,0.9337440380452345,0.9857594936708861,"{""0"": 2, ""1"": 0, ""2"": 1}"
253,4,632,0.9792652507653521,0.9665342303078583,0.9920886075949367,"{""0"": 2, ""1"": 3, ""2"": 0, ""3"": 1}"
253,5,632,0.5384917574278061,0.6394260310988711,0.759493670886076,"{""0"": 1, ""1"": 3, ""2"": 2, ""3"": 4, ""4"": 0}"
253,6,632,0.6298710669109042,0.6947127945644255,0.7895569620253164,"{""0"": 3, ""1"": 2, ""2"": 1, ""3"": 5, ""4"": 0, ""5"": 4}"
254,2,632,0.9936708858097872,0.984560085537352,0.9984177215189873,"{""0"": 1, ""1"": 0}"
254,3,632,0.9793346027843179,0.964964212862844,0.9936708860759493,"{""0"": 2, ""1"": 1, ""2"": 0}"
254,4,632,0.9730811034089201,0.9633414220884742,0.990506329113924,"{""0"": 3, ""1"": 0, ""2"": 1, ""3"": 2}"
254,5,632,0.9341280372708101,0.9217117502367999,0.9746835443037974,"{""0"": 4, ""1"": 3, ""2"": 1, ""3"": 0, ""4"": 2}"
254,6,632,0.4773291247056471,0.5982445693336167,0.6740506329113924,"{""0"": 3, ""1"": 1, ""2"": 5, ""3"": 4, ""4"": 2, ""5"": 0}"
255,2,632,0.9936708858097872,0.984560085537352,0.9984177215189873,"{""0"": 1, ""1"": 0}"
255,3,632,0.9679916976434625,0.952035264443121,0.990506329113924,"{""0"": 0, ""1"": 2, ""2"": 1}"
255,4,632,0.9604421002192985,0.9448988346298606,0.9857594936708861,"{""0"": 0, ""1"": 1, ""2"": 2, ""3"": 3}"
255,5,632,0.7512036769258962,0.7793894043803649,0.8924050632911392,"{""0"": 1, ""1"": 4, ""2"": 3, ""3"": 2, ""4"": 0}"
255,6,632,0.7493429318226208,0.7788162732851821,0.8765822784810127,"{""0"": 0, ""1"": 3, ""2"": 1, ""3"": 5, ""4"": 4, ""5"": 2}"
256,2,632,0.9936707617757824,0.9845180162551812,0.9984177215189873,"{""0"": 0, ""1"": 1}"
256,3,632,0.9882285625249787,0.9737190135016226,0.995253164556962,"{""0"": 1, ""1"": 0, ""2"": 2}"
256,4,632,0.9638960111509162,0.9549342558420324,0.9873417721518988,"{""0"": 0, ""1"": 3, ""2"": 1, ""3"": 2}"
256,5,632,0.6874309903190668,0.7263247609785795,0.8481012658227848,"{""0"": 3, ""1"": 0, ""2"": 1, ""3"": 2, ""4"": 4}"
256,6,632,0.9456408473131049,0.9324507600820829,0.9746835443037974,"{""0"": 3, ""1"": 0, ""2"": 2, ""3"": 1, ""4"": 4, ""5"": 5}"
257,2,632,0.9748039088332637,0.9458085758310689,0.9936708860759493,"{""0"": 0, ""1"": 1}"
257,3,632,0.7722709169169759,0.7838608168134591,0.9287974683544303,"{""0"": 2, ""1"": 1, ""2"": 0}"
257,4,632,0.9386357804051444,0.9225596197425324,0.9778481012658228,"{""0"": 3, ""1"": 2, ""2"": 1, ""3"": 0}"
257,5,632,0.8881051605054833,0.8767456713751725,0.9556962025316456,"{""0"": 2, ""1"": 3, ""2"": 0, ""3"": 1, ""4"": 4}"
257,6,632,0.9630723540045443,0.9626143454488547,0.9857594936708861,"{""0"": 2, ""1"": 1, ""2"": 3, ""3"": 4, ""4"": 0, ""5"": 5}"
258,2,632,0.1555852394547153,0.20833348274428684,0.6993670886075949,"{""0"": 0, ""1"": 1}"
258,3,632,0.9698282680830081,0.9489013402328209,0.990506329113924,"{""0"": 1, ""1"": 2, ""2"": 0}"
258,4,632,1.0,1.0,1.0,"{""0"": 2, ""1"": 3, ""2"": 1, ""3"": 0}"
258,5,632,0.6278696999690097,0.6890948541180312,0.805379746835443,"{""0"": 0, ""1"": 3, ""2"": 1, ""3"": 2, ""4"": 4}"
258,6,632,0.8203265570986674,0.8347614317511928,0.9193037974683544,"{""0"": 5, ""1"": 0, ""2"": 1, ""3"": 2, ""4"": 3, ""5"": 4}"
259,2,632,0.9873616594697797,0.9722269838968309,0.9968354430379747,"{""0"": 0, ""1"": 1}"
259,3,632,0.9517124665501833,0.9353293686797716,0.9857594936708861,"{""0"": 2, ""1"": 0, ""2"": 1}"
259,4,632,0.9294405599406754,0.9114021125148758,0.9746835443037974,"{""0"": 3, ""1"": 1, ""2"": 0, ""3"": 2}"
259,5,632,0.9379966261040544,0.9291976880970442,0.9762658227848101,"{""0"": 3, ""1"": 4, ""2"": 1, ""3"": 0, ""4"": 2}"
259,6,632,0.8395181586955185,0.8488830720614865,0.9319620253164557,"{""0"": 0, ""1"": 5, ""2"": 2, ""3"": 4, ""4"": 3, ""5"": 1}"
260,2,632,1.0,1.0,1.0,"{""0"": 1, ""1"": 0}"
260,3,632,0.9809315869853467,0.9630666608630876,0.9936708860759493,"{""0"": 1, ""1"": 0, ""2"": 2}"
260,4,632,0.9497341109140031,0.9365625004014732,0.9825949367088608,"{""0"": 1, ""1"": 2, ""2"": 0, ""3"": 3}"
260,5,632,0.9113931602960338,0.90477850298464,0.9636075949367089,"{""0"": 1, ""1"": 0, ""2"": 3, ""3"": 4, ""4"": 2}"
260,6,632,0.48171363133500733,0.5873674742189553,0.6518987341772152,"{""0"": 1, ""1"": 3, ""2"": 5, ""3"": 2, ""4"": 0, ""5"": 4}"
261,2,632,1.0,1.0,1.0,"{""0"": 0, ""1"": 1}"
261,3,632,0.9865837213650743,0.9708752913120817,0.995253164556962,"{""0"": 0, ""1"": 1, ""2"": 2}"
261,4,632,0.9764593955053505,0.9730780440698567,0.9920886075949367,"{""0"": 2, ""1"": 3, ""2"": 1, ""3"": 0}"
261,5,632,0.7847213390656667,0.796228300382888,0.9098101265822784,"{""0"": 0, ""1"": 1, ""2"": 3, ""3"": 4, ""4"": 2}"
261,6,632,0.8423030352903478,0.8632483398929474,0.935126582278481,"{""0"": 0, ""1"": 4, ""2"": 1, ""3"": 3, ""4"": 2, ""5"": 5}"
262,2,632,0.9810726690123007,0.9611440691821523,0.995253164556962,"{""0"": 0, ""1"": 1}"
262,3,632,0.9754854429875052,0.9515691113723956,0.990506329113924,"{""0"": 0, ""1"": 2, ""2"": 1}"
262,4,632,0.9824217885443183,0.9712941825504452,0.9920886075949367,"{""0"": 3, ""1"": 1, ""2"": 2, ""3"": 0}"
262,5,632,0.6794377720291693,0.7251042717716577,0.8512658227848101,"{""0"": 0, ""1"": 3, ""2"": 1, ""3"": 4, ""4"": 2}"
262,6,632,0.5064502707388351,0.5982523749082539,0.6598101265822784,"{""0"": 3, ""1"": 1, ""2"": 5, ""3"": 2, ""4"": 4, ""5"": 0}"
263,2,632,0.9873618279998477,0.9722811651523068,0.9968354430379747,"{""0"": 0, ""1"": 1}"
263,3,632,0.9887957774606744,0.9819332135146611,0.9968354430379747,"{""0"": 1, ""1"": 2, ""2"": 0}"
263,4,632,0.9460633379897329,0.9276021873553881,0.9810126582278481,"{""0"": 2, ""1"": 0, ""2"": 1, ""3"": 3}"
263,5,632,0.8567265261603454,0.8407706322788966,0.9430379746835443,"{""0"": 4, ""1"": 3, ""2"": 1, ""3"": 0, ""4"": 2}"
263,6,632,0.5439404256779811,0.668907380975623,0.6882911392405063,"{""0"": 2, ""1"": 1, ""2"": 5, ""3"": 4, ""4"": 0, ""5"": 3}"
264,2,632,0.9873617596889012,0.9722500094707324,0.9968354430379747,"{""0"": 0, ""1"": 1}"
264,3,632,0.9736994496876238,0.9581370141326433,0.9920886075949367,"{""0"": 0, ""1"": 2, ""2"": 1}"
264,4,632,0.9161162674674953,0.9042992397939513,0.9699367088607594,"{""0"": 3, ""1"": 2, ""2"": 0, ""3"": 1}"
264,5,632,0.9664293731467415,0.9598377966343802,0.9873417721518988,"{""0"": 2, ""1"": 4, ""2"": 3, ""3"": 0, ""4"": 1}"
264,6,632,0.5166890836621926,0.6266221925329484,0.6772151898734177,"{""0"": 1, ""1"": 4, ""2"": 0, ""3"": 5, ""4"": 2, ""5"": 3}"
265,2,632,0.9936708273299782,0.984531938410481,0.9984177215189873,"{""0"": 1, ""1"": 0}"
265,3,632,0.9963120009791766,0.9906392772421678,0.9984177215189873,"{""0"": 2, ""1"": 1, ""2"": 0}"
265,4,632,0.9905520573915966,0.985555569140464,0.9968354430379747,"{""0"": 3, ""1"": 1, ""2"": 0, ""3"": 2}"
265,5,632,0.652451132910704,0.7013889057358462,0.8259493670886076,"{""0"": 0, ""1"": 4, ""2"": 1, ""3"": 2, ""4"": 3}"
265,6,632,0.8794727535457159,0.8706599812636,0.9477848101265823,"{""0"": 4, ""1"": 2, ""2"": 0, ""3"": 3, ""4"": 1, ""5"": 5}"
266,2,632,0.9748027454647706,0.9507090340939185,0.9936708860759493,"{""0"": 1, ""1"": 0}"
266,3,632,0.9958493210885423,0.9904593675411361,0.9984177215189873,"{""0"": 1, ""1"": 2, ""2"": 0}"
266,4,632,0.9761356626324227,0.963297544599614,0.990506329113924,"{""0"": 1, ""1"": 2, ""2"": 0, ""3"": 3}"
266,5,632,0.6441585310290332,0.722948601554133,0.8370253164556962,"{""0"": 2, ""1"": 3, ""2"": 4, ""3"": 0, ""4"": 1}"
266,6,632,0.8048706181592755,0.8148124183950284,0.9098101265822784,"{""0"": 1, ""1"": 3, ""2"": 4, ""3"": 5, ""4"": 0, ""5"": 2}"
267,2,632,0.987361827027161,0.9691189073052543,0.9968354430379747,"{""0"": 1, ""1"": 0}"
267,3,632,0.855720390954033,0.8495224578928637,0.9556962025316456,"{""0"": 2, ""1"": 1, ""2"": 0}"
267,4,632,1.0,1.0,1.0,"{""0"": 2, ""1"": 1, ""2"": 3, ""3"": 0}"
267,5,632,0.9040161519038014,0.9058336872811992,0.9620253164556962,"{""0"": 2, ""1"": 4, ""2"": 3, ""3"": 0, ""4"": 1}"
267,6,632,0.46804187431047267,0.5928714278826365,0.6360759493670886,"{""0"": 4, ""1"": 0, ""2"": 2, ""3"": 1, ""4"": 5, ""5"": 3}"
268,2,632,0.16501755526136544,0.23153015351814182,0.7041139240506329,"{""0"": 1, ""1"": 0}"
268,3,632,0.9906439883441523,0.9806656172091964,0.9968354430379747,"{""0"": 0, ""1"": 2, ""2"": 1}"
268,4,632,0.9709249777344288,0.9538603218133861,0.9889240506329114,"{""0"": 1, ""1"": 0, ""2"": 2, ""3"": 3}"
268,5,632,0.9798855668275105,0.9764539249905579,0.9920886075949367,"{""0"": 4, ""1"": 1, ""2"": 3, ""3"": 2, ""4"": 0}"
268,6,632,0.9708695059638933,0.9633773137744339,0.9873417721518988,"{""0"": 3, ""1"": 0, ""2"": 2, ""3"": 1, ""4"": 4, ""5"": 5}"
269,2,632,0.9936708844547795,0.9845572768755257,0.9984177215189873,"{""0"": 0, ""1"": 1}"
269,3,632,0.9850506944050982,0.972475240464347,0.995253164556962,"{""0"": 2, ""1"": 1, ""2"": 0}"
269,4,632,0.9876838656679177,0.9804291750779363,0.995253164556962,"{""0"": 2, ""1"": 3, ""2"": 0, ""3"": 1}"
269,5,632,0.7200307495086681,0.7601920421029841,0.8765822784810127,"{""0"": 2, ""1"": 3, ""2"": 4, ""3"": 1, ""4"": 0}"
269,6,632,0.9069482396234612,0.8952917853627798,0.9572784810126582,"{""0"": 3, ""1"": 1, ""2"": 4, ""3"": 5, ""4"": 2, ""5"": 0}"
270,2,632,0.15490235244694014,0.24648610876064347,0.6977848101265823,"{""0"": 1, ""1"": 0}"
270,3,632,0.9604141399178272,0.926623162694767,0.9841772151898734,"{""0"": 1, ""1"": 0, ""2"": 2}"
270,4,632,0.953549616626581,0.9332465288022567,0.9825949367088608,"{""0"": 3, ""1"": 2, ""2"": 1, ""3"": 0}"
270,5,632,0.5280883953177833,0.6459575701660365,0.7674050632911392,"{""0"": 2, ""1"": 3, ""2"": 1, ""3"": 4, ""4"": 0}"
270,6,632,0.9782614342983892,0.9722873023346765,0.990506329113924,"{""0"": 2, ""1"": 4, ""2"": 1, ""3"": 0, ""4"": 3, ""5"": 5}"
271,2,632,0.9561175025787018,0.9230732397372255,0.9889240506329114,"{""0"": 0, ""1"": 1}"
271,3,632,0.9813320795672146,0.9652046468338853,0.9936708860759493,"{""0"": 1, ""1"": 2, ""2"": 0}"
271,4,632,0.9785128921238225,0.9677865984966401,0.9920886075949367,"{""0"": 0, ""1"": 1, ""2"": 3, ""3"": 2}"
271,5,632,0.8304185925826598,0.8494591788711041,0.930379746835443,"{""0"": 1, ""1"": 0, ""2"": 2, ""3"": 3, ""4"": 4}"
271,6,632,0.5068042843989903,0.6264867093863073,0.6629746835443038,"{""0"": 3, ""1"": 1, ""2"": 5, ""3"": 2, ""4"": 0, ""5"": 4}"
272,2,632,0.9873614204195429,0.9721911852332777,0.9968354430379747,"{""0"": 1, ""1"": 0}"
272,3,632,0.961094906815233,0.9384050762294305,0.9873417721518988,"{""0"": 1, ""1"": 2, ""2"": 0}"
272,4,632,0.9486400417430926,0.9422428209757843,0.9825949367088608,"{""0"": 3, ""1"": 2, ""2"": 1, ""3"": 0}"
272,5,632,0.6887278475011729,0.7249139471705894,0.8496835443037974,"{""0"": 1, ""1"": 2, ""2"": 0, ""3"": 4, ""4"": 3}"
272,6,632,0.7843843607325336,0.8225374950026088,0.8971518987341772,"{""0"": 3, ""1"": 4, ""2"": 5, ""3"": 1, ""4"": 2, ""5"": 0}"
273,2,632,0.9936708795517861,0.9845727079369875,0.9984177215189873,"{""0"": 0, ""1"": 1}"
273,3,632,0.951606869262268,0.9353665598412151,0.9857594936708861,"{""0"": 1, ""1"": 2, ""2"": 0}"
273,4,632,0.9559396600148404,0.9516801753506603,0.9841772151898734,"{""0"": 2, ""1"": 1, ""2"": 3, ""3"": 0}"
273,5,632,0.5352564783055733,0.6456625117823844,0.759493670886076,"{""0"": 0, ""1"": 4, ""2"": 3, ""3"": 1, ""4"": 2}"
273,6,632,0.7632921416039704,0.7800516699562268,0.879746835443038,"{""0"": 3, ""1"": 1, ""2"": 5, ""3"": 4, ""4"": 2, ""5"": 0}"
274,2,632,0.9936708722291195,0.9845476369840697,0.9984177215189873,"{""0"": 1, ""1"": 0}"
274,3,632,0.7857596277704977,0.7856126660781948,0.9319620253164557,"{""0"": 1, ""1"": 2, ""2"": 0}"
274,4,632,0.9270518778464762,0.917107967290614,0.9746835443037974,"{""0"": 0, ""1"": 2, ""2"": 3, ""3"": 1}"
274,5,632,0.8628093531545351,0.8532755480872739,0.944620253164557,"{""0"": 1, ""1"": 4, ""2"": 3, ""3"": 0, ""4"": 2}"
274,6,632,0.8071153161991095,0.830639442538432,0.9129746835443038,"{""0"": 3, ""1"": 1, ""2"": 0, ""3"": 2, ""4"": 4, ""5"": 5}"
275,2,632,0.9873618317977748,0.9722863191620774,0.9968354430379747,"{""0"": 0, ""1"": 1}"
275,3,632,0.971625152220535,0.9486879684929832,0.990506329113924,"{""0"": 0, ""1"": 2, ""2"": 1}"
275,4,632,1.0,1.0,1.0,"{""0"": 3, ""1"": 1, ""2"": 0, ""3"": 2}"
275,5,632,0.7204100696572433,0.7522239237475373,0.8686708860759493,"{""0"": 1, ""1"": 3, ""2"": 4, ""3"": 0, ""4"": 2}"
275,6,632,0.9191735300130544,0.9158494899228942,0.9667721518987342,"{""0"": 0, ""1"": 3, ""2"": 4, ""3"": 2, ""4"": 5, ""5"": 1}"
276,2,632,0.9873617989221709,0.9722635513107766,0.9968354430379747,"{""0"": 0, ""1"": 1}"
276,3,632,0.992210176752401,0.981086222275192,0.9968354430379747,"{""0"": 1, ""1"": 2, ""2"": 0}"
276,4,632,0.9781080745251713,0.9674355511077429,0.9920886075949367,"{""0"": 1, ""1"": 0, ""2"": 2, ""3"": 3}"
276,5,632,0.9557456113456736,0.9420921188901717,0.9825949367088608,"{""0"": 2, ""1"": 3, ""2"": 1, ""3"": 0, ""4"": 4}"
276,6,632,0.4738595298430322,0.5699709283959057,0.6455696202531646,"{""0"": 2, ""1"": 3, ""2"": 0, ""3"": 4, ""4"": 1, ""5"": 5}"
277,2,632,0.9873618181534536,0.9723124057232461,0.9968354430379747,"{""0"": 1, ""1"": 0}"
277,3,632,0.9739549873227796,0.9587827889596371,0.9920886075949367,"{""0"": 0, ""1"": 2, ""2"": 1}"
277,4,632,0.9508798742003286,0.9371128649456233,0.9825949367088608,"{""0"": 1, ""1"": 0, ""2"": 3, ""3"": 2}"
277,5,632,0.9674403820047862,0.9594838501877376,0.9873417721518988,"{""0"": 4, ""1"": 3, ""2"": 1, ""3"": 2, ""4"": 0}"
277,6,632,0.7162477119080632,0.7662932393012657,0.8686708860759493,"{""0"": 0, ""1"": 3, ""2"": 2, ""3"": 5, ""4"": 4, ""5"": 1}"
278,2,632,0.9748037706223344,0.9508465064033694,0.9936708860759493,"{""0"": 1, ""1"": 0}"
278,3,632,0.9718038268488539,0.9484216915486038,0.990506329113924,"{""0"": 2, ""1"": 1, ""2"": 0}"
278,4,632,0.9553487643033445,0.9375443201885264,0.9841772151898734,"{""0"": 1, ""1"": 3, ""2"": 2, ""3"": 0}"
278,5,632,0.5499402109857704,0.653033789728299,0.7816455696202531,"{""0"": 1, ""1"": 3, ""2"": 0, ""3"": 4, ""4"": 2}"
278,6,632,0.7860133187388243,0.8073314251563517,0.9034810126582279,"{""0"": 3, ""1"": 0, ""2"": 1, ""3"": 2, ""4"": 5, ""5"": 4}"
279,2,632,0.987361812050309,0.9722697818088512,0.9968354430379747,"{""0"": 1, ""1"": 0}"
279,3,632,0.9721000350289257,0.9616256536249,0.9920886075949367,"{""0"": 0, ""1"": 1, ""2"": 2}"
279,4,632,0.9304816588563178,0.9149948051881132,0.9746835443037974,"{""0"": 1, ""1"": 2, ""2"": 0, ""3"": 3}"
279,5,632,0.9443914398571582,0.9290038122628351,0.9778481012658228,"{""0"": 2, ""1"": 1, ""2"": 0, ""3"": 4, ""4"": 3}"
279,6,632,0.8673375222196944,0.8830266679364611,0.944620253164557,"{""0"": 5, ""1"": 4, ""2"": 2, ""3"": 3, ""4"": 0, ""5"": 1}"
280,2,632,1.0,1.0,1.0,"{""0"": 1, ""1"": 0}"
280,3,632,0.9921886209910515,0.9810856030668629,0.9968354430379747,"{""0"": 1, ""1"": 0, ""2"": 2}"
280,4,632,0.923704157782674,0.9093387731930103,0.9731012658227848,"{""0"": 1, ""1"": 0, ""2"": 3, ""3"": 2}"
280,5,632,0.6368352468688772,0.6896073188293136,0.8069620253164557,"{""0"": 2, ""1"": 0, ""2"": 4, ""3"": 1, ""4"": 3}"
280,6,632,0.8407941637725421,0.8382844595259442,0.930379746835443,"{""0"": 0, ""1"": 4, ""2"": 3, ""3"": 5, ""4"": 1, ""5"": 2}"
281,2,632,0.9873617989221709,0.9722635513107766,0.9968354430379747,"{""0"": 0, ""1"": 1}"
281,3,632,0.9790589602749594,0.9652157816328119,0.9936708860759493,"{""0"": 2, ""1"": 0, ""2"": 1}"
281,4,632,0.943224077587639,0.9277647917115172,0.9794303797468354,"{""0"": 2, ""1"": 1, ""2"": 3, ""3"": 0}"
281,5,632,0.8931489194258432,0.8902368055706517,0.9588607594936709,"{""0"": 4, ""1"": 0, ""2"": 3, ""3"": 1, ""4"": 2}"
281,6,632,0.9134639183279959,0.9019337703309138,0.9604430379746836,"{""0"": 2, ""1"": 4, ""2"": 1, ""3"": 3, ""4"": 5, ""5"": 0}"
282,2,632,1.0,1.0,1.0,"{""0"": 1, ""1"": 0}"
282,3,632,0.9846183809507761,0.9674921638139375,0.9936708860759493,"{""0"": 1, ""1"": 2, ""2"": 0}"
282,4,632,0.9618712659853335,0.9444172818086878,0.9857594936708861,"{""0"": 3, ""1"": 0, ""2"": 2, ""3"": 1}"
282,5,632,0.4626401811705962,0.5795908160657852,0.6708860759493671,"{""0"": 0, ""1"": 4, ""2"": 1, ""3"": 2, ""4"": 3}"
282,6,632,0.6875628506566238,0.7376212081401852,0.8481012658227848,"{""0"": 2, ""1"": 1, ""2"": 3, ""3"": 4, ""4"": 5, ""5"": 0}"
283,2,632,0.9873617324240764,0.972242696739464,0.9968354430379747,"{""0"": 0, ""1"": 1}"
283,3,632,0.9533584978397769,0.9313319022383783,0.9857594936708861,"{""0"": 2, ""1"": 0, ""2"": 1}"
283,4,632,0.9448844889767937,0.9359103920734793,0.9810126582278481,"{""0"": 1, ""1"": 3, ""2"": 0, ""3"": 2}"
283,5,632,0.6783755013070129,0.7118235283727805,0.8465189873417721,"{""0"": 1, ""1"": 2, ""2"": 4, ""3"": 3, ""4"": 0}"
283,6,632,0.5526371824994802,0.6444395902026347,0.7009493670886076,"{""0"": 4, ""1"": 1, ""2"": 3, ""3"": 2, ""4"": 5, ""5"": 0}"
284,2,632,0.9936708861740091,0.9845626923798214,0.9984177215189873,"{""0"": 1, ""1"": 0}"
284,3,632,0.9958687485526697,0.9905300540618704,0.9984177215189873,"{""0"": 0, ""1"": 2, ""2"": 1}"
284,4,632,0.9869384817373522,0.9803354700828384,0.995253164556962,"{""0"": 3, ""1"": 0, ""2"": 1, ""3"": 2}"
284,5,632,0.6609294558851164,0.7113973455152904,0.8291139240506329,"{""0"": 0, ""1"": 2, ""2"": 1, ""3"": 3, ""4"": 4}"
284,6,632,0.8886643911985562,0.8872379030961209,0.9477848101265823,"{""0"": 5, ""1"": 1, ""2"": 0, ""3"": 4, ""4"": 3, ""5"": 2}"
285,2,632,0.949928777656336,0.901938699166017,0.9873417721518988,"{""0"": 0, ""1"": 1}"
285,3,632,0.8734859075649101,0.8708138657505956,0.9620253164556962,"{""0"": 1, ""1"": 2, ""2"": 0}"
285,4,632,0.9640291525338522,0.9522067285765571,0.9873417721518988,"{""0"": 1, ""1"": 3, ""2"": 2, ""3"": 0}"
285,5,632,0.6150754836833153,0.6860977811743112,0.7800632911392406,"{""0"": 1, ""1"": 3, ""2"": 0, ""3"": 4, ""4"": 2}"
285,6,632,0.7768662062611049,0.7882423185814812,0.8987341772151899,"{""0"": 2, ""1"": 1, ""2"": 4, ""3"": 0, ""4"": 3, ""5"": 5}"
286,2,632,1.0,1.0,1.0,"{""0"": 1, ""1"": 0}"
286,3,632,1.0,1.0,1.0,"{""0"": 2, ""1"": 0, ""2"": 1}"
286,4,632,0.9560627935719338,0.9412694887990766,0.9841772151898734,"{""0"": 1, ""1"": 2, ""2"": 3, ""3"": 0}"
286,5,632,0.7005136472918411,0.7393365731801251,0.8591772151898734,"{""0"": 4, ""1"": 2, ""2"": 1, ""3"": 3, ""4"": 0}"
286,6,632,0.9015052467243317,0.9015473466714302,0.9556962025316456,"{""0"": 4, ""1"": 2, ""2"": 5, ""3"": 0, ""4"": 3, ""5"": 1}"
287,2,632,0.9685549484705039,0.9411329119896553,0.9920886075949367,"{""0"": 0, ""1"": 1}"
287,3,632,0.7986811947092328,0.804814971308062,0.9382911392405063,"{""0"": 1, ""1"": 0, ""2"": 2}"
287,4,632,0.9386418327465093,0.9245181215016783,0.9778481012658228,"{""0"": 2, ""1"": 1, ""2"": 0, ""3"": 3}"
287,5,632,0.8815964979691057,0.8685306554425557,0.9525316455696202,"{""0"": 1, ""1"": 2, ""2"": 0, ""3"": 3, ""4"": 4}"
287,6,632,0.4971231163525306,0.6387749577929543,0.6724683544303798,"{""0"": 1, ""1"": 4, ""2"": 5, ""3"": 2, ""4"": 3, ""5"": 0}"
288,2,632,1.0,1.0,1.0,"{""0"": 1, ""1"": 0}"
288,3,632,0.8016735640631217,0.8068870496332786,0.9382911392405063,"{""0"": 0, ""1"": 1, ""2"": 2}"
288,4,632,0.9644986279751813,0.950970946930017,0.9873417721518988,"{""0"": 0, ""1"": 3, ""2"": 2, ""3"": 1}"
288,5,632,0.6046131260947764,0.6802202904412469,0.7816455696202531,"{""0"": 4, ""1"": 2, ""2"": 0, ""3"": 1, ""4"": 3}"
288,6,632,0.5249531797696122,0.6420633388245724,0.6756329113924051,"{""0"": 5, ""1"": 0, ""2"": 3, ""3"": 1, ""4"": 4, ""5"": 2}"
289,2,632,0.9873618279998477,0.9722811651523068,0.9968354430379747,"{""0"": 0, ""1"": 1}"
289,3,632,0.9559074917631153,0.9225918834481722,0.9841772151898734,"{""0"": 1, ""1"": 0, ""2"": 2}"
289,4,632,0.9459406603245979,0.9269770464360085,0.9794303797468354,"{""0"": 1, ""1"": 2, ""2"": 3, ""3"": 0}"
289,5,632,0.7907155747624327,0.8083702201416869,0.9145569620253164,"{""0"": 0, ""1"": 2, ""2"": 4, ""3"": 3, ""4"": 1}"
289,6,632,0.8981773301810293,0.9089184195373545,0.9604430379746836,"{""0"": 4, ""1"": 5, ""2"": 1, ""3"": 3, ""4"": 0, ""5"": 2}"
290,2,632,0.17265439168315477,0.24299604485458368,0.7088607594936709,"{""0"": 1, ""1"": 0}"
290,3,632,0.9615631148706568,0.9357252639181264,0.9873417721518988,"{""0"": 0, ""1"": 2, ""2"": 1}"
290,4,632,0.9559045108630718,0.9430995710579104,0.9841772151898734,"{""0"": 1, ""1"": 3, ""2"": 2, ""3"": 0}"
290,5,632,0.9183576042716007,0.904602528713459,0.9683544303797469,"{""0"": 1, ""1"": 0, ""2"": 3, ""3"": 4, ""4"": 2}"
290,6,632,0.4775670618877857,0.6052788933814176,0.634493670886076,"{""0"": 0, ""1"": 4, ""2"": 5, ""3"": 1, ""4"": 3, ""5"": 2}"
291,2,632,0.981072802094499,0.9611826300568643,0.995253164556962,"{""0"": 1, ""1"": 0}"
291,3,632,0.8071382756211811,0.8124986100681597,0.939873417721519,"{""0"": 1, ""1"": 0, ""2"": 2}"
291,4,632,0.9770327072107631,0.9678085012922164,0.9920886075949367,"{""0"": 0, ""1"": 3, ""2"": 1, ""3"": 2}"
291,5,632,0.6151302075876658,0.6747003594107697,0.7800632911392406,"{""0"": 2, ""1"": 1, ""2"": 0, ""3"": 3, ""4"": 4}"
291,6,632,0.9346497958809188,0.9148911717098513,0.9683544303797469,"{""0"": 3, ""1"": 4, ""2"": 5, ""3"": 0, ""4"": 1, ""5"": 2}"
292,2,632,0.9748038566877963,0.9446658554085566,0.9936708860759493,"{""0"": 1, ""1"": 0}"
292,3,632,0.9714947878623746,0.9485871037265403,0.990506329113924,"{""0"": 2, ""1"": 1, ""2"": 0}"
292,4,632,0.9424667160184351,0.933484281679691,0.9794303797468354,"{""0"": 0, ""1"": 3, ""2"": 1, ""3"": 2}"
292,5,632,0.7095838656593852,0.7342449295346097,0.865506329113924,"{""0"": 0, ""1"": 4, ""2"": 2, ""3"": 3, ""4"": 1}"
292,6,632,0.9376612384352746,0.9326434410563547,0.9746835443037974,"{""0"": 1, ""1"": 2, ""2"": 4, ""3"": 3, ""4"": 5, ""5"": 0}"
293,2,632,0.9685550391767858,0.9355035380650449,0.9920886075949367,"{""0"": 0, ""1"": 1}"
293,3,632,0.981245847375441,0.9628302364382022,0.9936708860759493,"{""0"": 2, ""1"": 0, ""2"": 1}"
293,4,632,0.9814929566576996,0.9726174196068459,0.9936708860759493,"{""0"": 2, ""1"": 3, ""2"": 0, ""3"": 1}"
293,5,632,0.662669169174746,0.7077349554579463,0.8370253164556962,"{""0"": 2, ""1"": 4, ""2"": 1, ""3"": 3, ""4"": 0}"
293,6,632,0.9231070388698264,0.9244699546000411,0.9699367088607594,"{""0"": 3, ""1"": 0, ""2"": 4, ""3"": 1, ""4"": 5, ""5"": 2}"
294,2,632,0.9936708857461121,0.9845650976704768,0.9984177215189873,"{""0"": 0, ""1"": 1}"
294,3,632,0.7605514281482006,0.7715828324929977,0.9240506329113924,"{""0"": 1, ""1"": 2, ""2"": 0}"
294,4,632,0.9362844254668479,0.9120799655763505,0.9762658227848101,"{""0"": 2, ""1"": 1, ""2"": 3, ""3"": 0}"
294,5,632,0.6499055755449273,0.6970444680724005,0.8243670886075949,"{""0"": 4, ""1"": 1, ""2"": 0, ""3"": 3, ""4"": 2}"
294,6,632,0.531948612029001,0.6582906614911433,0.6740506329113924,"{""0"": 5, ""1"": 2, ""2"": 0, ""3"": 4, ""4"": 1, ""5"": 3}"
295,2,632,1.0,1.0,1.0,"{""0"": 0, ""1"": 1}"
295,3,632,0.9538558099080836,0.9175805732475539,0.9825949367088608,"{""0"": 0, ""1"": 1, ""2"": 2}"
295,4,632,0.9352307410451027,0.9204342549782976,0.9762658227848101,"{""0"": 3, ""1"": 1, ""2"": 2, ""3"": 0}"
295,5,632,0.5257097881574747,0.6441203921203466,0.7705696202531646,"{""0"": 3, ""1"": 4, ""2"": 1, ""3"": 0, ""4"": 2}"
295,6,632,0.7219705436914875,0.7750274073511527,0.875,"{""0"": 5, ""1"": 3, ""2"": 0, ""3"": 1, ""4"": 4, ""5"": 2}"
296,2,632,0.9873612421126953,0.972171084609055,0.9968354430379747,"{""0"": 1, ""1"": 0}"
296,3,632,0.7892125367138728,0.7889148767237086,0.9335443037974683,"{""0"": 1, ""1"": 0, ""2"": 2}"
296,4,632,0.9495269823501998,0.9376212724286943,0.9825949367088608,"{""0"": 1, ""1"": 3, ""2"": 0, ""3"": 2}"
296,5,632,0.8966790892131751,0.8969808057939628,0.9588607594936709,"{""0"": 2, ""1"": 0, ""2"": 3, ""3"": 4, ""4"": 1}"
296,6,632,0.5162096700857091,0.6465692880574683,0.6645569620253164,"{""0"": 3, ""1"": 4, ""2"": 2, ""3"": 0, ""4"": 1, ""5"": 5}"
297,2,632,0.9936708857461121,0.9845650976704768,0.9984177215189873,"{""0"": 1, ""1"": 0}"
297,3,632,0.9867889088685551,0.9733551049648361,0.995253164556962,"{""0"": 1, ""1"": 0, ""2"": 2}"
297,4,632,0.9653638639685804,0.9534039807585377,0.9873417721518988,"{""0"": 0, ""1"": 1, ""2"": 3, ""3"": 2}"
297,5,632,0.6284352190418601,0.6915536916492857,0.7895569620253164,"{""0"": 2, ""1"": 1, ""2"": 4, ""3"": 0, ""4"": 3}"
297,6,632,0.690185059890021,0.7480249361656377,0.8512658227848101,"{""0"": 2, ""1"": 5, ""2"": 4, ""3"": 1, ""4"": 0, ""5"": 3}"
298,2,632,0.9936708818950358,0.9845542661058769,0.9984177215189873,"{""0"": 0, ""1"": 1}"
298,3,632,1.0,1.0,1.0,"{""0"": 1, ""1"": 0, ""2"": 2}"
298,4,632,0.9729172931375851,0.9634953134124907,0.990506329113924,"{""0"": 3, ""1"": 2, ""2"": 1, ""3"": 0}"
298,5,632,0.5001844850943835,0.6123640748098211,0.7294303797468354,"{""0"": 1, ""1"": 4, ""2"": 2, ""3"": 3, ""4"": 0}"
298,6,632,0.8762883086758957,0.8711401532070603,0.9462025316455697,"{""0"": 5, ""1"": 3, ""2"": 0, ""3"": 2, ""4"": 4, ""5"": 1}"
299,2,632,0.9810728411916092,0.9612255204556784,0.995253164556962,"{""0"": 1, ""1"": 0}"
299,3,632,1.0,1.0,1.0,"{""0"": 1, ""1"": 0, ""2"": 2}"
299,4,632,0.9638385427116073,0.954998067473519,0.9873417721518988,"{""0"": 1, ""1"": 2, ""2"": 0, ""3"": 3}"
299,5,632,0.6369312731656843,0.6800396137448885,0.8132911392405063,"{""0"": 2, ""1"": 1, ""2"": 0, ""3"": 4, ""4"": 3}"
299,6,632,0.5077129829506417,0.6218408102154255,0.6867088607594937,"{""0"": 4, ""1"": 2, ""2"": 1, ""3"": 0, ""4"": 3, ""5"": 5}"
300,2,632,0.1603831490409923,0.25531609865648364,0.7009493670886076,"{""0"": 1, ""1"": 0}"
300,3,632,0.7811820167055576,0.7735093703897828,0.9287974683544303,"{""0"": 0, ""1"": 1, ""2"": 2}"
300,4,632,0.9169895983150991,0.8950765272464056,0.9699367088607594,"{""0"": 0, ""1"": 2, ""2"": 1, ""3"": 3}"
300,5,632,0.8632386991711616,0.8604377628672009,0.944620253164557,"{""0"": 0, ""1"": 3, ""2"": 1, ""3"": 2, ""4"": 4}"
300,6,632,0.5344585871417996,0.6413408418306236,0.6835443037974683,"{""0"": 2, ""1"": 0, ""2"": 4, ""3"": 5, ""4"": 3, ""5"": 1}"
301,2,632,0.9936708547947374,0.984540195442337,0.9984177215189873,"{""0"": 0, ""1"": 1}"
301,3,632,0.9362954901704388,0.8968769419288432,0.9778481012658228,"{""0"": 0, ""1"": 1, ""2"": 2}"
301,4,632,0.9337939275160989,0.9153844347850665,0.9762658227848101,"{""0"": 0, ""1"": 3, ""2"": 1, ""3"": 2}"
301,5,632,0.6921468229017514,0.7330879874704819,0.8528481012658228,"{""0"": 2, ""1"": 4, ""2"": 1, ""3"": 3, ""4"": 0}"
301,6,632,0.9060929535882046,0.9131569150413258,0.9636075949367089,"{""0"": 2, ""1"": 5, ""2"": 0, ""3"": 1, ""4"": 3, ""5"": 4}"
302,2,632,0.9936707873282496,0.9845228624743079,0.9984177215189873,"{""0"": 0, ""1"": 1}"
302,3,632,0.7949311906546458,0.7938421059520907,0.935126582278481,"{""0"": 2, ""1"": 0, ""2"": 1}"
302,4,632,0.9044970913243039,0.8873166426112696,0.9651898734177216,"{""0"": 1, ""1"": 0, ""2"": 3, ""3"": 2}"
302,5,632,0.5735952534580913,0.6688013710879939,0.7943037974683544,"{""0"": 1, ""1"": 0, ""2"": 2, ""3"": 3, ""4"": 4}"
302,6,632,0.49593917570570084,0.5798035697332748,0.6550632911392406,"{""0"": 2, ""1"": 0, ""2"": 4, ""3"": 5, ""4"": 3, ""5"": 1}"
303,2,632,1.0,1.0,1.0,"{""0"": 1, ""1"": 0}"
303,3,632,0.9943236290996446,0.9896702540091303,0.9984177215189873,"{""0"": 0, ""1"": 1, ""2"": 2}"
303,4,632,0.9623220788166038,0.9575115095053188,0.9873417721518988,"{""0"": 3, ""1"": 0, ""2"": 1, ""3"": 2}"
303,5,632,0.8632730952964391,0.8633737770855422,0.9462025316455697,"{""0"": 2, ""1"": 4, ""2"": 3, ""3"": 1, ""4"": 0}"
303,6,632,0.6382189617470362,0.6911358419599326,0.7800632911392406,"{""0"": 1, ""1"": 5, ""2"": 2, ""3"": 0, ""4"": 4, ""5"": 3}"
304,2,632,1.0,1.0,1.0,"{""0"": 0, ""1"": 1}"
304,3,632,0.7737495595665516,0.7775614207892354,0.9287974683544303,"{""0"": 1, ""1"": 0, ""2"": 2}"
304,4,632,0.9581076006048715,0.9452099822196073,0.9857594936708861,"{""0"": 0, ""1"": 2, ""2"": 1, ""3"": 3}"
304,5,632,0.6203231808961756,0.6755477750987819,0.7974683544303798,"{""0"": 1, ""1"": 2, ""2"": 0, ""3"": 3, ""4"": 4}"
304,6,632,0.8574301209770262,0.8650267366222664,0.9367088607594937,"{""0"": 1, ""1"": 3, ""2"": 2, ""3"": 4, ""4"": 5, ""5"": 0}"
305,2,632,0.9936708779013222,0.9845510529189185,0.9984177215189873,"{""0"": 1, ""1"": 0}"
305,3,632,0.9862237201790734,0.9729272403576081,0.995253164556962,"{""0"": 1, ""1"": 2, ""2"": 0}"
305,4,632,0.9343030645016609,0.9118574235384839,0.9762658227848101,"{""0"": 2, ""1"": 0, ""2"": 3, ""3"": 1}"
305,5,632,0.6428470004109245,0.693925147012442,0.810126582278481,"{""0"": 1, ""1"": 3, ""2"": 2, ""3"": 0, ""4"": 4}"
305,6,632,0.9206200320292943,0.9043443174369064,0.9620253164556962,"{""0"": 2, ""1"": 5, ""2"": 3, ""3"": 1, ""4"": 0, ""5"": 4}"
306,2,632,0.9936708424670813,0.9845361690679575,0.9984177215189873,"{""0"": 1, ""1"": 0}"
306,3,632,0.988835893799796,0.9769601941575138,0.995253164556962,"{""0"": 1, ""1"": 2, ""2"": 0}"
306,4,632,0.9628315703582757,0.9580344088741191,0.9873417721518988,"{""0"": 2, ""1"": 0, ""2"": 3, ""3"": 1}"
306,5,632,0.7675806086380241,0.7930981163831815,0.8955696202531646,"{""0"": 0, ""1"": 4, ""2"": 2, ""3"": 3, ""4"": 1}"
306,6,632,0.8206305658423307,0.8275604222574966,0.9145569620253164,"{""0"": 0, ""1"": 5, ""2"": 3, ""3"": 1, ""4"": 2, ""5"": 4}"
307,2,632,1.0,1.0,1.0,"{""0"": 0, ""1"": 1}"
307,3,632,0.9812249833188159,0.9653432535486266,0.9936708860759493,"{""0"": 0, ""1"": 1, ""2"": 2}"
307,4,632,0.9637700354676808,0.9519173415381303,0.9873417721518988,"{""0"": 3, ""1"": 2, ""2"": 1, ""3"": 0}"
307,5,632,0.8525769309854652,0.8527988321655994,0.939873417721519,"{""0"": 1, ""1"": 3, ""2"": 2, ""3"": 4, ""4"": 0}"
307,6,632,0.9241607227717389,0.91222652148509,0.9651898734177216,"{""0"": 2, ""1"": 3, ""2"": 5, ""3"": 1, ""4"": 0, ""5"": 4}"
308,2,632,0.9873618279998477,0.9722811651523068,0.9968354430379747,"{""0"": 0, ""1"": 1}"
308,3,632,1.0,1.0,1.0,"{""0"": 2, ""1"": 1, ""2"": 0}"
308,4,632,0.986457042407853,0.9801853165591515,0.995253164556962,"{""0"": 3, ""1"": 2, ""2"": 0, ""3"": 1}"
308,5,632,0.6313695627111999,0.6913210110619751,0.7990506329113924,"{""0"": 1, ""1"": 0, ""2"": 2, ""3"": 3, ""4"": 4}"
308,6,632,0.4566844254038772,0.5767137648668078,0.625,"{""0"": 0, ""1"": 3, ""2"": 5, ""3"": 1, ""4"": 2, ""5"": 4}"
309,2,632,0.9873613368451924,0.9721813191904637,0.9968354430379747,"{""0"": 1, ""1"": 0}"
309,3,632,0.8122594054207758,0.8050644019689301,0.9414556962025317,"{""0"": 1, ""1"": 0, ""2"": 2}"
309,4,632,0.8839859370526709,0.884167611334457,0.9588607594936709,"{""0"": 2, ""1"": 0, ""2"": 3, ""3"": 1}"
309,5,632,0.7563739974472694,0.7770538525333939,0.9003164556962026,"{""0"": 4, ""1"": 3, ""2"": 0, ""3"": 2, ""4"": 1}"
309,6,632,0.5663698254404453,0.6527670337653445,0.7056962025316456,"{""0"": 2, ""1"": 1, ""2"": 5, ""3"": 0, ""4"": 3, ""5"": 4}"
310,2,632,0.9936708646186224,0.9845440179495617,0.9984177215189873,"{""0"": 1, ""1"": 0}"
310,3,632,0.9587247584361419,0.9363939041799015,0.9873417721518988,"{""0"": 1, ""1"": 2, ""2"": 0}"
310,4,632,0.9687756701688999,0.9559845625505695,0.9889240506329114,"{""0"": 1, ""1"": 2, ""2"": 3, ""3"": 0}"
310,5,632,0.9730945826276431,0.9664871247491197,0.9889240506329114,"{""0"": 4, ""1"": 0, ""2"": 3, ""3"": 1, ""4"": 2}"
310,6,632,0.7158679830629557,0.7705633590453527,0.870253164556962,"{""0"": 1, ""1"": 3, ""2"": 0, ""3"": 4, ""4"": 5, ""5"": 2}"
311,2,632,0.9936708847094802,0.9845673016559948,0.9984177215189873,"{""0"": 1, ""1"": 0}"
311,3,632,0.9923587589613856,0.9833553586385149,0.9968354430379747,"{""0"": 2, ""1"": 1, ""2"": 0}"
311,4,632,0.9527831234194774,0.9358437918551475,0.9825949367088608,"{""0"": 1, ""1"": 2, ""2"": 3, ""3"": 0}"
311,5,632,0.9109115567925654,0.8972571892439221,0.9651898734177216,"{""0"": 1, ""1"": 4, ""2"": 2, ""3"": 3, ""4"": 0}"
311,6,632,0.7455541011957711,0.7862392091072785,0.8876582278481012,"{""0"": 1, ""1"": 3, ""2"": 4, ""3"": 0, ""4"": 5, ""5"": 2}"
312,2,632,0.974801735712147,0.9506312732728476,0.9936708860759493,"{""0"": 0, ""1"": 1}"
312,3,632,0.9368943536925709,0.914666249136296,0.9810126582278481,"{""0"": 0, ""1"": 2, ""2"": 1}"
312,4,632,0.8518746011675484,0.86260650130329,0.9462025316455697,"{""0"": 1, ""1"": 2, ""2"": 0, ""3"": 3}"
312,5,632,0.5807445467228096,0.6776963181248166,0.805379746835443,"{""0"": 4, ""1"": 3, ""2"": 0, ""3"": 1, ""4"": 2}"
312,6,632,0.503453751205869,0.6056471984497516,0.6613924050632911,"{""0"": 1, ""1"": 4, ""2"": 5, ""3"": 3, ""4"": 0, ""5"": 2}"
313,2,632,0.15491609604438292,0.22361922282592328,0.6977848101265823,"{""0"": 1, ""1"": 0}"
313,3,632,0.970886933083751,0.9514591537976835,0.990506329113924,"{""0"": 1, ""1"": 0, ""2"": 2}"
313,4,632,0.9638398280012413,0.9520125356588496,0.9873417721518988,"{""0"": 1, ""1"": 3, ""2"": 2, ""3"": 0}"
313,5,632,0.9397217110225038,0.922354888005602,0.9762658227848101,"{""0"": 4, ""1"": 0, ""2"": 2, ""3"": 3, ""4"": 1}"
313,6,632,0.6796386968140383,0.7423730645062715,0.819620253164557,"{""0"": 5, ""1"": 1, ""2"": 3, ""3"": 2, ""4"": 0, ""5"": 4}"
314,2,632,0.16695348173596886,0.24314416811071962,0.7056962025316456,"{""0"": 1, ""1"": 0}"
314,3,632,0.76954235728942,0.7754250904800608,0.9272151898734177,"{""0"": 1, ""1"": 0, ""2"": 2}"
314,4,632,0.9402592112155568,0.9282159992022057,0.9794303797468354,"{""0"": 3, ""1"": 2, ""2"": 0, ""3"": 1}"
314,5,632,0.6481213450316509,0.6965209232846228,0.8180379746835443,"{""0"": 0, ""1"": 3, ""2"": 2, ""3"": 1, ""4"": 4}"
314,6,632,0.8751474816467235,0.8734711847923913,0.9414556962025317,"{""0"": 0, ""1"": 3, ""2"": 5, ""3"": 4, ""4"": 2, ""5"": 1}"
315,2,632,0.1553213347320463,0.22802318111774894,0.6977848101265823,"{""0"": 0, ""1"": 1}"
315,3,632,0.7996329453283125,0.7904402133454345,0.9367088607594937,"{""0"": 1, ""1"": 2, ""2"": 0}"
315,4,632,0.9298243306195239,0.911297792324188,0.9746835443037974,"{""0"": 2, ""1"": 0, ""2"": 1, ""3"": 3}"
315,5,632,0.6648386648104403,0.7187588642099115,0.8354430379746836,"{""0"": 2, ""1"": 1, ""2"": 0, ""3"": 3, ""4"": 4}"
315,6,632,0.5356342720884677,0.6442780979359968,0.6882911392405063,"{""0"": 4, ""1"": 5, ""2"": 1, ""3"": 0, ""4"": 3, ""5"": 2}"
316,2,632,1.0,1.0,1.0,"{""0"": 0, ""1"": 1}"
316,3,632,0.985040967193522,0.9711774847209472,0.9936708860759493,"{""0"": 1, ""1"": 2, ""2"": 0}"
316,4,632,0.9722712774031521,0.9663384258485003,0.990506329113924,"{""0"": 1, ""1"": 2, ""2"": 0, ""3"": 3}"
316,5,632,0.8074275542177379,0.8241940102806528,0.9193037974683544,"{""0"": 3, ""1"": 1, ""2"": 2, ""3"": 4, ""4"": 0}"
316,6,632,0.4869855106428302,0.6167938641269463,0.6518987341772152,"{""0"": 4, ""1"": 3, ""2"": 2, ""3"": 5, ""4"": 1, ""5"": 0}"
317,2,632,0.9748039140855685,0.9509181083647031,0.9936708860759493,"{""0"": 0, ""1"": 1}"
317,3,632,1.0,1.0,1.0,"{""0"": 2, ""1"": 1, ""2"": 0}"
317,4,632,0.983053028531167,0.9734688208428848,0.9936708860759493,"{""0"": 3, ""1"": 1, ""2"": 0, ""3"": 2}"
317,5,632,0.48166663671865806,0.5998807502954112,0.7215189873417721,"{""0"": 1, ""1"": 3, ""2"": 0, ""3"": 4, ""4"": 2}"
317,6,632,0.8994180663669973,0.8801501489373925,0.9541139240506329,"{""0"": 5, ""1"": 4, ""2"": 1, ""3"": 0, ""4"": 2, ""5"": 3}"
318,2,632,0.15937014484769738,0.22338095044531406,0.7009493670886076,"{""0"": 1, ""1"": 0}"
318,3,632,1.0,1.0,1.0,"{""0"": 1, ""1"": 2, ""2"": 0}"
318,4,632,0.9868726046242685,0.9802912378601198,0.995253164556962,"{""0"": 2, ""1"": 1, ""2"": 0, ""3"": 3}"
318,5,632,0.8962915539507222,0.8943303701457871,0.9588607594936709,"{""0"": 1, ""1"": 0, ""2"": 2, ""3"": 3, ""4"": 4}"
318,6,632,0.5018249904255935,0.6304124174661753,0.6598101265822784,"{""0"": 3, ""1"": 1, ""2"": 5, ""3"": 2, ""4"": 4, ""5"": 0}"
319,2,632,0.9748039140855685,0.9509181083647031,0.9936708860759493,"{""0"": 0, ""1"": 1}"
319,3,632,0.7947424146939079,0.8120737566597582,0.9367088607594937,"{""0"": 0, ""1"": 2, ""2"": 1}"
319,4,632,0.9595546474038457,0.9465065727789124,0.9857594936708861,"{""0"": 1, ""1"": 2, ""2"": 3, ""3"": 0}"
319,5,632,0.6227120218219403,0.6809883586189188,0.7832278481012658,"{""0"": 4, ""1"": 0, ""2"": 1, ""3"": 3, ""4"": 2}"
319,6,632,0.8116611627645326,0.8144275754768049,0.9050632911392406,"{""0"": 3, ""1"": 0, ""2"": 5, ""3"": 2, ""4"": 4, ""5"": 1}"
320,2,632,1.0,1.0,1.0,"{""0"": 1, ""1"": 0}"
320,3,632,0.9720219982335733,0.9615057406107778,0.9920886075949367,"{""0"": 0, ""1"": 2, ""2"": 1}"
320,4,632,0.9403742607311714,0.928459637728627,0.9794303797468354,"{""0"": 0, ""1"": 2, ""2"": 1, ""3"": 3}"
320,5,632,0.6832870253258384,0.7328799076548272,0.8575949367088608,"{""0"": 0, ""1"": 4, ""2"": 1, ""3"": 2, ""4"": 3}"
320,6,632,0.5624902964487076,0.6681351897120927,0.7025316455696202,"{""0"": 2, ""1"": 3, ""2"": 1, ""3"": 5, ""4"": 4, ""5"": 0}"
321,2,632,0.9873618334112892,0.9722911154449129,0.9968354430379747,"{""0"": 0, ""1"": 1}"
321,3,632,0.8941167424689979,0.8777201543835818,0.9683544303797469,"{""0"": 0, ""1"": 1, ""2"": 2}"
321,4,632,0.94598341381478,0.9382899061472041,0.9810126582278481,"{""0"": 3, ""1"": 2, ""2"": 0, ""3"": 1}"
321,5,632,0.6552648029407546,0.7087758898750267,0.8259493670886076,"{""0"": 1, ""1"": 0, ""2"": 3, ""3"": 2, ""4"": 4}"
321,6,632,0.864361346228746,0.8798520263767613,0.9493670886075949,"{""0"": 4, ""1"": 3, ""2"": 1, ""3"": 5, ""4"": 0, ""5"": 2}"
322,2,632,1.0,1.0,1.0,"{""0"": 0, ""1"": 1}"
322,3,632,0.9701898333874813,0.9512468316849213,0.990506329113924,"{""0"": 1, ""1"": 0, ""2"": 2}"
322,4,632,0.9961067118243535,0.9930421102266268,0.9984177215189873,"{""0"": 3, ""1"": 2, ""2"": 1, ""3"": 0}"
322,5,632,0.6741971243267081,0.7125257675346623,0.8354430379746836,"{""0"": 2, ""1"": 4, ""2"": 0, ""3"": 3, ""4"": 1}"
322,6,632,0.9874612137937976,0.9799273483276519,0.9936708860759493,"{""0"": 5, ""1"": 0, ""2"": 3, ""3"": 4, ""4"": 1, ""5"": 2}"
323,2,632,0.9936708740502365,0.9845763093626713,0.9984177215189873,"{""0"": 0, ""1"": 1}"
323,3,632,1.0,1.0,1.0,"{""0"": 2, ""1"": 0, ""2"": 1}"
323,4,632,0.9611819706462322,0.9473665391592097,0.9857594936708861,"{""0"": 0, ""1"": 3, ""2"": 2, ""3"": 1}"
323,5,632,0.960529159915187,0.9502780767226975,0.9841772151898734,"{""0"": 2, ""1"": 1, ""2"": 0, ""3"": 3, ""4"": 4}"
323,6,632,0.7431371078774535,0.792076582773782,0.8876582278481012,"{""0"": 4, ""1"": 3, ""2"": 5, ""3"": 1, ""4"": 0, ""5"": 2}"
324,2,632,0.9873618317977748,0.9722863191620774,0.9968354430379747,"{""0"": 1, ""1"": 0}"
324,3,632,0.9832077282201875,0.9717980838930332,0.995253164556962,"{""0"": 1, ""1"": 2, ""2"": 0}"
324,4,632,0.9764224318256984,0.9703408199031865,0.9920886075949367,"{""0"": 1, ""1"": 2, ""2"": 0, ""3"": 3}"
324,5,632,0.6181308195132156,0.6741433476267149,0.7974683544303798,"{""0"": 3, ""1"": 1, ""2"": 4, ""3"": 0, ""4"": 2}"
324,6,632,0.9493328335882769,0.9347390072738356,0.9778481012658228,"{""0"": 0, ""1"": 3, ""2"": 1, ""3"": 5, ""4"": 2, ""5"": 4}"
325,2,632,0.9936708858097872,0.984560085537352,0.9984177215189873,"{""0"": 0, ""1"": 1}"
325,3,632,0.740295704863784,0.7500772191913528,0.9177215189873418,"{""0"": 0, ""1"": 1, ""2"": 2}"
325,4,632,0.9572490733393401,0.9412221809869113,0.9841772151898734,"{""0"": 2, ""1"": 1, ""2"": 3, ""3"": 0}"
325,5,632,0.7655322292336232,0.7813898908252255,0.8924050632911392,"{""0"": 3, ""1"": 2, ""2"": 4, ""3"": 1, ""4"": 0}"
325,6,632,0.9516518106489023,0.9511069817150112,0.9810126582278481,"{""0"": 2, ""1"": 3, ""2"": 5, ""3"": 1, ""4"": 4, ""5"": 0}"
326,2,632,0.9936708722291195,0.9845476369840697,0.9984177215189873,"{""0"": 0, ""1"": 1}"
326,3,632,0.8129143692888942,0.8087884272265479,0.9414556962025317,"{""0"": 2, ""1"": 1, ""2"": 0}"
326,4,632,0.9505407266640824,0.945277703157287,0.9825949367088608,"{""0"": 1, ""1"": 3, ""2"": 0, ""3"": 2}"
326,5,632,0.5935066857217288,0.6586989366387721,0.7927215189873418,"{""0"": 3, ""1"": 4, ""2"": 2, ""3"": 0, ""4"": 1}"
326,6,632,0.8251992884225338,0.8283372603592373,0.9193037974683544,"{""0"": 4, ""1"": 2, ""2"": 5, ""3"": 1, ""4"": 3, ""5"": 0}"
327,2,632,1.0,1.0,1.0,"{""0"": 1, ""1"": 0}"
327,3,632,0.7353859677463958,0.7362232499719683,0.9145569620253164,"{""0"": 1, ""1"": 2, ""2"": 0}"
327,4,632,0.9380919600139743,0.9187135221378692,0.9778481012658228,"{""0"": 2, ""1"": 3, ""2"": 0, ""3"": 1}"
327,5,632,0.7959603850245954,0.8092861813828293,0.9145569620253164,"{""0"": 1, ""1"": 4, ""2"": 2, ""3"": 3, ""4"": 0}"
327,6,632,0.8656675665065501,0.8729104095165637,0.9414556962025317,"{""0"": 5, ""1"": 0, ""2"": 4, ""3"": 1, ""4"": 3, ""5"": 2}"
328,2,632,0.9936708779013222,0.9845510529189185,0.9984177215189873,"{""0"": 0, ""1"": 1}"
328,3,632,0.992493201913014,0.9833775949719521,0.9968354430379747,"{""0"": 1, ""1"": 2, ""2"": 0}"
328,4,632,0.9718585223340471,0.9690869610302957,0.990506329113924,"{""0"": 3, ""1"": 2, ""2"": 1, ""3"": 0}"
328,5,632,0.6222980762528745,0.6812092691404932,0.7974683544303798,"{""0"": 4, ""1"": 1, ""2"": 3, ""3"": 0, ""4"": 2}"
328,6,632,0.8854840322676086,0.8896397997867271,0.9525316455696202,"{""0"": 1, ""1"": 5, ""2"": 4, ""3"": 0, ""4"": 3, ""5"": 2}"
329,2,632,0.9873618258027198,0.9723067325471408,0.9968354430379747,"{""0"": 0, ""1"": 1}"
329,3,632,0.9716238680820078,0.9490313755366282,0.990506329113924,"{""0"": 1, ""1"": 2, ""2"": 0}"
329,4,632,0.9362326424848049,0.9240222662756813,0.9778481012658228,"{""0"": 0, ""1"": 2, ""2"": 3, ""3"": 1}"
329,5,632,0.6598356268349215,0.6996376192153758,0.8386075949367089,"{""0"": 1, ""1"": 4, ""2"": 0, ""3"": 3, ""4"": 2}"
329,6,632,0.9061123641319763,0.9050784820639591,0.9588607594936709,"{""0"": 3, ""1"": 4, ""2"": 1, ""3"": 0, ""4"": 2, ""5"": 5}"
330,2,632,0.9936708547947374,0.984540195442337,0.9984177215189873,"{""0"": 1, ""1"": 0}"
330,3,632,0.969826400947903,0.9491554918225407,0.990506329113924,"{""0"": 1, ""1"": 0, ""2"": 2}"
330,4,632,0.9486934740890377,0.9278576210975187,0.9810126582278481,"{""0"": 2, ""1"": 3, ""2"": 0, ""3"": 1}"
330,5,632,0.8887127625957562,0.8765784011438067,0.9556962025316456,"{""0"": 3, ""1"": 0, ""2"": 1, ""3"": 4, ""4"": 2}"
330,6,632,0.7929300582382014,0.8204434462661957,0.9098101265822784,"{""0"": 4, ""1"": 2, ""2"": 1, ""3"": 0, ""4"": 5, ""5"": 3}"
331,2,632,0.9936708547947374,0.984540195442337,0.9984177215189873,"{""0"": 1, ""1"": 0}"
331,3,632,0.9962145625336268,0.9906467288877538,0.9984177215189873,"{""0"": 2, ""1"": 0, ""2"": 1}"
331,4,632,0.951210638416858,0.94085836523311,0.9825949367088608,"{""0"": 0, ""1"": 1, ""2"": 2, ""3"": 3}"
331,5,632,0.8931139591219716,0.8964263141833245,0.9572784810126582,"{""0"": 2, ""1"": 1, ""2"": 3, ""3"": 4, ""4"": 0}"
331,6,632,0.481648197468244,0.603901802771899,0.6487341772151899,"{""0"": 5, ""1"": 0, ""2"": 4, ""3"": 3, ""4"": 1, ""5"": 2}"
332,2,632,0.9873616594697797,0.9722269838968309,0.9968354430379747,"{""0"": 1, ""1"": 0}"
332,3,632,0.9958744522251339,0.9904854125504705,0.9984177215189873,"{""0"": 1, ""1"": 2, ""2"": 0}"
332,4,632,0.9678665084826598,0.9573195259193109,0.9889240506329114,"{""0"": 3, ""1"": 2, ""2"": 1, ""3"": 0}"
332,5,632,0.6426653233758515,0.6911377435627577,0.8212025316455697,"{""0"": 0, ""1"": 4, ""2"": 3, ""3"": 2, ""4"": 1}"
332,6,632,0.942366854294974,0.9264012526005145,0.9731012658227848,"{""0"": 5, ""1"": 0, ""2"": 4, ""3"": 3, ""4"": 2, ""5"": 1}"
333,2,632,1.0,1.0,1.0,"{""0"": 1, ""1"": 0}"
333,3,632,0.9745050633189893,0.9526114496390773,0.990506329113924,"{""0"": 0, ""1"": 2, ""2"": 1}"
333,4,632,0.9584714774484233,0.952206330484981,0.9857594936708861,"{""0"": 2, ""1"": 0, ""2"": 3, ""3"": 1}"
333,5,632,0.6587689848564069,0.7102480048901377,0.8338607594936709,"{""0"": 1, ""1"": 0, ""2"": 3, ""3"": 4, ""4"": 2}"
333,6,632,0.49255537123024995,0.6163444798238406,0.6582278481012658,"{""0"": 2, ""1"": 1, ""2"": 4, ""3"": 5, ""4"": 3, ""5"": 0}"
334,2,632,0.9936704432492041,0.9844782891395175,0.9984177215189873,"{""0"": 1, ""1"": 0}"
334,3,632,0.9677920598098074,0.9514825253626132,0.990506329113924,"{""0"": 0, ""1"": 1, ""2"": 2}"
334,4,632,0.9171679147645605,0.8960846229116691,0.9699367088607594,"{""0"": 3, ""1"": 2, ""2"": 1, ""3"": 0}"
334,5,632,0.5325683214748248,0.6052323140631911,0.7468354430379747,"{""0"": 4, ""1"": 0, ""2"": 2, ""3"": 1, ""4"": 3}"
334,6,632,0.54382807158805,0.6470013126252351,0.694620253164557,"{""0"": 3, ""1"": 5, ""2"": 1, ""3"": 2, ""4"": 4, ""5"": 0}"
335,2,632,0.9685550016187794,0.9412434358654711,0.9920886075949367,"{""0"": 1, ""1"": 0}"
335,3,632,0.9924311496534465,0.9834645065478775,0.9968354430379747,"{""0"": 1, ""1"": 0, ""2"": 2}"
335,4,632,0.9599850067388033,0.9500238421055915,0.9857594936708861,"{""0"": 1, ""1"": 2, ""2"": 0, ""3"": 3}"
335,5,632,0.4941515219804263,0.6220485610636981,0.7341772151898734,"{""0"": 0, ""1"": 4, ""2"": 3, ""3"": 2, ""4"": 1}"
335,6,632,0.9520878066029668,0.9413070289679154,0.9778481012658228,"{""0"": 0, ""1"": 3, ""2"": 5, ""3"": 4, ""4"": 2, ""5"": 1}"
336,2,632,1.0,1.0,1.0,"{""0"": 0, ""1"": 1}"
336,3,632,0.9644654185312717,0.9363887256295798,0.9873417721518988,"{""0"": 2, ""1"": 0, ""2"": 1}"
336,4,632,0.9064496076564367,0.8965026013437842,0.9667721518987342,"{""0"": 1, ""1"": 0, ""2"": 2, ""3"": 3}"
336,5,632,0.6425020962803106,0.6969832078184272,0.8212025316455697,"{""0"": 1, ""1"": 2, ""2"": 4, ""3"": 0, ""4"": 3}"
336,6,632,0.9307130940709544,0.9282516635003728,0.9683544303797469,"{""0"": 2, ""1"": 3, ""2"": 0, ""3"": 1, ""4"": 4, ""5"": 5}"
337,2,632,0.9623262340086106,0.9319114574269367,0.990506329113924,"{""0"": 0, ""1"": 1}"
337,3,632,0.9963111323157632,0.9906066157654859,0.9984177215189873,"{""0"": 2, ""1"": 1, ""2"": 0}"
337,4,632,0.944739929714794,0.9384407258979062,0.9810126582278481,"{""0"": 2, ""1"": 3, ""2"": 0, ""3"": 1}"
337,5,632,0.6843762134048372,0.7248227640533308,0.8496835443037974,"{""0"": 4, ""1"": 0, ""2"": 2, ""3"": 1, ""4"": 3}"
337,6,632,0.6304094075354979,0.7177779960633887,0.7642405063291139,"{""0"": 0, ""1"": 2, ""2"": 1, ""3"": 4, ""4"": 5, ""5"": 3}"
338,2,632,0.91321808853008,0.8683140205465686,0.9778481012658228,"{""0"": 1, ""1"": 0}"
338,3,632,0.9657876089366405,0.9360001193540286,0.9873417721518988,"{""0"": 2, ""1"": 0, ""2"": 1}"
338,4,632,0.9472722358892683,0.9320977943224101,0.9794303797468354,"{""0"": 3, ""1"": 1, ""2"": 0, ""3"": 2}"
338,5,632,0.6618194013376729,0.7023262296277826,0.8354430379746836,"{""0"": 2, ""1"": 0, ""2"": 4, ""3"": 1, ""4"": 3}"
338,6,632,0.6911303501990348,0.7558223529330774,0.8417721518987342,"{""0"": 0, ""1"": 1, ""2"": 4, ""3"": 2, ""4"": 3, ""5"": 5}"
339,2,632,1.0,1.0,1.0,"{""0"": 0, ""1"": 1}"
339,3,632,1.0,1.0,1.0,"{""0"": 1, ""1"": 0, ""2"": 2}"
339,4,632,0.96771696461362,0.9590599481192893,0.9889240506329114,"{""0"": 0, ""1"": 3, ""2"": 1, ""3"": 2}"
339,5,632,0.8949055637781153,0.8826734397691958,0.9588607594936709,"{""0"": 0, ""1"": 1, ""2"": 2, ""3"": 3, ""4"": 4}"
339,6,632,0.7102908210028362,0.7849374276902282,0.865506329113924,"{""0"": 1, ""1"": 3, ""2"": 5, ""3"": 0, ""4"": 2, ""5"": 4}"
340,2,632,0.9623262340086106,0.9319114574269367,0.990506329113924,"{""0"": 0, ""1"": 1}"
340,3,632,0.8510448746471676,0.8411327999560846,0.9541139240506329,"{""0"": 1, ""1"": 0, ""2"": 2}"
340,4,632,0.9731941875524448,0.9662140433764965,0.990506329113924,"{""0"": 0, ""1"": 1, ""2"": 2, ""3"": 3}"
340,5,632,0.44647728997053315,0.5710017080290114,0.6534810126582279,"{""0"": 0, ""1"": 3, ""2"": 1, ""3"": 2, ""4"": 4}"
340,6,632,0.8709283240780499,0.8650288935348874,0.939873417721519,"{""0"": 3, ""1"": 1, ""2"": 0, ""3"": 5, ""4"": 4, ""5"": 2}"
341,2,632,1.0,1.0,1.0,"{""0"": 0, ""1"": 1}"
341,3,632,0.98881290368704,0.9819567918603672,0.9968354430379747,"{""0"": 1, ""1"": 0, ""2"": 2}"
341,4,632,0.9297915259066514,0.9107832184375642,0.9746835443037974,"{""0"": 2, ""1"": 1, ""2"": 3, ""3"": 0}"
341,5,632,0.6481222794969786,0.6984355601996731,0.8243670886075949,"{""0"": 1, ""1"": 4, ""2"": 0, ""3"": 3, ""4"": 2}"
341,6,632,0.8760261232463183,0.8673681837187935,0.9430379746835443,"{""0"": 1, ""1"": 3, ""2"": 5, ""3"": 2, ""4"": 0, ""5"": 4}"
342,2,632,0.9936708646186224,0.9845440179495617,0.9984177215189873,"{""0"": 0, ""1"": 1}"
342,3,632,0.9666437282851437,0.9449859004378746,0.9889240506329114,"{""0"": 2, ""1"": 1, ""2"": 0}"
342,4,632,0.9325801062709599,0.9115190141537706,0.9762658227848101,"{""0"": 0, ""1"": 1, ""2"": 2, ""3"": 3}"
342,5,632,0.943230583185318,0.9338726451670138,0.9778481012658228,"{""0"": 0, ""1"": 1, ""2"": 3, ""3"": 2, ""4"": 4}"
342,6,632,0.5245701738800443,0.6457377008555556,0.7310126582278481,"{""0"": 0, ""1"": 5, ""2"": 4, ""3"": 1, ""4"": 2, ""5"": 3}"
343,2,632,0.15633773882713847,0.21819380350422626,0.6993670886075949,"{""0"": 1, ""1"": 0}"
343,3,632,0.9832586997388393,0.9746602058051601,0.995253164556962,"{""0"": 2, ""1"": 1, ""2"": 0}"
343,4,632,0.9492043872700614,0.9435510447777449,0.9825949367088608,"{""0"": 1, ""1"": 0, ""2"": 3, ""3"": 2}"
343,5,632,0.5955427482259431,0.6678806057953396,0.7705696202531646,"{""0"": 1, ""1"": 0, ""2"": 3, ""3"": 2, ""4"": 4}"
343,6,632,0.4974378238411735,0.6230614189738631,0.6550632911392406,"{""0"": 2, ""1"": 1, ""2"": 3, ""3"": 5, ""4"": 4, ""5"": 0}"
344,2,632,0.9685550118055117,0.9411587507007546,0.9920886075949367,"{""0"": 0, ""1"": 1}"
344,3,632,0.783688437356728,0.7902518732298516,0.9319620253164557,"{""0"": 2, ""1"": 0, ""2"": 1}"
344,4,632,0.9687152622558055,0.9580558187927104,0.9889240506329114,"{""0"": 1, ""1"": 3, ""2"": 2, ""3"": 0}"
344,5,632,0.6559614038096815,0.6969052825784176,0.8132911392405063,"{""0"": 4, ""1"": 1, ""2"": 2, ""3"": 0, ""4"": 3}"
344,6,632,0.9044927641813223,0.8950106198688085,0.9572784810126582,"{""0"": 0, ""1"": 5, ""2"": 4, ""3"": 1, ""4"": 3, ""5"": 2}"
345,2,632,1.0,1.0,1.0,"{""0"": 1, ""1"": 0}"
345,3,632,0.7866566134231054,0.7904754474394343,0.9335443037974683,"{""0"": 1, ""1"": 2, ""2"": 0}"
345,4,632,0.9406962686737184,0.9213117032837539,0.9794303797468354,"{""0"": 2, ""1"": 1, ""2"": 0, ""3"": 3}"
345,5,632,0.6468950190774819,0.6931628663993364,0.819620253164557,"{""0"": 3, ""1"": 2, ""2"": 4, ""3"": 1, ""4"": 0}"
345,6,632,0.7956008291600724,0.8027125481410938,0.9050632911392406,"{""0"": 4, ""1"": 3, ""2"": 5, ""3"": 0, ""4"": 1, ""5"": 2}"
346,2,632,0.9936707320381766,0.9845129638718383,0.9984177215189873,"{""0"": 0, ""1"": 1}"
346,3,632,0.9056229212201315,0.8810667039315121,0.9699367088607594,"{""0"": 1, ""1"": 2, ""2"": 0}"
346,4,632,0.9537923350960689,0.9471445792210675,0.9841772151898734,"{""0"": 2, ""1"": 1, ""2"": 0, ""3"": 3}"
346,5,632,0.9152751350817937,0.9128295274097118,0.9667721518987342,"{""0"": 0, ""1"": 1, ""2"": 2, ""3"": 3, ""4"": 4}"
346,6,632,0.9099451755243853,0.9050635115350398,0.9620253164556962,"{""0"": 4, ""1"": 2, ""2"": 3, ""3"": 1, ""4"": 5, ""5"": 0}"
347,2,632,0.9748039057432243,0.9458165327602285,0.9936708860759493,"{""0"": 0, ""1"": 1}"
347,3,632,0.9733968504886136,0.9494025582245516,0.990506329113924,"{""0"": 2, ""1"": 0, ""2"": 1}"
347,4,632,0.9684937238717514,0.9561670070870911,0.9889240506329114,"{""0"": 2, ""1"": 1, ""2"": 3, ""3"": 0}"
347,5,632,0.49246462320990586,0.6134956525807319,0.7341772151898734,"{""0"": 0, ""1"": 2, ""2"": 1, ""3"": 3, ""4"": 4}"
347,6,632,0.8725213079172917,0.8636039754475081,0.9430379746835443,"{""0"": 0, ""1"": 4, ""2"": 5, ""3"": 3, ""4"": 2, ""5"": 1}"
348,2,632,0.9873617989221709,0.9722635513107766,0.9968354430379747,"{""0"": 1, ""1"": 0}"
348,3,632,0.9757219368237584,0.9580574204432412,0.9920886075949367,"{""0"": 0, ""1"": 2, ""2"": 1}"
348,4,632,0.940492503317159,0.9369400562007253,0.9794303797468354,"{""0"": 1, ""1"": 2, ""2"": 0, ""3"": 3}"
348,5,632,0.8873837174430895,0.87807650979915,0.9556962025316456,"{""0"": 2, ""1"": 1, ""2"": 3, ""3"": 0, ""4"": 4}"
348,6,632,0.4922325640454122,0.6178066535262349,0.6534810126582279,"{""0"": 1, ""1"": 3, ""2"": 4, ""3"": 0, ""4"": 2, ""5"": 5}"
349,2,632,0.177168016535918,0.2354616318734833,0.7120253164556962,"{""0"": 0, ""1"": 1}"
349,3,632,0.9888219282235997,0.9770640307717002,0.995253164556962,"{""0"": 1, ""1"": 2, ""2"": 0}"
349,4,632,0.9595683183339051,0.9453745560408973,0.9857594936708861,"{""0"": 1, ""1"": 0, ""2"": 3, ""3"": 2}"
349,5,632,0.8096882712717428,0.826727642608545,0.9208860759493671,"{""0"": 2, ""1"": 4, ""2"": 1, ""3"": 3, ""4"": 0}"
349,6,632,0.9284786301050821,0.9186159977546862,0.9699367088607594,"{""0"": 3, ""1"": 0, ""2"": 2, ""3"": 1, ""4"": 4, ""5"": 5}"
350,2,632,0.9936708090624575,0.9845275030323606,0.9984177215189873,"{""0"": 0, ""1"": 1}"
350,3,632,0.9629842985275386,0.9325380069625953,0.9857594936708861,"{""0"": 2, ""1"": 1, ""2"": 0}"
350,4,632,0.9558263059083659,0.9312542550246324,0.9825949367088608,"{""0"": 1, ""1"": 3, ""2"": 0, ""3"": 2}"
350,5,632,0.6588951825994618,0.709627845143593,0.8227848101265823,"{""0"": 2, ""1"": 1, ""2"": 0, ""3"": 4, ""4"": 3}"
350,6,632,0.9539738657198955,0.9468559038282829,0.9810126582278481,"{""0"": 0, ""1"": 4, ""2"": 1, ""3"": 2, ""4"": 3, ""5"": 5}"
351,2,632,0.9873618334112892,0.9722911154449129,0.9968354430379747,"{""0"": 0, ""1"": 1}"
351,3,632,0.7900613251756514,0.8045708200740945,0.935126582278481,"{""0"": 0, ""1"": 1, ""2"": 2}"
351,4,632,0.931987464994897,0.9126487359868238,0.9746835443037974,"{""0"": 3, ""1"": 1, ""2"": 0, ""3"": 2}"
351,5,632,0.9519416837663451,0.935884289951258,0.9810126582278481,"{""0"": 0, ""1"": 1, ""2"": 3, ""3"": 2, ""4"": 4}"
351,6,632,0.5001608765820874,0.6236510306171504,0.6661392405063291,"{""0"": 0, ""1"": 1, ""2"": 4, ""3"": 3, ""4"": 5, ""5"": 2}"
352,2,632,0.9748037706223344,0.9508465064033694,0.9936708860759493,"{""0"": 0, ""1"": 1}"
352,3,632,0.8371384241308513,0.8311081162471017,0.9493670886075949,"{""0"": 0, ""1"": 1, ""2"": 2}"
352,4,632,0.9362722721754556,0.9128077781141007,0.9762658227848101,"{""0"": 3, ""1"": 1, ""2"": 0, ""3"": 2}"
352,5,632,0.7129013339448633,0.7420528091368591,0.8686708860759493,"{""0"": 4, ""1"": 2, ""2"": 3, ""3"": 1, ""4"": 0}"
352,6,632,0.9560588536871905,0.9437026241544987,0.9794303797468354,"{""0"": 0, ""1"": 3, ""2"": 2, ""3"": 1, ""4"": 5, ""5"": 4}"
353,2,632,1.0,1.0,1.0,"{""0"": 1, ""1"": 0}"
353,3,632,0.7768050105275929,0.7781239444379451,0.9287974683544303,"{""0"": 2, ""1"": 1, ""2"": 0}"
353,4,632,0.9743388537846089,0.9639376054872776,0.990506329113924,"{""0"": 0, ""1"": 3, ""2"": 1, ""3"": 2}"
353,5,632,0.6301352574622163,0.6893523931924,0.7879746835443038,"{""0"": 0, ""1"": 1, ""2"": 3, ""3"": 2, ""4"": 4}"
353,6,632,0.5069057525933908,0.6238714410495494,0.6677215189873418,"{""0"": 3, ""1"": 0, ""2"": 1, ""3"": 2, ""4"": 4, ""5"": 5}"
354,2,632,0.9936708858097872,0.984560085537352,0.9984177215189873,"{""0"": 0, ""1"": 1}"
354,3,632,0.9680424402460595,0.952443918659687,0.990506329113924,"{""0"": 1, ""1"": 0, ""2"": 2}"
354,4,632,0.9639219288727653,0.9538591882048828,0.9873417721518988,"{""0"": 3, ""1"": 1, ""2"": 2, ""3"": 0}"
354,5,632,0.4916163550715334,0.6136018352528563,0.7262658227848101,"{""0"": 4, ""1"": 3, ""2"": 0, ""3"": 2, ""4"": 1}"
354,6,632,0.6633818451202561,0.7411381739012654,0.8259493670886076,"{""0"": 3, ""1"": 1, ""2"": 5, ""3"": 4, ""4"": 2, ""5"": 0}"
355,2,632,1.0,1.0,1.0,"{""0"": 0, ""1"": 1}"
355,3,632,0.9778137013743631,0.9684624859677224,0.9936708860759493,"{""0"": 2, ""1"": 0, ""2"": 1}"
355,4,632,0.9784293605039344,0.9677698020150666,0.9920886075949367,"{""0"": 2, ""1"": 3, ""2"": 0, ""3"": 1}"
355,5,632,0.4518873926175014,0.5830132343653726,0.6582278481012658,"{""0"": 4, ""1"": 1, ""2"": 3, ""3"": 0, ""4"": 2}"
355,6,632,0.8188208318563315,0.8360810353877056,0.9145569620253164,"{""0"": 4, ""1"": 1, ""2"": 2, ""3"": 5, ""4"": 3, ""5"": 0}"
356,2,632,0.9873618215750265,0.9722756528890932,0.9968354430379747,"{""0"": 1, ""1"": 0}"
356,3,632,0.818917188570177,0.8275594945849203,0.944620253164557,"{""0"": 1, ""1"": 0, ""2"": 2}"
356,4,632,0.9637131321190854,0.9480314683183688,0.9873417721518988,"{""0"": 3, ""1"": 0, ""2"": 2, ""3"": 1}"
356,5,632,0.6876283215593618,0.7272080471867923,0.8528481012658228,"{""0"": 0, ""1"": 3, ""2"": 4, ""3"": 2, ""4"": 1}"
356,6,632,0.9211866868029878,0.928501133243657,0.9651898734177216,"{""0"": 5, ""1"": 4, ""2"": 1, ""3"": 2, ""4"": 3, ""5"": 0}"
357,2,632,0.16977963141190228,0.22651214381757134,0.7072784810126582,"{""0"": 1, ""1"": 0}"
357,3,632,0.9553659794730608,0.9230675383579285,0.9841772151898734,"{""0"": 0, ""1"": 1, ""2"": 2}"
357,4,632,0.9589744299980706,0.9405260396233703,0.9841772151898734,"{""0"": 3, ""1"": 2, ""2"": 0, ""3"": 1}"
357,5,632,0.6929028056059953,0.7476847449968796,0.8623417721518988,"{""0"": 0, ""1"": 4, ""2"": 1, ""3"": 2, ""4"": 3}"
357,6,632,0.5317386911295162,0.6436525663900295,0.6835443037974683,"{""0"": 5, ""1"": 4, ""2"": 0, ""3"": 2, ""4"": 3, ""5"": 1}"
358,2,632,1.0,1.0,1.0,"{""0"": 1, ""1"": 0}"
358,3,632,0.7970007097464928,0.7946746000304008,0.935126582278481,"{""0"": 2, ""1"": 0, ""2"": 1}"
358,4,632,0.9631885758847076,0.9584005470147954,0.9873417721518988,"{""0"": 3, ""1"": 2, ""2"": 1, ""3"": 0}"
358,5,632,0.6458681320985432,0.6883995831280119,0.8132911392405063,"{""0"": 1, ""1"": 0, ""2"": 4, ""3"": 3, ""4"": 2}"
358,6,632,0.848242220418352,0.8696621651224287,0.9335443037974683,"{""0"": 5, ""1"": 3, ""2"": 1, ""3"": 0, ""4"": 2, ""5"": 4}"
359,2,632,0.9936706584634644,0.9845022384891357,0.9984177215189873,"{""0"": 0, ""1"": 1}"
359,3,632,0.9718879672542455,0.9456648462430994,0.990506329113924,"{""0"": 2, ""1"": 0, ""2"": 1}"
359,4,632,0.9367257490212214,0.9293955583118679,0.9778481012658228,"{""0"": 2, ""1"": 0, ""2"": 3, ""3"": 1}"
359,5,632,0.8903334337102993,0.8769772317543993,0.9556962025316456,"{""0"": 0, ""1"": 4, ""2"": 3, ""3"": 2, ""4"": 1}"
359,6,632,0.9773034770744131,0.9713928222587837,0.990506329113924,"{""0"": 5, ""1"": 0, ""2"": 4, ""3"": 3, ""4"": 2, ""5"": 1}"
360,2,632,0.9873618317024134,0.9722996367512691,0.9968354430379747,"{""0"": 0, ""1"": 1}"
360,3,632,0.9588224376761698,0.936879663465906,0.9873417721518988,"{""0"": 2, ""1"": 0, ""2"": 1}"
360,4,632,0.9602831531603551,0.9453397696620882,0.9857594936708861,"{""0"": 0, ""1"": 2, ""2"": 3, ""3"": 1}"
360,5,632,0.9123893046551302,0.9037489266448654,0.9651898734177216,"{""0"": 2, ""1"": 1, ""2"": 4, ""3"": 3, ""4"": 0}"
360,6,632,0.6902822513085728,0.7469279026023512,0.8306962025316456,"{""0"": 3, ""1"": 5, ""2"": 0, ""3"": 1, ""4"": 4, ""5"": 2}"
361,2,632,0.9873618317024134,0.9722996367512691,0.9968354430379747,"{""0"": 0, ""1"": 1}"
361,3,632,0.9887741717518487,0.9819155819813559,0.9968354430379747,"{""0"": 0, ""1"": 1, ""2"": 2}"
361,4,632,0.9557093391193396,0.9459782184407081,0.9841772151898734,"{""0"": 2, ""1"": 1, ""2"": 0, ""3"": 3}"
361,5,632,0.7464923142071321,0.7808920828170982,0.8876582278481012,"{""0"": 3, ""1"": 2, ""2"": 1, ""3"": 0, ""4"": 4}"
361,6,632,0.4783532566847893,0.6092315703641242,0.6392405063291139,"{""0"": 5, ""1"": 4, ""2"": 1, ""3"": 3, ""4"": 2, ""5"": 0}"
362,2,632,0.9936708779013222,0.9845510529189185,0.9984177215189873,"{""0"": 1, ""1"": 0}"
362,3,632,0.7649374028288284,0.7768054329173085,0.9256329113924051,"{""0"": 0, ""1"": 2, ""2"": 1}"
362,4,632,0.9651098516140899,0.9512725410831427,0.9873417721518988,"{""0"": 3, ""1"": 1, ""2"": 0, ""3"": 2}"
362,5,632,0.6729672692823583,0.7211498554841522,0.8401898734177216,"{""0"": 2, ""1"": 1, ""2"": 3, ""3"": 0, ""4"": 4}"
362,6,632,0.714482843952685,0.7861436172898797,0.8623417721518988,"{""0"": 0, ""1"": 4, ""2"": 3, ""3"": 2, ""4"": 1, ""5"": 5}"
363,2,632,1.0,1.0,1.0,"{""0"": 1, ""1"": 0}"
363,3,632,0.959296895460825,0.9395785266220418,0.9873417721518988,"{""0"": 2, ""1"": 0, ""2"": 1}"
363,4,632,0.9675183014783385,0.95144903235016,0.9873417721518988,"{""0"": 1, ""1"": 0, ""2"": 3, ""3"": 2}"
363,5,632,0.4305699107881514,0.5610560953427177,0.6708860759493671,"{""0"": 0, ""1"": 4, ""2"": 3, ""3"": 2, ""4"": 1}"
363,6,632,0.8740508697938865,0.8698725075274386,0.9414556962025317,"{""0"": 3, ""1"": 2, ""2"": 1, ""3"": 4, ""4"": 0, ""5"": 5}"
364,2,632,0.9873618317977748,0.9722863191620774,0.9968354430379747,"{""0"": 0, ""1"": 1}"
364,3,632,0.9878961254151786,0.9738863464790292,0.995253164556962,"{""0"": 0, ""1"": 2, ""2"": 1}"
364,4,632,0.9689343299027892,0.9595433841807182,0.9889240506329114,"{""0"": 2, ""1"": 0, ""2"": 1, ""3"": 3}"
364,5,632,0.716279966908724,0.7656419630653013,0.8670886075949367,"{""0"": 1, ""1"": 2, ""2"": 0, ""3"": 3, ""4"": 4}"
364,6,632,0.8752474865640325,0.8765828246271812,0.9430379746835443,"{""0"": 5, ""1"": 0, ""2"": 4, ""3"": 2, ""4"": 3, ""5"": 1}"
365,2,632,0.9936708090624575,0.9845275030323606,0.9984177215189873,"{""0"": 0, ""1"": 1}"
365,3,632,0.9744096113034972,0.9506378812607648,0.990506329113924,"{""0"": 2, ""1"": 0, ""2"": 1}"
365,4,632,0.9523116014292113,0.9291616181388735,0.9810126582278481,"{""0"": 1, ""1"": 3, ""2"": 2, ""3"": 0}"
365,5,632,0.950915123982555,0.9397969962400268,0.9794303797468354,"{""0"": 1, ""1"": 2, ""2"": 0, ""3"": 3, ""4"": 4}"
365,6,632,0.9330020333717005,0.9194994878442343,0.9699367088607594,"{""0"": 3, ""1"": 1, ""2"": 4, ""3"": 5, ""4"": 2, ""5"": 0}"
366,2,632,0.9873617596889012,0.9722500094707324,0.9968354430379747,"{""0"": 1, ""1"": 0}"
366,3,632,0.9757052598100664,0.9577652805474304,0.9920886075949367,"{""0"": 2, ""1"": 1, ""2"": 0}"
366,4,632,0.959070918993335,0.9478540449562899,0.9857594936708861,"{""0"": 1, ""1"": 3, ""2"": 0, ""3"": 2}"
366,5,632,0.6100777172994443,0.678495563653376,0.7863924050632911,"{""0"": 0, ""1"": 1, ""2"": 3, ""3"": 2, ""4"": 4}"
366,6,632,0.4801813045840163,0.6103948476784987,0.6487341772151899,"{""0"": 3, ""1"": 0, ""2"": 5, ""3"": 4, ""4"": 1, ""5"": 2}"
367,2,632,0.9873617596889012,0.9722500094707324,0.9968354430379747,"{""0"": 0, ""1"": 1}"
367,3,632,0.9794745928307078,0.9622148017033306,0.9936708860759493,"{""0"": 2, ""1"": 0, ""2"": 1}"
367,4,632,0.9661083586816988,0.9487114938451076,0.9873417721518988,"{""0"": 0, ""1"": 1, ""2"": 3, ""3"": 2}"
367,5,632,0.6549787672290692,0.7300179729121746,0.8417721518987342,"{""0"": 2, ""1"": 3, ""2"": 0, ""3"": 4, ""4"": 1}"
367,6,632,0.851538125110813,0.8455411134858989,0.9319620253164557,"{""0"": 3, ""1"": 5, ""2"": 4, ""3"": 0, ""4"": 2, ""5"": 1}"
368,2,632,0.9873616594697797,0.9722269838968309,0.9968354430379747,"{""0"": 1, ""1"": 0}"
368,3,632,0.9519674690156188,0.9269866369837747,0.9841772151898734,"{""0"": 0, ""1"": 2, ""2"": 1}"
368,4,632,0.9073073036410354,0.8837374669566962,0.9667721518987342,"{""0"": 1, ""1"": 2, ""2"": 0, ""3"": 3}"
368,5,632,0.6152708447324543,0.7008780533716028,0.819620253164557,"{""0"": 0, ""1"": 2, ""2"": 3, ""3"": 4, ""4"": 1}"
368,6,632,0.4612113516895755,0.5581103617994438,0.6360759493670886,"{""0"": 2, ""1"": 0, ""2"": 5, ""3"": 3, ""4"": 4, ""5"": 1}"
369,2,632,0.17126713347715683,0.22210661989794153,0.7088607594936709,"{""0"": 0, ""1"": 1}"
369,3,632,0.9129017668799111,0.9067582352269788,0.9746835443037974,"{""0"": 2, ""1"": 0, ""2"": 1}"
369,4,632,0.9676446182608622,0.9589889684520739,0.9889240506329114,"{""0"": 1, ""1"": 3, ""2"": 2, ""3"": 0}"
369,5,632,0.6612797397634068,0.7047978001862142,0.8275316455696202,"{""0"": 4, ""1"": 2, ""2"": 0, ""3"": 3, ""4"": 1}"
369,6,632,0.8678094345313151,0.8822717481478317,0.9430379746835443,"{""0"": 4, ""1"": 3, ""2"": 5, ""3"": 1, ""4"": 2, ""5"": 0}"
370,2,632,0.9936708273299782,0.984531938410481,0.9984177215189873,"{""0"": 1, ""1"": 0}"
370,3,632,0.9772127851875788,0.955890073411039,0.9920886075949367,"{""0"": 0, ""1"": 2, ""2"": 1}"
370,4,632,0.9897392255928882,0.9833417284885028,0.995253164556962,"{""0"": 0, ""1"": 2, ""2"": 3, ""3"": 1}"
370,5,632,0.637179632988331,0.6968626026792245,0.819620253164557,"{""0"": 2, ""1"": 1, ""2"": 0, ""3"": 4, ""4"": 3}"
370,6,632,0.7465659464439508,0.7904138941882174,0.870253164556962,"{""0"": 4, ""1"": 0, ""2"": 5, ""3"": 3, ""4"": 1, ""5"": 2}"
371,2,632,1.0,1.0,1.0,"{""0"": 0, ""1"": 1}"
371,3,632,0.9791082506854882,0.9654358386854504,0.9936708860759493,"{""0"": 1, ""1"": 0, ""2"": 2}"
371,4,632,0.9725567232225109,0.9635003619429798,0.990506329113924,"{""0"": 2, ""1"": 3, ""2"": 0, ""3"": 1}"
371,5,632,0.693500063108854,0.7297418127558052,0.8465189873417721,"{""0"": 2, ""1"": 0, ""2"": 3, ""3"": 4, ""4"": 1}"
371,6,632,0.46242709804891535,0.5736908832853295,0.6455696202531646,"{""0"": 3, ""1"": 2, ""2"": 4, ""3"": 0, ""4"": 5, ""5"": 1}"
372,2,632,0.9810723854751676,0.9610974628119777,0.995253164556962,"{""0"": 1, ""1"": 0}"
372,3,632,0.8265356800767405,0.8367364784739407,0.9477848101265823,"{""0"": 1, ""1"": 2, ""2"": 0}"
372,4,632,0.9323112063240847,0.9193612561392748,0.9762658227848101,"{""0"": 0, ""1"": 1, ""2"": 3, ""3"": 2}"
372,5,632,0.628014788152638,0.6791964638381615,0.805379746835443,"{""0"": 1, ""1"": 0, ""2"": 2, ""3"": 4, ""4"": 3}"
372,6,632,0.5211517428894333,0.6537478269193137,0.6661392405063291,"{""0"": 3, ""1"": 0, ""2"": 5, ""3"": 2, ""4"": 1, ""5"": 4}"
373,2,632,0.9936708547947374,0.984540195442337,0.9984177215189873,"{""0"": 1, ""1"": 0}"
373,3,632,0.7842434140387881,0.7896210133603874,0.9319620253164557,"{""0"": 2, ""1"": 0, ""2"": 1}"
373,4,632,0.9239950289301423,0.9078523014177702,0.9731012658227848,"{""0"": 0, ""1"": 3, ""2"": 1, ""3"": 2}"
373,5,632,0.7051422906543029,0.7506318967889899,0.8686708860759493,"{""0"": 2, ""1"": 3, ""2"": 4, ""3"": 0, ""4"": 1}"
373,6,632,0.5006347810465339,0.6156483190361622,0.6629746835443038,"{""0"": 5, ""1"": 1, ""2"": 2, ""3"": 4, ""4"": 0, ""5"": 3}"
374,2,632,0.949928835743722,0.9145032233312076,0.9873417721518988,"{""0"": 1, ""1"": 0}"
374,3,632,0.9660798318753911,0.9417365198234946,0.9889240506329114,"{""0"": 2, ""1"": 1, ""2"": 0}"
374,4,632,0.9730916376247263,0.9661866184473126,0.990506329113924,"{""0"": 3, ""1"": 1, ""2"": 0, ""3"": 2}"
374,5,632,0.6159842326207413,0.6701367701892249,0.7943037974683544,"{""0"": 2, ""1"": 3, ""2"": 4, ""3"": 1, ""4"": 0}"
374,6,632,0.8331281431756752,0.8341438614605655,0.9256329113924051,"{""0"": 1, ""1"": 5, ""2"": 4, ""3"": 2, ""4"": 0, ""5"": 3}"
375,2,632,0.9936708847094802,0.9845673016559948,0.9984177215189873,"{""0"": 1, ""1"": 0}"
375,3,632,0.9906701235208426,0.9805958080881371,0.9968354430379747,"{""0"": 0, ""1"": 1, ""2"": 2}"
375,4,632,0.899682314867152,0.8891396798516495,0.9636075949367089,"{""0"": 3, ""1"": 1, ""2"": 2, ""3"": 0}"
375,5,632,0.8915445719786734,0.8763320688093101,0.9572784810126582,"{""0"": 3, ""1"": 2, ""2"": 1, ""3"": 0, ""4"": 4}"
375,6,632,0.4841876681943464,0.617374805486609,0.6645569620253164,"{""0"": 4, ""1"": 5, ""2"": 1, ""3"": 0, ""4"": 3, ""5"": 2}"
376,2,632,0.14502505964918846,0.22881462501085081,0.6914556962025317,"{""0"": 0, ""1"": 1}"
376,3,632,0.9409823353399699,0.9030765562707489,0.9794303797468354,"{""0"": 1, ""1"": 0, ""2"": 2}"
376,4,632,0.9399676908612697,0.9205100869349571,0.9778481012658228,"{""0"": 3, ""1"": 0, ""2"": 2, ""3"": 1}"
376,5,632,0.8514385590784342,0.8606867061231053,0.9414556962025317,"{""0"": 2, ""1"": 0, ""2"": 3, ""3"": 1, ""4"": 4}"
376,6,632,0.9334823562591071,0.9422262188742095,0.9762658227848101,"{""0"": 3, ""1"": 1, ""2"": 4, ""3"": 0, ""4"": 2, ""5"": 5}"
377,2,632,0.9376116208617474,0.8982780660748008,0.9841772151898734,"{""0"": 1, ""1"": 0}"
377,3,632,0.9790268973123072,0.9573061608175053,0.9920886075949367,"{""0"": 1, ""1"": 0, ""2"": 2}"
377,4,632,0.9604720429426821,0.9453165549866722,0.9857594936708861,"{""0"": 2, ""1"": 0, ""2"": 3, ""3"": 1}"
377,5,632,0.5336801150969076,0.644830797208251,0.7705696202531646,"{""0"": 0, ""1"": 4, ""2"": 3, ""3"": 2, ""4"": 1}"
377,6,632,0.8931511650688978,0.8907046252138948,0.9525316455696202,"{""0"": 4, ""1"": 5, ""2"": 1, ""3"": 3, ""4"": 2, ""5"": 0}"
378,2,632,1.0,1.0,1.0,"{""0"": 1, ""1"": 0}"
378,3,632,0.7722038324097825,0.7839276736980832,0.9287974683544303,"{""0"": 1, ""1"": 2, ""2"": 0}"
378,4,632,0.9699635809360428,0.9556963545395378,0.9889240506329114,"{""0"": 3, ""1"": 2, ""2"": 0, ""3"": 1}"
378,5,632,0.7423024231035925,0.7548304388292628,0.8908227848101266,"{""0"": 3, ""1"": 2, ""2"": 4, ""3"": 1, ""4"": 0}"
378,6,632,0.53571364695029,0.6513251638931197,0.6882911392405063,"{""0"": 2, ""1"": 0, ""2"": 4, ""3"": 1, ""4"": 5, ""5"": 3}"
379,2,632,0.9936708646186224,0.9845440179495617,0.9984177215189873,"{""0"": 0, ""1"": 1}"
379,3,632,0.9824474424289548,0.9635845588233003,0.9936708860759493,"{""0"": 0, ""1"": 1, ""2"": 2}"
379,4,632,0.9685594491060704,0.9591682033826755,0.9889240506329114,"{""0"": 3, ""1"": 1, ""2"": 0, ""3"": 2}"
379,5,632,0.613209035717396,0.6775227033536365,0.7974683544303798,"{""0"": 4, ""1"": 1, ""2"": 3, ""3"": 2, ""4"": 0}"
379,6,632,0.8754697527041383,0.869698291812129,0.944620253164557,"{""0"": 2, ""1"": 4, ""2"": 3, ""3"": 1, ""4"": 0, ""5"": 5}"
380,2,632,0.9936708857461121,0.9845650976704768,0.9984177215189873,"{""0"": 0, ""1"": 1}"
380,3,632,0.8998667728813387,0.8854776172301428,0.9699367088607594,"{""0"": 0, ""1"": 2, ""2"": 1}"
380,4,632,0.9721519429660601,0.9648559902618298,0.990506329113924,"{""0"": 1, ""1"": 3, ""2"": 0, ""3"": 2}"
380,5,632,0.8942468325267969,0.8937329174537971,0.9572784810126582,"{""0"": 4, ""1"": 2, ""2"": 0, ""3"": 1, ""4"": 3}"
380,6,632,0.5051811223005324,0.6141029853533649,0.6566455696202531,"{""0"": 3, ""1"": 0, ""2"": 4, ""3"": 5, ""4"": 2, ""5"": 1}"
381,2,632,0.14272083203127364,0.2078499947851368,0.689873417721519,"{""0"": 1, ""1"": 0}"
381,3,632,0.7701875612653821,0.7741982212525629,0.9272151898734177,"{""0"": 0, ""1"": 2, ""2"": 1}"
381,4,632,0.976735350211281,0.9704505652404506,0.9920886075949367,"{""0"": 0, ""1"": 3, ""2"": 1, ""3"": 2}"
381,5,632,0.6437758654253362,0.6980460067372093,0.8006329113924051,"{""0"": 4, ""1"": 2, ""2"": 1, ""3"": 0, ""4"": 3}"
381,6,632,0.4907213740318465,0.616823450626524,0.6487341772151899,"{""0"": 3, ""1"": 2, ""2"": 1, ""3"": 4, ""4"": 5, ""5"": 0}"
382,2,632,0.9936708547947374,0.984540195442337,0.9984177215189873,"{""0"": 0, ""1"": 1}"
382,3,632,0.9738181267946495,0.9489967258809688,0.990506329113924,"{""0"": 0, ""1"": 2, ""2"": 1}"
382,4,632,0.9297776419513252,0.9117525702344447,0.9746835443037974,"{""0"": 1, ""1"": 2, ""2"": 0, ""3"": 3}"
382,5,632,0.713008614170875,0.7562081153892483,0.870253164556962,"{""0"": 2, ""1"": 4, ""2"": 3, ""3"": 0, ""4"": 1}"
382,6,632,0.8174585612087145,0.8325067838054411,0.9129746835443038,"{""0"": 2, ""1"": 4, ""2"": 1, ""3"": 5, ""4"": 3, ""5"": 0}"
383,2,632,0.9873617816565615,0.9722569607566607,0.9968354430379747,"{""0"": 1, ""1"": 0}"
383,3,632,0.9959125453759359,0.9905385930453636,0.9984177215189873,"{""0"": 0, ""1"": 1, ""2"": 2}"
383,4,632,0.995328902679832,0.992803742370629,0.9984177215189873,"{""0"": 1, ""1"": 3, ""2"": 0, ""3"": 2}"
383,5,632,0.8930299249889536,0.8754739062854396,0.9572784810126582,"{""0"": 3, ""1"": 4, ""2"": 1, ""3"": 2, ""4"": 0}"
383,6,632,0.4623983741521742,0.5799602148850611,0.6408227848101266,"{""0"": 4, ""1"": 2, ""2"": 5, ""3"": 1, ""4"": 0, ""5"": 3}"
384,2,632,0.9936708776084158,0.9845741087537868,0.9984177215189873,"{""0"": 0, ""1"": 1}"
384,3,632,0.977728663283605,0.9683175368647149,0.9936708860759493,"{""0"": 0, ""1"": 1, ""2"": 2}"
384,4,632,0.9814500631297237,0.9750638218667799,0.9936708860759493,"{""0"": 2, ""1"": 3, ""2"": 1, ""3"": 0}"
384,5,632,0.8903679779707466,0.8901636927892179,0.9556962025316456,"{""0"": 2, ""1"": 4, ""2"": 1, ""3"": 3, ""4"": 0}"
384,6,632,0.5031689448607141,0.6294864717494946,0.6534810126582279,"{""0"": 0, ""1"": 4, ""2"": 5, ""3"": 1, ""4"": 3, ""5"": 2}"
385,2,632,0.9748035727826,0.9508063993729207,0.9936708860759493,"{""0"": 0, ""1"": 1}"
385,3,632,0.8575071380994574,0.8415795746393245,0.9556962025316456,"{""0"": 2, ""1"": 1, ""2"": 0}"
385,4,632,0.9579933776203118,0.9485929613028484,0.9857594936708861,"{""0"": 2, ""1"": 1, ""2"": 3, ""3"": 0}"
385,5,632,0.7291107351363182,0.7558395304845689,0.8781645569620253,"{""0"": 0, ""1"": 3, ""2"": 4, ""3"": 2, ""4"": 1}"
385,6,632,0.783641839538322,0.8207233926912167,0.9050632911392406,"{""0"": 4, ""1"": 5, ""2"": 0, ""3"": 2, ""4"": 1, ""5"": 3}"
386,2,632,0.9936706977332406,0.9845077047990085,0.9984177215189873,"{""0"": 0, ""1"": 1}"
386,3,632,0.9884783212935213,0.9738864199940553,0.995253164556962,"{""0"": 1, ""1"": 0, ""2"": 2}"
386,4,632,0.9564605682017571,0.9343596621886516,0.9825949367088608,"{""0"": 3, ""1"": 0, ""2"": 1, ""3"": 2}"
386,5,632,0.6295958339256598,0.6850641794571115,0.8180379746835443,"{""0"": 0, ""1"": 2, ""2"": 3, ""3"": 1, ""4"": 4}"
386,6,632,0.49866020087598567,0.6288704969665249,0.6518987341772152,"{""0"": 4, ""1"": 1, ""2"": 5, ""3"": 2, ""4"": 3, ""5"": 0}"
387,2,632,1.0,1.0,1.0,"{""0"": 1, ""1"": 0}"
387,3,632,0.9887762721174738,0.9769326331817424,0.995253164556962,"{""0"": 0, ""1"": 2, ""2"": 1}"
387,4,632,0.9952095746695908,0.9927442441389558,0.9984177215189873,"{""0"": 3, ""1"": 0, ""2"": 2, ""3"": 1}"
387,5,632,0.6357912727161114,0.676158745571134,0.8037974683544303,"{""0"": 3, ""1"": 1, ""2"": 2, ""3"": 0, ""4"": 4}"
387,6,632,0.8227185108113708,0.8509301113009605,0.9193037974683544,"{""0"": 2, ""1"": 4, ""2"": 5, ""3"": 0, ""4"": 1, ""5"": 3}"
388,2,632,0.18670865518606852,0.23160063970412254,0.7167721518987342,"{""0"": 1, ""1"": 0}"
388,3,632,0.9850928911475537,0.9729458381352348,0.995253164556962,"{""0"": 0, ""1"": 1, ""2"": 2}"
388,4,632,0.9780897035627779,0.9678790766289735,0.9920886075949367,"{""0"": 0, ""1"": 2, ""2"": 3, ""3"": 1}"
388,5,632,0.6271210864681684,0.6844178079851334,0.7958860759493671,"{""0"": 4, ""1"": 2, ""2"": 1, ""3"": 3, ""4"": 0}"
388,6,632,0.8583996210276555,0.8550960192726363,0.9382911392405063,"{""0"": 0, ""1"": 5, ""2"": 3, ""3"": 4, ""4"": 2, ""5"": 1}"
389,2,632,1.0,1.0,1.0,"{""0"": 0, ""1"": 1}"
389,3,632,0.9921418536308192,0.9834569878206638,0.9968354430379747,"{""0"": 1, ""1"": 0, ""2"": 2}"
389,4,632,0.9593928538503016,0.9515411884454414,0.9857594936708861,"{""0"": 1, ""1"": 3, ""2"": 2, ""3"": 0}"
389,5,632,0.6291308569905278,0.6791054729284332,0.7943037974683544,"{""0"": 1, ""1"": 0, ""2"": 4, ""3"": 2, ""4"": 3}"
389,6,632,0.8254683373841248,0.8552477054337504,0.9224683544303798,"{""0"": 5, ""1"": 3, ""2"": 2, ""3"": 4, ""4"": 0, ""5"": 1}"
390,2,632,0.1678936911799048,0.23634882135879248,0.7056962025316456,"{""0"": 0, ""1"": 1}"
390,3,632,0.9757465448894734,0.9585379418597104,0.9920886075949367,"{""0"": 0, ""1"": 1, ""2"": 2}"
390,4,632,0.9555310603053814,0.9397835197537457,0.9841772151898734,"{""0"": 1, ""1"": 0, ""2"": 2, ""3"": 3}"
390,5,632,0.6600423963413177,0.7045635438962176,0.8291139240506329,"{""0"": 4, ""1"": 0, ""2"": 2, ""3"": 3, ""4"": 1}"
390,6,632,0.5410231343005488,0.6434208952906166,0.6930379746835443,"{""0"": 3, ""1"": 5, ""2"": 0, ""3"": 4, ""4"": 1, ""5"": 2}"
391,2,632,0.9936708844547795,0.9845572768755257,0.9984177215189873,"{""0"": 0, ""1"": 1}"
391,3,632,0.9943723096325648,0.9898444755933037,0.9984177215189873,"{""0"": 0, ""1"": 2, ""2"": 1}"
391,4,632,0.983788547853959,0.9750664404750246,0.9936708860759493,"{""0"": 2, ""1"": 0, ""2"": 1, ""3"": 3}"
391,5,632,0.791929907559032,0.8159402932670015,0.9129746835443038,"{""0"": 2, ""1"": 3, ""2"": 4, ""3"": 0, ""4"": 1}"
391,6,632,0.8816142571974858,0.8772981202139459,0.9477848101265823,"{""0"": 0, ""1"": 1, ""2"": 4, ""3"": 5, ""4"": 3, ""5"": 2}"
392,2,632,1.0,1.0,1.0,"{""0"": 0, ""1"": 1}"
392,3,632,0.8506694084209676,0.8374109822709324,0.9541139240506329,"{""0"": 1, ""1"": 0, ""2"": 2}"
392,4,632,0.9636197571009961,0.9549971739749991,0.9873417721518988,"{""0"": 1, ""1"": 2, ""2"": 3, ""3"": 0}"
392,5,632,0.6516445425344839,0.732655997418741,0.8433544303797469,"{""0"": 2, ""1"": 1, ""2"": 3, ""3"": 4, ""4"": 0}"
392,6,632,0.7162220197261564,0.772629874925779,0.8623417721518988,"{""0"": 2, ""1"": 3, ""2"": 5, ""3"": 1, ""4"": 4, ""5"": 0}"
393,2,632,0.9936708795517861,0.9845727079369875,0.9984177215189873,"{""0"": 1, ""1"": 0}"
393,3,632,0.9885813256406962,0.9771007417971793,0.995253164556962,"{""0"": 1, ""1"": 2, ""2"": 0}"
393,4,632,0.963432477025775,0.9552891155929203,0.9873417721518988,"{""0"": 3, ""1"": 2, ""2"": 0, ""3"": 1}"
393,5,632,0.6430107865201854,0.6842739587427781,0.8085443037974683,"{""0"": 4, ""1"": 1, ""2"": 2, ""3"": 0, ""4"": 3}"
393,6,632,0.7080477609879745,0.7597090282502109,0.8639240506329114,"{""0"": 2, ""1"": 4, ""2"": 5, ""3"": 0, ""4"": 1, ""5"": 3}"
394,2,632,1.0,1.0,1.0,"{""0"": 1, ""1"": 0}"
394,3,632,0.9561056080820127,0.9199664671759661,0.9825949367088608,"{""0"": 0, ""1"": 1, ""2"": 2}"
394,4,632,0.8458229484817689,0.8423479377033652,0.9430379746835443,"{""0"": 1, ""1"": 2, ""2"": 3, ""3"": 0}"
394,5,632,0.71369689699138,0.7697588180681675,0.8734177215189873,"{""0"": 1, ""1"": 0, ""2"": 3, ""3"": 4, ""4"": 2}"
394,6,632,0.5386948524096533,0.645487872263758,0.6882911392405063,"{""0"": 4, ""1"": 3, ""2"": 5, ""3"": 1, ""4"": 2, ""5"": 0}"
395,2,632,0.9873618291123978,0.9723033626436738,0.9968354430379747,"{""0"": 1, ""1"": 0}"
395,3,632,0.9771109391203536,0.9560093783042355,0.9920886075949367,"{""0"": 0, ""1"": 1, ""2"": 2}"
395,4,632,0.9526996744636022,0.9304952943282729,0.9810126582278481,"{""0"": 3, ""1"": 2, ""2"": 0, ""3"": 1}"
395,5,632,0.9729653462716369,0.9611844074853237,0.9889240506329114,"{""0"": 2, ""1"": 3, ""2"": 4, ""3"": 1, ""4"": 0}"
395,6,632,0.864946364702688,0.8658257776293207,0.944620253164557,"{""0"": 4, ""1"": 3, ""2"": 0, ""3"": 5, ""4"": 1, ""5"": 2}"
396,2,632,1.0,1.0,1.0,"{""0"": 1, ""1"": 0}"
396,3,632,0.9532972390615766,0.9182904606973219,0.9825949367088608,"{""0"": 1, ""1"": 0, ""2"": 2}"
396,4,632,0.9609500946662168,0.9454009538955048,0.9857594936708861,"{""0"": 3, ""1"": 2, ""2"": 0, ""3"": 1}"
396,5,632,0.8989842210886168,0.8876080232087706,0.9604430379746836,"{""0"": 0, ""1"": 4, ""2"": 1, ""3"": 3, ""4"": 2}"
396,6,632,0.980589341329396,0.9770381280917183,0.9920886075949367,"{""0"": 4, ""1"": 0, ""2"": 1, ""3"": 5, ""4"": 3, ""5"": 2}"
397,2,632,0.9936708646186224,0.9845440179495617,0.9984177215189873,"{""0"": 1, ""1"": 0}"
397,3,632,0.7904822707341965,0.7963715217291796,0.9335443037974683,"{""0"": 2, ""1"": 1, ""2"": 0}"
397,4,632,0.9439388408278854,0.9236620312682166,0.9794303797468354,"{""0"": 1, ""1"": 2, ""2"": 0, ""3"": 3}"
397,5,632,0.6537576058878402,0.7105863262918726,0.8306962025316456,"{""0"": 1, ""1"": 3, ""2"": 4, ""3"": 2, ""4"": 0}"
397,6,632,0.5221741423094154,0.6390020251004005,0.680379746835443,"{""0"": 3, ""1"": 5, ""2"": 0, ""3"": 1, ""4"": 4, ""5"": 2}"
398,2,632,0.9873618109148693,0.9691060625175858,0.9968354430379747,"{""0"": 1, ""1"": 0}"
398,3,632,0.9294387477583413,0.9041987288450418,0.9778481012658228,"{""0"": 2, ""1"": 1, ""2"": 0}"
398,4,632,0.9419439033863567,0.9316093239934878,0.9794303797468354,"{""0"": 1, ""1"": 2, ""2"": 0, ""3"": 3}"
398,5,632,0.6244928868016595,0.715990245442345,0.8259493670886076,"{""0"": 1, ""1"": 2, ""2"": 0, ""3"": 3, ""4"": 4}"
398,6,632,0.8401507390133868,0.8527508437212215,0.9319620253164557,"{""0"": 2, ""1"": 4, ""2"": 0, ""3"": 5, ""4"": 3, ""5"": 1}"
399,2,632,0.9936708779013222,0.9845510529189185,0.9984177215189873,"{""0"": 1, ""1"": 0}"
399,3,632,0.9717640761467293,0.9435980578576273,0.9889240506329114,"{""0"": 2, ""1"": 0, ""2"": 1}"
399,4,632,0.9626911824005441,0.9410410153912327,0.9857594936708861,"{""0"": 3, ""1"": 2, ""2"": 0, ""3"": 1}"
399,5,632,0.7563687989107137,0.7883314220721023,0.8955696202531646,"{""0"": 1, ""1"": 0, ""2"": 3, ""3"": 4, ""4"": 2}"
399,6,632,0.8778211012086706,0.87690363571947,0.9509493670886076,"{""0"": 1, ""1"": 4, ""2"": 3, ""3"": 5, ""4"": 2, ""5"": 0}"
400,2,632,0.9873614204195429,0.9721911852332777,0.9968354430379747,"{""0"": 0, ""1"": 1}"
400,3,632,0.9871867832571611,0.9730639251528878,0.995253164556962,"{""0"": 2, ""1"": 0, ""2"": 1}"
400,4,632,0.9952138682466363,0.9927090786169268,0.9984177215189873,"{""0"": 0, ""1"": 2, ""2"": 1, ""3"": 3}"
400,5,632,0.632476896691201,0.6905350921057845,0.8164556962025317,"{""0"": 4, ""1"": 2, ""2"": 0, ""3"": 3, ""4"": 1}"
400,6,632,0.9304048338040635,0.9207823550560315,0.9715189873417721,"{""0"": 3, ""1"": 5, ""2"": 2, ""3"": 4, ""4"": 0, ""5"": 1}"
401,2,632,1.0,1.0,1.0,"{""0"": 0, ""1"": 1}"
401,3,632,0.9944040819931657,0.989926544747529,0.9984177215189873,"{""0"": 1, ""1"": 2, ""2"": 0}"
401,4,632,0.9773347022320065,0.9674452166977867,0.9920886075949367,"{""0"": 3, ""1"": 1, ""2"": 0, ""3"": 2}"
401,5,632,0.8996516011350615,0.8967837304181915,0.9604430379746836,"{""0"": 4, ""1"": 0, ""2"": 3, ""3"": 2, ""4"": 1}"
401,6,632,0.498957068304855,0.6123038672575877,0.6645569620253164,"{""0"": 4, ""1"": 0, ""2"": 3, ""3"": 5, ""4"": 1, ""5"": 2}"
402,2,632,0.9873617816565615,0.9722569607566607,0.9968354430379747,"{""0"": 0, ""1"": 1}"
402,3,632,0.8819445816028052,0.8572728960584984,0.9636075949367089,"{""0"": 1, ""1"": 0, ""2"": 2}"
402,4,632,0.9078297922116393,0.888072154829373,0.9667721518987342,"{""0"": 2, ""1"": 3, ""2"": 0, ""3"": 1}"
402,5,632,0.7625174987158114,0.7756570147271727,0.8987341772151899,"{""0"": 2, ""1"": 1, ""2"": 4, ""3"": 3, ""4"": 0}"
402,6,632,0.7697037977026295,0.8079354708155984,0.9003164556962026,"{""0"": 5, ""1"": 3, ""2"": 4, ""3"": 2, ""4"": 0, ""5"": 1}"
403,2,632,0.9810728358903157,0.9568834887869787,0.995253164556962,"{""0"": 0, ""1"": 1}"
403,3,632,0.9865325743976687,0.9709972473108753,0.995253164556962,"{""0"": 1, ""1"": 0, ""2"": 2}"
403,4,632,0.9253555569236129,0.9019322703929579,0.9731012658227848,"{""0"": 1, ""1"": 0, ""2"": 3, ""3"": 2}"
403,5,632,0.9242692005667994,0.9055700582053873,0.9699367088607594,"{""0"": 2, ""1"": 0, ""2"": 4, ""3"": 1, ""4"": 3}"
403,6,632,0.5125638047022529,0.6291599597095107,0.6677215189873418,"{""0"": 5, ""1"": 3, ""2"": 1, ""3"": 2, ""4"": 0, ""5"": 4}"
404,2,632,0.9810728274737442,0.9568473959361106,0.995253164556962,"{""0"": 1, ""1"": 0}"
404,3,632,0.7841922048420272,0.7852159236759891,0.9319620253164557,"{""0"": 1, ""1"": 0, ""2"": 2}"
404,4,632,0.9236430010590464,0.9007082457442113,0.9715189873417721,"{""0"": 3, ""1"": 1, ""2"": 0, ""3"": 2}"
404,5,632,0.6391519047052034,0.6821501694526096,0.810126582278481,"{""0"": 3, ""1"": 1, ""2"": 0, ""3"": 4, ""4"": 2}"
404,6,632,0.8242154108739149,0.8369787704702328,0.9145569620253164,"{""0"": 5, ""1"": 4, ""2"": 3, ""3"": 0, ""4"": 1, ""5"": 2}"
405,2,632,0.987361812050309,0.9722697818088512,0.9968354430379747,"{""0"": 0, ""1"": 1}"
405,3,632,0.973531268274573,0.958560922355805,0.9920886075949367,"{""0"": 2, ""1"": 1, ""2"": 0}"
405,4,632,0.9470183908728038,0.933296011338478,0.9810126582278481,"{""0"": 2, ""1"": 0, ""2"": 1, ""3"": 3}"
405,5,632,0.6084581239054637,0.6598025838741792,0.8006329113924051,"{""0"": 2, ""1"": 3, ""2"": 1, ""3"": 4, ""4"": 0}"
405,6,632,0.8885157336358633,0.8819035286452706,0.9525316455696202,"{""0"": 3, ""1"": 0, ""2"": 2, ""3"": 5, ""4"": 4, ""5"": 1}"
406,2,632,0.9873617989221709,0.9722635513107766,0.9968354430379747,"{""0"": 0, ""1"": 1}"
406,3,632,0.9958588562685989,0.9905252860309711,0.9984177215189873,"{""0"": 0, ""1"": 1, ""2"": 2}"
406,4,632,0.955054756987749,0.9425149283820118,0.9841772151898734,"{""0"": 1, ""1"": 0, ""2"": 3, ""3"": 2}"
406,5,632,0.4703857656785775,0.5963688631867885,0.694620253164557,"{""0"": 4, ""1"": 3, ""2"": 0, ""3"": 1, ""4"": 2}"
406,6,632,0.8553708336360779,0.8725592283460907,0.9367088607594937,"{""0"": 1, ""1"": 3, ""2"": 5, ""3"": 0, ""4"": 2, ""5"": 4}"
407,2,632,0.1501260210105638,0.2276055350040493,0.694620253164557,"{""0"": 1, ""1"": 0}"
407,3,632,0.9619894116787818,0.9347551411907196,0.9873417721518988,"{""0"": 0, ""1"": 2, ""2"": 1}"
407,4,632,0.9516250098847566,0.9338892791700938,0.9825949367088608,"{""0"": 3, ""1"": 2, ""2"": 1, ""3"": 0}"
407,5,632,0.4522032820871147,0.5716560510966348,0.6487341772151899,"{""0"": 2, ""1"": 0, ""2"": 1, ""3"": 3, ""4"": 4}"
407,6,632,0.9639193358563635,0.9536419896409325,0.9825949367088608,"{""0"": 0, ""1"": 5, ""2"": 4, ""3"": 3, ""4"": 2, ""5"": 1}"
408,2,632,0.9936708646186224,0.9845440179495617,0.9984177215189873,"{""0"": 0, ""1"": 1}"
408,3,632,0.9958726104706781,0.9905203502538291,0.9984177215189873,"{""0"": 0, ""1"": 2, ""2"": 1}"
408,4,632,0.9431054738979636,0.9319259862584177,0.9794303797468354,"{""0"": 0, ""1"": 1, ""2"": 2, ""3"": 3}"
408,5,632,0.8074574489614038,0.8281074767062359,0.9193037974683544,"{""0"": 4, ""1"": 0, ""2"": 3, ""3"": 2, ""4"": 1}"
408,6,632,0.49190238268119085,0.6142951057535804,0.6487341772151899,"{""0"": 0, ""1"": 4, ""2"": 5, ""3"": 2, ""4"": 1, ""5"": 3}"
409,2,632,0.9810728379240019,0.9612063093134532,0.995253164556962,"{""0"": 1, ""1"": 0}"
409,3,632,0.9550876200017823,0.9196502897059471,0.9841772151898734,"{""0"": 1, ""1"": 2, ""2"": 0}"
409,4,632,0.9220202143425851,0.9097497562954707,0.9715189873417721,"{""0"": 3, ""1"": 0, ""2"": 1, ""3"": 2}"
409,5,632,0.6230966601948139,0.66911132635368,0.810126582278481,"{""0"": 0, ""1"": 4, ""2"": 1, ""3"": 2, ""4"": 3}"
409,6,632,0.9680285841208254,0.9567631072376171,0.9857594936708861,"{""0"": 3, ""1"": 2, ""2"": 0, ""3"": 1, ""4"": 4, ""5"": 5}"
410,2,632,0.9936708818950358,0.9845542661058769,0.9984177215189873,"{""0"": 1, ""1"": 0}"
410,3,632,1.0,1.0,1.0,"{""0"": 2, ""1"": 0, ""2"": 1}"
410,4,632,0.9630781036562036,0.9548690581468937,0.9873417721518988,"{""0"": 3, ""1"": 1, ""2"": 2, ""3"": 0}"
410,5,632,0.9477753002120396,0.9324836814513333,0.9794303797468354,"{""0"": 0, ""1"": 2, ""2"": 4, ""3"": 1, ""4"": 3}"
410,6,632,0.49651204345009153,0.6203473972766704,0.6550632911392406,"{""0"": 4, ""1"": 5, ""2"": 0, ""3"": 1, ""4"": 2, ""5"": 3}"
411,2,632,0.9810717136172943,0.961027772811233,0.995253164556962,"{""0"": 0, ""1"": 1}"
411,3,632,0.9655012180684731,0.9331611291159174,0.9873417721518988,"{""0"": 1, ""1"": 2, ""2"": 0}"
411,4,632,0.9714541434097569,0.9552868200455951,0.9873417721518988,"{""0"": 3, ""1"": 1, ""2"": 0, ""3"": 2}"
411,5,632,0.7109321610015268,0.7509622069236096,0.870253164556962,"{""0"": 0, ""1"": 1, ""2"": 3, ""3"": 2, ""4"": 4}"
411,6,632,0.6049976823080614,0.6972529711511213,0.7262658227848101,"{""0"": 5, ""1"": 4, ""2"": 2, ""3"": 0, ""4"": 1, ""5"": 3}"
412,2,632,0.9810728351286353,0.9568557321293776,0.995253164556962,"{""0"": 0, ""1"": 1}"
412,3,632,0.977720644222256,0.9680774932651308,0.9936708860759493,"{""0"": 2, ""1"": 1, ""2"": 0}"
412,4,632,0.9503084395555246,0.935741932627787,0.9825949367088608,"{""0"": 0, ""1"": 2, ""2"": 1, ""3"": 3}"
412,5,632,0.5023504194565428,0.6086746104104862,0.7468354430379747,"{""0"": 1, ""1"": 2, ""2"": 4, ""3"": 0, ""4"": 3}"
412,6,632,0.5260772546992069,0.6431648371522616,0.740506329113924,"{""0"": 0, ""1"": 2, ""2"": 5, ""3"": 1, ""4"": 4, ""5"": 3}"
413,2,632,0.9873617816565615,0.9722569607566607,0.9968354430379747,"{""0"": 1, ""1"": 0}"
413,3,632,0.7800870780186319,0.7859301608929523,0.930379746835443,"{""0"": 1, ""1"": 0, ""2"": 2}"
413,4,632,0.9325266568690351,0.9218051644021225,0.9762658227848101,"{""0"": 3, ""1"": 1, ""2"": 0, ""3"": 2}"
413,5,632,0.5855421452668614,0.6535794918592145,0.7753164556962026,"{""0"": 1, ""1"": 3, ""2"": 0, ""3"": 4, ""4"": 2}"
413,6,632,0.48871644957573773,0.6132254514695932,0.6550632911392406,"{""0"": 3, ""1"": 4, ""2"": 1, ""3"": 2, ""4"": 0, ""5"": 5}"
414,2,632,0.14766886761471254,0.21891183222904512,0.6930379746835443,"{""0"": 0, ""1"": 1}"
414,3,632,0.8869407106307781,0.8869012282129614,0.9667721518987342,"{""0"": 0, ""1"": 2, ""2"": 1}"
414,4,632,0.97872218128518,0.9683925402708784,0.9920886075949367,"{""0"": 3, ""1"": 1, ""2"": 0, ""3"": 2}"
414,5,632,0.6683557763507014,0.7086914038897291,0.8338607594936709,"{""0"": 0, ""1"": 3, ""2"": 1, ""3"": 2, ""4"": 4}"
414,6,632,0.9167982518861053,0.9025236723972413,0.9620253164556962,"{""0"": 3, ""1"": 0, ""2"": 4, ""3"": 1, ""4"": 5, ""5"": 2}"
415,2,632,0.9873618334112892,0.9722911154449129,0.9968354430379747,"{""0"": 1, ""1"": 0}"
415,3,632,0.9639193429610562,0.9450004256953594,0.9889240506329114,"{""0"": 0, ""1"": 2, ""2"": 1}"
415,4,632,0.9443731300394078,0.9266743098257506,0.9794303797468354,"{""0"": 1, ""1"": 0, ""2"": 3, ""3"": 2}"
415,5,632,0.7027815674269542,0.766391577250785,0.8670886075949367,"{""0"": 4, ""1"": 1, ""2"": 3, ""3"": 2, ""4"": 0}"
415,6,632,0.8833698557736855,0.8896158861094002,0.9525316455696202,"{""0"": 3, ""1"": 0, ""2"": 1, ""3"": 2, ""4"": 4, ""5"": 5}"
416,2,632,1.0,1.0,1.0,"{""0"": 1, ""1"": 0}"
416,3,632,1.0,1.0,1.0,"{""0"": 0, ""1"": 2, ""2"": 1}"
416,4,632,0.9649254138067281,0.9523995395288379,0.9873417721518988,"{""0"": 1, ""1"": 0, ""2"": 3, ""3"": 2}"
416,5,632,0.6301143707151422,0.678896114604565,0.8117088607594937,"{""0"": 0, ""1"": 3, ""2"": 2, ""3"": 4, ""4"": 1}"
416,6,632,0.899695341086082,0.891336963112621,0.9556962025316456,"{""0"": 5, ""1"": 2, ""2"": 0, ""3"": 4, ""4"": 3, ""5"": 1}"
417,2,632,0.14404687383095657,0.2079871921197762,0.6914556962025317,"{""0"": 0, ""1"": 1}"
417,3,632,0.9907278991719375,0.9803946402832637,0.9968354430379747,"{""0"": 1, ""1"": 0, ""2"": 2}"
417,4,632,0.9262637608420413,0.911551060693803,0.9731012658227848,"{""0"": 1, ""1"": 2, ""2"": 3, ""3"": 0}"
417,5,632,0.594483440333805,0.6553872213967626,0.7800632911392406,"{""0"": 0, ""1"": 1, ""2"": 2, ""3"": 3, ""4"": 4}"
417,6,632,0.9143157846513565,0.9006870046128791,0.9620253164556962,"{""0"": 3, ""1"": 0, ""2"": 5, ""3"": 1, ""4"": 2, ""5"": 4}"
418,2,632,0.9748039041487738,0.9509007758869272,0.9936708860759493,"{""0"": 0, ""1"": 1}"
418,3,632,0.9865109616914233,0.9710673749729524,0.995253164556962,"{""0"": 1, ""1"": 2, ""2"": 0}"
418,4,632,0.9374747355841229,0.9144731166979451,0.9762658227848101,"{""0"": 3, ""1"": 2, ""2"": 0, ""3"": 1}"
418,5,632,0.47159318968247504,0.5660001187046767,0.6598101265822784,"{""0"": 1, ""1"": 4, ""2"": 0, ""3"": 2, ""4"": 3}"
418,6,632,0.47289552054299167,0.5650991905182539,0.6360759493670886,"{""0"": 5, ""1"": 3, ""2"": 2, ""3"": 1, ""4"": 4, ""5"": 0}"
419,2,632,1.0,1.0,1.0,"{""0"": 1, ""1"": 0}"
419,3,632,0.9926585387586675,0.9833827356574133,0.9968354430379747,"{""0"": 0, ""1"": 1, ""2"": 2}"
419,4,632,0.9725072399614908,0.9606053267891315,0.990506329113924,"{""0"": 0, ""1"": 2, ""2"": 1, ""3"": 3}"
419,5,632,0.6031630450390003,0.6572672369134375,0.7879746835443038,"{""0"": 2, ""1"": 4, ""2"": 0, ""3"": 1, ""4"": 3}"
419,6,632,0.5947070965350161,0.6864739300775484,0.7215189873417721,"{""0"": 3, ""1"": 5, ""2"": 1, ""3"": 4, ""4"": 0, ""5"": 2}"
420,2,632,0.9685549919002511,0.9412478452632613,0.9920886075949367,"{""0"": 0, ""1"": 1}"
420,3,632,0.992149970261971,0.9811526116895668,0.9968354430379747,"{""0"": 1, ""1"": 2, ""2"": 0}"
420,4,632,0.9568648609648531,0.9446912865655703,0.9841772151898734,"{""0"": 1, ""1"": 0, ""2"": 3, ""3"": 2}"
420,5,632,0.6408499637403795,0.6810619363785771,0.8259493670886076,"{""0"": 0, ""1"": 1, ""2"": 2, ""3"": 4, ""4"": 3}"
420,6,632,0.65552119634018,0.7116008261981197,0.814873417721519,"{""0"": 0, ""1"": 3, ""2"": 5, ""3"": 2, ""4"": 1, ""5"": 4}"
421,2,632,0.9561164917438635,0.9228253962332109,0.9889240506329114,"{""0"": 0, ""1"": 1}"
421,3,632,0.7782222937021285,0.7688318488202169,0.9287974683544303,"{""0"": 1, ""1"": 2, ""2"": 0}"
421,4,632,0.9713219936350298,0.9546873394921586,0.9889240506329114,"{""0"": 2, ""1"": 1, ""2"": 3, ""3"": 0}"
421,5,632,0.6369807067360488,0.7076806789610454,0.8259493670886076,"{""0"": 1, ""1"": 4, ""2"": 0, ""3"": 3, ""4"": 2}"
421,6,632,0.5683080404738929,0.6644809814061092,0.7088607594936709,"{""0"": 4, ""1"": 2, ""2"": 0, ""3"": 3, ""4"": 5, ""5"": 1}"
422,2,632,0.9873617324240764,0.972242696739464,0.9968354430379747,"{""0"": 1, ""1"": 0}"
422,3,632,0.8006330330010096,0.8008893713574862,0.9382911392405063,"{""0"": 2, ""1"": 1, ""2"": 0}"
422,4,632,0.9681000143412533,0.9588503407645728,0.9889240506329114,"{""0"": 0, ""1"": 3, ""2"": 1, ""3"": 2}"
422,5,632,0.6420308365074725,0.7055691958204816,0.8243670886075949,"{""0"": 2, ""1"": 3, ""2"": 4, ""3"": 1, ""4"": 0}"
422,6,632,0.5060445952191385,0.628900878949984,0.6645569620253164,"{""0"": 1, ""1"": 2, ""2"": 4, ""3"": 3, ""4"": 0, ""5"": 5}"
423,2,632,1.0,1.0,1.0,"{""0"": 1, ""1"": 0}"
423,3,632,0.9884264498144415,0.9738951090197772,0.995253164556962,"{""0"": 1, ""1"": 2, ""2"": 0}"
423,4,632,0.9546456054193921,0.9474574300923558,0.9841772151898734,"{""0"": 1, ""1"": 0, ""2"": 3, ""3"": 2}"
423,5,632,0.647548495167236,0.7276216974990728,0.8370253164556962,"{""0"": 4, ""1"": 0, ""2"": 1, ""3"": 2, ""4"": 3}"
423,6,632,0.5829564735480978,0.6737668152919233,0.7325949367088608,"{""0"": 2, ""1"": 4, ""2"": 1, ""3"": 0, ""4"": 5, ""5"": 3}"
424,2,632,0.9936708779013222,0.9845510529189185,0.9984177215189873,"{""0"": 0, ""1"": 1}"
424,3,632,0.9887611760370025,0.9817882905581276,0.9968354430379747,"{""0"": 0, ""1"": 2, ""2"": 1}"
424,4,632,0.958909681250889,0.9477866307769839,0.9857594936708861,"{""0"": 3, ""1"": 2, ""2"": 1, ""3"": 0}"
424,5,632,0.9104390153578724,0.9032558863255362,0.9651898734177216,"{""0"": 0, ""1"": 4, ""2"": 2, ""3"": 1, ""4"": 3}"
424,6,632,0.9039298650771879,0.9112459219197125,0.9636075949367089,"{""0"": 4, ""1"": 3, ""2"": 1, ""3"": 2, ""4"": 5, ""5"": 0}"
425,2,632,0.15753541273328472,0.22083838129066216,0.6993670886075949,"{""0"": 0, ""1"": 1}"
425,3,632,0.983367450145867,0.97504620420541,0.995253164556962,"{""0"": 2, ""1"": 0, ""2"": 1}"
425,4,632,0.9590601344548147,0.9466758299759569,0.9857594936708861,"{""0"": 0, ""1"": 3, ""2"": 1, ""3"": 2}"
425,5,632,0.6143898033791059,0.6746479379867539,0.814873417721519,"{""0"": 4, ""1"": 0, ""2"": 1, ""3"": 3, ""4"": 2}"
425,6,632,0.4971246825487969,0.6229617104104203,0.6598101265822784,"{""0"": 2, ""1"": 3, ""2"": 1, ""3"": 4, ""4"": 0, ""5"": 5}"
426,2,632,0.9936708858097872,0.984560085537352,0.9984177215189873,"{""0"": 1, ""1"": 0}"
426,3,632,0.7840636551402799,0.7897475066983188,0.9319620253164557,"{""0"": 1, ""1"": 0, ""2"": 2}"
426,4,632,0.949227732352716,0.9403611728273003,0.9825949367088608,"{""0"": 1, ""1"": 3, ""2"": 2, ""3"": 0}"
426,5,632,0.6657273048285288,0.7149801320096026,0.8465189873417721,"{""0"": 4, ""1"": 2, ""2"": 0, ""3"": 3, ""4"": 1}"
426,6,632,0.5306550963143477,0.6468440742604334,0.685126582278481,"{""0"": 3, ""1"": 2, ""2"": 1, ""3"": 0, ""4"": 5, ""5"": 4}"
427,2,632,0.14064798639707424,0.20934395152338547,0.6882911392405063,"{""0"": 1, ""1"": 0}"
427,3,632,0.7544733949676509,0.7801862998644716,0.9224683544303798,"{""0"": 2, ""1"": 1, ""2"": 0}"
427,4,632,0.9537351742089238,0.9442669163222742,0.9841772151898734,"{""0"": 1, ""1"": 0, ""2"": 2, ""3"": 3}"
427,5,632,0.6694651126624138,0.7206333616321243,0.8291139240506329,"{""0"": 3, ""1"": 2, ""2"": 1, ""3"": 0, ""4"": 4}"
427,6,632,0.5062890469586705,0.6290239363559016,0.6629746835443038,"{""0"": 0, ""1"": 3, ""2"": 2, ""3"": 1, ""4"": 5, ""5"": 4}"
428,2,632,0.9873616124373602,0.9722185821678141,0.9968354430379747,"{""0"": 0, ""1"": 1}"
428,3,632,0.9902757118366875,0.9802068693148448,0.9968354430379747,"{""0"": 2, ""1"": 0, ""2"": 1}"
428,4,632,0.9777294106447967,0.967932695090965,0.9920886075949367,"{""0"": 1, ""1"": 3, ""2"": 2, ""3"": 0}"
428,5,632,0.6252061360056389,0.68164493255669,0.805379746835443,"{""0"": 2, ""1"": 3, ""2"": 1, ""3"": 0, ""4"": 4}"
428,6,632,0.849131017729485,0.8468873916562362,0.935126582278481,"{""0"": 2, ""1"": 0, ""2"": 3, ""3"": 4, ""4"": 1, ""5"": 5}"
429,2,632,0.9936708861740091,0.9845626923798214,0.9984177215189873,"{""0"": 1, ""1"": 0}"
429,3,632,0.9887434121370704,0.9817642689816675,0.9968354430379747,"{""0"": 2, ""1"": 1, ""2"": 0}"
429,4,632,0.9554575289469158,0.9476633200186266,0.9841772151898734,"{""0"": 1, ""1"": 3, ""2"": 0, ""3"": 2}"
429,5,632,0.628450267058504,0.6919238651236645,0.7895569620253164,"{""0"": 4, ""1"": 1, ""2"": 3, ""3"": 0, ""4"": 2}"
429,6,632,0.9296997709875788,0.9344429722037282,0.9699367088607594,"{""0"": 3, ""1"": 5, ""2"": 1, ""3"": 2, ""4"": 4, ""5"": 0}"
430,2,632,0.9748025335184508,0.9506905641832202,0.9936708860759493,"{""0"": 0, ""1"": 1}"
430,3,632,0.9922901374355324,0.9809636183473662,0.9968354430379747,"{""0"": 2, ""1"": 0, ""2"": 1}"
430,4,632,0.9493213955945418,0.9397169784034575,0.9825949367088608,"{""0"": 2, ""1"": 1, ""2"": 0, ""3"": 3}"
430,5,632,0.6387389265371727,0.6848449164364983,0.8180379746835443,"{""0"": 4, ""1"": 1, ""2"": 2, ""3"": 0, ""4"": 3}"
430,6,632,0.7515390247577329,0.7936383250483408,0.8908227848101266,"{""0"": 2, ""1"": 4, ""2"": 1, ""3"": 3, ""4"": 5, ""5"": 0}"
431,2,632,0.9873618317977748,0.9722863191620774,0.9968354430379747,"{""0"": 0, ""1"": 1}"
431,3,632,0.9832170773116233,0.9747143316450662,0.995253164556962,"{""0"": 1, ""1"": 2, ""2"": 0}"
431,4,632,1.0,1.0,1.0,"{""0"": 1, ""1"": 0, ""2"": 2, ""3"": 3}"
431,5,632,0.9399201046947053,0.9277848131716481,0.9762658227848101,"{""0"": 0, ""1"": 4, ""2"": 3, ""3"": 2, ""4"": 1}"
431,6,632,0.9417283008126996,0.9389287102726067,0.9762658227848101,"{""0"": 3, ""1"": 0, ""2"": 5, ""3"": 1, ""4"": 2, ""5"": 4}"
432,2,632,0.9936708646186224,0.9845440179495617,0.9984177215189873,"{""0"": 0, ""1"": 1}"
432,3,632,0.9963340690228275,0.9906082962838987,0.9984177215189873,"{""0"": 1, ""1"": 0, ""2"": 2}"
432,4,632,0.913446373756865,0.9071927462309941,0.9699367088607594,"{""0"": 1, ""1"": 3, ""2"": 0, ""3"": 2}"
432,5,632,0.6400773975884697,0.6932460771215665,0.8069620253164557,"{""0"": 3, ""1"": 0, ""2"": 2, ""3"": 1, ""4"": 4}"
432,6,632,0.9368213730933809,0.9245961049561822,0.9683544303797469,"{""0"": 2, ""1"": 3, ""2"": 0, ""3"": 1, ""4"": 4, ""5"": 5}"
433,2,632,0.1245136042142353,0.19556119200625516,0.6772151898734177,"{""0"": 1, ""1"": 0}"
433,3,632,0.9905150684633608,0.9805185002574733,0.9968354430379747,"{""0"": 0, ""1"": 1, ""2"": 2}"
433,4,632,0.9454034215892706,0.9316938374342756,0.9810126582278481,"{""0"": 0, ""1"": 2, ""2"": 3, ""3"": 1}"
433,5,632,0.6403623650177332,0.6823111681959412,0.8275316455696202,"{""0"": 0, ""1"": 1, ""2"": 3, ""3"": 4, ""4"": 2}"
433,6,632,0.5593423817281948,0.6675411257832963,0.7025316455696202,"{""0"": 1, ""1"": 3, ""2"": 0, ""3"": 2, ""4"": 4, ""5"": 5}"
434,2,632,1.0,1.0,1.0,"{""0"": 0, ""1"": 1}"
434,3,632,0.7872188164213907,0.7928820569843203,0.9335443037974683,"{""0"": 0, ""1"": 1, ""2"": 2}"
434,4,632,0.9368655002660791,0.9154572467931738,0.9762658227848101,"{""0"": 0, ""1"": 2, ""2"": 1, ""3"": 3}"
434,5,632,0.6409172918593631,0.6950681789209605,0.8180379746835443,"{""0"": 4, ""1"": 0, ""2"": 2, ""3"": 3, ""4"": 1}"
434,6,632,0.5211812519133227,0.6472620265268385,0.6693037974683544,"{""0"": 4, ""1"": 0, ""2"": 2, ""3"": 1, ""4"": 3, ""5"": 5}"
435,2,632,0.1504553190218035,0.21953917106080129,0.694620253164557,"{""0"": 1, ""1"": 0}"
435,3,632,0.8353633367811021,0.8401851785509353,0.9493670886075949,"{""0"": 2, ""1"": 1, ""2"": 0}"
435,4,632,0.9642235398797314,0.9511740006479135,0.9873417721518988,"{""0"": 0, ""1"": 2, ""2"": 1, ""3"": 3}"
435,5,632,0.6171155746522395,0.6820263634455799,0.7784810126582279,"{""0"": 3, ""1"": 2, ""2"": 1, ""3"": 0, ""4"": 4}"
435,6,632,0.5046898100897365,0.6223157788355499,0.6550632911392406,"{""0"": 5, ""1"": 4, ""2"": 1, ""3"": 0, ""4"": 3, ""5"": 2}"
436,2,632,0.9810720331670735,0.961057182597014,0.995253164556962,"{""0"": 0, ""1"": 1}"
436,3,632,0.9921882234129338,0.9810592110121107,0.9968354430379747,"{""0"": 1, ""1"": 0, ""2"": 2}"
436,4,632,0.9677486094329584,0.9603317249083602,0.9889240506329114,"{""0"": 2, ""1"": 0, ""2"": 3, ""3"": 1}"
436,5,632,0.63004123877984,0.6901040381537574,0.810126582278481,"{""0"": 1, ""1"": 0, ""2"": 2, ""3"": 4, ""4"": 3}"
436,6,632,0.9276431806196089,0.9089754122053421,0.9667721518987342,"{""0"": 3, ""1"": 0, ""2"": 5, ""3"": 1, ""4"": 4, ""5"": 2}"
437,2,632,0.9873617324240764,0.972242696739464,0.9968354430379747,"{""0"": 0, ""1"": 1}"
437,3,632,0.949639052838927,0.9150508426180591,0.9794303797468354,"{""0"": 1, ""1"": 0, ""2"": 2}"
437,4,632,0.9236167712583218,0.8969806051939241,0.9699367088607594,"{""0"": 0, ""1"": 2, ""2"": 1, ""3"": 3}"
437,5,632,0.6799664846686959,0.7127206074028432,0.8481012658227848,"{""0"": 2, ""1"": 3, ""2"": 1, ""3"": 0, ""4"": 4}"
437,6,632,0.9384355366652896,0.9290810308373302,0.9731012658227848,"{""0"": 2, ""1"": 1, ""2"": 4, ""3"": 5, ""4"": 3, ""5"": 0}"
438,2,632,0.9873618215750265,0.9722756528890932,0.9968354430379747,"{""0"": 1, ""1"": 0}"
438,3,632,0.9847148172594814,0.9674934673949679,0.9936708860759493,"{""0"": 1, ""1"": 2, ""2"": 0}"
438,4,632,0.9767987465927073,0.9614962241374623,0.990506329113924,"{""0"": 1, ""1"": 2, ""2"": 3, ""3"": 0}"
438,5,632,0.6447210391224728,0.7305759112118533,0.8370253164556962,"{""0"": 0, ""1"": 2, ""2"": 3, ""3"": 4, ""4"": 1}"
438,6,632,0.9415370437363104,0.933369109788883,0.9762658227848101,"{""0"": 0, ""1"": 1, ""2"": 3, ""3"": 4, ""4"": 2, ""5"": 5}"
439,2,632,0.9810726147186137,0.9611331746145341,0.995253164556962,"{""0"": 1, ""1"": 0}"
439,3,632,0.9758660544978623,0.9579889446451595,0.9920886075949367,"{""0"": 0, ""1"": 2, ""2"": 1}"
439,4,632,0.9555658786245882,0.9442544618548262,0.9841772151898734,"{""0"": 1, ""1"": 0, ""2"": 2, ""3"": 3}"
439,5,632,0.8527000610933744,0.860546570395316,0.939873417721519,"{""0"": 0, ""1"": 1, ""2"": 3, ""3"": 2, ""4"": 4}"
439,6,632,0.892046788861981,0.8933666905190659,0.9525316455696202,"{""0"": 2, ""1"": 4, ""2"": 5, ""3"": 1, ""4"": 0, ""5"": 3}"
440,2,632,0.9873616992364351,0.9722350218113758,0.9968354430379747,"{""0"": 0, ""1"": 1}"
440,3,632,0.9740308821375534,0.9586906147768175,0.9920886075949367,"{""0"": 2, ""1"": 0, ""2"": 1}"
440,4,632,0.9456417514197305,0.9309213338064656,0.9810126582278481,"{""0"": 0, ""1"": 2, ""2"": 3, ""3"": 1}"
440,5,632,0.9036317925374823,0.8896896729710668,0.9620253164556962,"{""0"": 3, ""1"": 4, ""2"": 1, ""3"": 2, ""4"": 0}"
440,6,632,0.476428008361896,0.5968825226128257,0.6439873417721519,"{""0"": 1, ""1"": 3, ""2"": 4, ""3"": 2, ""4"": 5, ""5"": 0}"
441,2,632,0.9936708424670813,0.9845361690679575,0.9984177215189873,"{""0"": 1, ""1"": 0}"
441,3,632,0.9921529988580703,0.9811520567715528,0.9968354430379747,"{""0"": 2, ""1"": 1, ""2"": 0}"
441,4,632,0.9477719766269492,0.9390228589596394,0.9810126582278481,"{""0"": 1, ""1"": 0, ""2"": 2, ""3"": 3}"
441,5,632,0.6950016855602245,0.72975347727504,0.8575949367088608,"{""0"": 4, ""1"": 1, ""2"": 0, ""3"": 3, ""4"": 2}"
441,6,632,0.824232912400163,0.8436854086645962,0.9177215189873418,"{""0"": 2, ""1"": 3, ""2"": 1, ""3"": 5, ""4"": 0, ""5"": 4}"
442,2,632,0.9748038733243811,0.950880947319703,0.9936708860759493,"{""0"": 0, ""1"": 1}"
442,3,632,0.9361107479509412,0.9021054603776836,0.9778481012658228,"{""0"": 0, ""1"": 1, ""2"": 2}"
442,4,632,0.9498593572312691,0.9298641664785493,0.9810126582278481,"{""0"": 1, ""1"": 3, ""2"": 2, ""3"": 0}"
442,5,632,0.7726471447972498,0.797336546191317,0.9034810126582279,"{""0"": 0, ""1"": 1, ""2"": 3, ""3"": 4, ""4"": 2}"
442,6,632,0.5064998986776326,0.612520668698636,0.6629746835443038,"{""0"": 0, ""1"": 3, ""2"": 4, ""3"": 2, ""4"": 5, ""5"": 1}"
443,2,632,0.9873617989221709,0.9722635513107766,0.9968354430379747,"{""0"": 0, ""1"": 1}"
443,3,632,0.7862217263620785,0.7970925318111932,0.9335443037974683,"{""0"": 1, ""1"": 0, ""2"": 2}"
443,4,632,0.965475338925137,0.9511804841107879,0.9873417721518988,"{""0"": 0, ""1"": 3, ""2"": 1, ""3"": 2}"
443,5,632,0.938215728253177,0.9276940555759166,0.9762658227848101,"{""0"": 0, ""1"": 4, ""2"": 3, ""3"": 1, ""4"": 2}"
443,6,632,0.8697916464021506,0.8610007328071764,0.939873417721519,"{""0"": 4, ""1"": 3, ""2"": 1, ""3"": 2, ""4"": 5, ""5"": 0}"
444,2,632,0.9936708779013222,0.9845510529189185,0.9984177215189873,"{""0"": 1, ""1"": 0}"
444,3,632,1.0,1.0,1.0,"{""0"": 1, ""1"": 0, ""2"": 2}"
444,4,632,0.9781710509277287,0.9659426430956248,0.9920886075949367,"{""0"": 3, ""1"": 1, ""2"": 2, ""3"": 0}"
444,5,632,0.6440094623691492,0.6995373282635831,0.7974683544303798,"{""0"": 1, ""1"": 3, ""2"": 2, ""3"": 0, ""4"": 4}"
444,6,632,0.49628743983135143,0.6013620617206129,0.6645569620253164,"{""0"": 4, ""1"": 5, ""2"": 1, ""3"": 2, ""4"": 0, ""5"": 3}"
445,2,632,1.0,1.0,1.0,"{""0"": 0, ""1"": 1}"
445,3,632,0.7768450501507349,0.782548963195678,0.9287974683544303,"{""0"": 0, ""1"": 1, ""2"": 2}"
445,4,632,0.9180454631892123,0.9011580956986158,0.9699367088607594,"{""0"": 2, ""1"": 0, ""2"": 1, ""3"": 3}"
445,5,632,0.8464775268377728,0.8446429074901571,0.9382911392405063,"{""0"": 4, ""1"": 2, ""2"": 3, ""3"": 1, ""4"": 0}"
445,6,632,0.6147702451723385,0.6977047061824937,0.8085443037974683,"{""0"": 3, ""1"": 1, ""2"": 2, ""3"": 4, ""4"": 0, ""5"": 5}"
446,2,632,0.9936708646186224,0.9845440179495617,0.9984177215189873,"{""0"": 1, ""1"": 0}"
446,3,632,0.7693410416956378,0.7472989460967286,0.9240506329113924,"{""0"": 1, ""1"": 0, ""2"": 2}"
446,4,632,0.9608394597827986,0.9438132554856752,0.9857594936708861,"{""0"": 0, ""1"": 3, ""2"": 2, ""3"": 1}"
446,5,632,0.5963140377875316,0.6701309075679153,0.7784810126582279,"{""0"": 0, ""1"": 4, ""2"": 2, ""3"": 1, ""4"": 3}"
446,6,632,0.858548721510678,0.8586825861697278,0.930379746835443,"{""0"": 3, ""1"": 1, ""2"": 2, ""3"": 5, ""4"": 4, ""5"": 0}"
447,2,632,1.0,1.0,1.0,"{""0"": 1, ""1"": 0}"
447,3,632,0.9865262598438713,0.9710188658160489,0.995253164556962,"{""0"": 0, ""1"": 1, ""2"": 2}"
447,4,632,0.9860250813393027,0.9800089232959182,0.995253164556962,"{""0"": 1, ""1"": 3, ""2"": 0, ""3"": 2}"
447,5,632,0.661909219185211,0.7152999800593474,0.8275316455696202,"{""0"": 0, ""1"": 4, ""2"": 1, ""3"": 2, ""4"": 3}"
447,6,632,0.5524736721100123,0.658269319007369,0.6993670886075949,"{""0"": 5, ""1"": 0, ""2"": 4, ""3"": 1, ""4"": 3, ""5"": 2}"
448,2,632,0.9936708547947374,0.984540195442337,0.9984177215189873,"{""0"": 1, ""1"": 0}"
448,3,632,0.7639738406569663,0.7836464738551836,0.9256329113924051,"{""0"": 1, ""1"": 0, ""2"": 2}"
448,4,632,0.9778613338699479,0.9681504654914885,0.9920886075949367,"{""0"": 1, ""1"": 2, ""2"": 0, ""3"": 3}"
448,5,632,0.611763422747122,0.6695800488935729,0.7848101265822784,"{""0"": 2, ""1"": 1, ""2"": 3, ""3"": 0, ""4"": 4}"
448,6,632,0.7110770158829676,0.7703295843591002,0.8686708860759493,"{""0"": 5, ""1"": 2, ""2"": 4, ""3"": 0, ""4"": 1, ""5"": 3}"
449,2,632,0.9873617596889012,0.9722500094707324,0.9968354430379747,"{""0"": 0, ""1"": 1}"
449,3,632,0.9864980604589392,0.9711177500763938,0.995253164556962,"{""0"": 0, ""1"": 2, ""2"": 1}"
449,4,632,1.0,1.0,1.0,"{""0"": 2, ""1"": 0, ""2"": 1, ""3"": 3}"
449,5,632,0.4633371175251311,0.5928512412987116,0.7056962025316456,"{""0"": 0, ""1"": 3, ""2"": 1, ""3"": 2, ""4"": 4}"
449,6,632,0.9420731617610182,0.9285852158334785,0.9746835443037974,"{""0"": 0, ""1"": 5, ""2"": 1, ""3"": 2, ""4"": 4, ""5"": 3}"
450,2,632,0.9873618284575826,0.9691439543920005,0.9968354430379747,"{""0"": 1, ""1"": 0}"
450,3,632,0.9961449875860648,0.9906100710129802,0.9984177215189873,"{""0"": 1, ""1"": 0, ""2"": 2}"
450,4,632,0.9776963448793212,0.9680115556406312,0.9920886075949367,"{""0"": 1, ""1"": 3, ""2"": 0, ""3"": 2}"
450,5,632,0.6301607347000145,0.6824369644090338,0.814873417721519,"{""0"": 1, ""1"": 2, ""2"": 3, ""3"": 0, ""4"": 4}"
450,6,632,0.9599212129020481,0.9560174025411822,0.9825949367088608,"{""0"": 5, ""1"": 4, ""2"": 2, ""3"": 1, ""4"": 0, ""5"": 3}"
451,2,632,0.9685544473113945,0.9410374147739448,0.9920886075949367,"{""0"": 0, ""1"": 1}"
451,3,632,0.9757939887627668,0.9511801778839656,0.990506329113924,"{""0"": 2, ""1"": 0, ""2"": 1}"
451,4,632,0.9810845666526802,0.9772763314013693,0.9936708860759493,"{""0"": 3, ""1"": 0, ""2"": 1, ""3"": 2}"
451,5,632,0.6528433749326028,0.7202943249047451,0.8465189873417721,"{""0"": 2, ""1"": 1, ""2"": 0, ""3"": 3, ""4"": 4}"
451,6,632,0.891344168719412,0.8738406629627795,0.9509493670886076,"{""0"": 1, ""1"": 3, ""2"": 5, ""3"": 0, ""4"": 2, ""5"": 4}"
452,2,632,0.9936706977332406,0.9845077047990085,0.9984177215189873,"{""0"": 1, ""1"": 0}"
452,3,632,0.9480483058411469,0.9171116501507812,0.9825949367088608,"{""0"": 2, ""1"": 0, ""2"": 1}"
452,4,632,0.9476267430258624,0.9275513997602937,0.9810126582278481,"{""0"": 1, ""1"": 2, ""2"": 3, ""3"": 0}"
452,5,632,0.9462830316171315,0.9320563361562536,0.9778481012658228,"{""0"": 0, ""1"": 1, ""2"": 3, ""3"": 2, ""4"": 4}"
452,6,632,0.49225081341159765,0.607161629178389,0.6487341772151899,"{""0"": 1, ""1"": 5, ""2"": 3, ""3"": 4, ""4"": 2, ""5"": 0}"
453,2,632,0.13996557328424836,0.21507354969266404,0.6882911392405063,"{""0"": 1, ""1"": 0}"
453,3,632,0.7718992799025315,0.7768289013828488,0.9272151898734177,"{""0"": 2, ""1"": 1, ""2"": 0}"
453,4,632,0.9375795388509476,0.9223290351014329,0.9778481012658228,"{""0"": 3, ""1"": 0, ""2"": 1, ""3"": 2}"
453,5,632,0.7323538492160206,0.7648752173181581,0.879746835443038,"{""0"": 2, ""1"": 1, ""2"": 0, ""3"": 4, ""4"": 3}"
453,6,632,0.4640634707504026,0.5621014289760179,0.6360759493670886,"{""0"": 5, ""1"": 0, ""2"": 4, ""3"": 1, ""4"": 2, ""5"": 3}"
454,2,632,0.9936707873282496,0.9845228624743079,0.9984177215189873,"{""0"": 1, ""1"": 0}"
454,3,632,0.9706353726875854,0.9452634158694898,0.9889240506329114,"{""0"": 2, ""1"": 1, ""2"": 0}"
454,4,632,0.9427199346937902,0.9200117887743563,0.9778481012658228,"{""0"": 2, ""1"": 1, ""2"": 0, ""3"": 3}"
454,5,632,0.6566826449768701,0.6995751487801305,0.8259493670886076,"{""0"": 3, ""1"": 1, ""2"": 2, ""3"": 0, ""4"": 4}"
454,6,632,0.8194548736694779,0.8126203546964023,0.9129746835443038,"{""0"": 1, ""1"": 4, ""2"": 3, ""3"": 2, ""4"": 0, ""5"": 5}"
455,2,632,0.16796837485603164,0.23127509689514064,0.7056962025316456,"{""0"": 0, ""1"": 1}"
455,3,632,0.9195458900200751,0.906206478288772,0.9762658227848101,"{""0"": 2, ""1"": 1, ""2"": 0}"
455,4,632,0.9542613435642389,0.943788630534941,0.9841772151898734,"{""0"": 1, ""1"": 3, ""2"": 2, ""3"": 0}"
455,5,632,0.8704261261569851,0.8750544132176197,0.9493670886075949,"{""0"": 3, ""1"": 4, ""2"": 2, ""3"": 0, ""4"": 1}"
455,6,632,0.9807381172016513,0.9766037726696145,0.9920886075949367,"{""0"": 1, ""1"": 2, ""2"": 5, ""3"": 4, ""4"": 3, ""5"": 0}"
456,2,632,0.9623249961077803,0.9229949781366493,0.990506329113924,"{""0"": 1, ""1"": 0}"
456,3,632,0.9775392823906971,0.9676866430434224,0.9936708860759493,"{""0"": 0, ""1"": 2, ""2"": 1}"
456,4,632,0.9952616908522696,0.9927404416293449,0.9984177215189873,"{""0"": 1, ""1"": 0, ""2"": 2, ""3"": 3}"
456,5,632,0.601449866233146,0.6658591025456971,0.7927215189873418,"{""0"": 4, ""1"": 1, ""2"": 0, ""3"": 3, ""4"": 2}"
456,6,632,0.5657285017127056,0.6742088974847099,0.7009493670886076,"{""0"": 1, ""1"": 0, ""2"": 2, ""3"": 4, ""4"": 3, ""5"": 5}"
457,2,632,0.9810728379240019,0.9612309344111786,0.995253164556962,"{""0"": 0, ""1"": 1}"
457,3,632,0.9604695454563505,0.9355741940565555,0.9873417721518988,"{""0"": 0, ""1"": 1, ""2"": 2}"
457,4,632,0.9965999475457967,0.9931867871405098,0.9984177215189873,"{""0"": 2, ""1"": 1, ""2"": 0, ""3"": 3}"
457,5,632,0.6758923869637726,0.7180670730565527,0.8370253164556962,"{""0"": 1, ""1"": 0, ""2"": 3, ""3"": 4, ""4"": 2}"
457,6,632,0.8534879072115982,0.8640973893734214,0.9367088607594937,"{""0"": 2, ""1"": 5, ""2"": 1, ""3"": 3, ""4"": 4, ""5"": 0}"
458,2,632,0.956117314257091,0.9229548490934935,0.9889240506329114,"{""0"": 1, ""1"": 0}"
458,3,632,0.7714210553718635,0.7813873176621774,0.9287974683544303,"{""0"": 2, ""1"": 1, ""2"": 0}"
458,4,632,0.9442183500868669,0.9349573895688299,0.9810126582278481,"{""0"": 1, ""1"": 2, ""2"": 0, ""3"": 3}"
458,5,632,0.8956537907963024,0.888558267786259,0.9588607594936709,"{""0"": 0, ""1"": 2, ""2"": 4, ""3"": 3, ""4"": 1}"
458,6,632,0.5272764073798216,0.6351087131517347,0.7167721518987342,"{""0"": 3, ""1"": 2, ""2"": 0, ""3"": 4, ""4"": 1, ""5"": 5}"
459,2,632,0.9873616992364351,0.9722350218113758,0.9968354430379747,"{""0"": 1, ""1"": 0}"
459,3,632,0.8835501518882936,0.872201378105555,0.9651898734177216,"{""0"": 1, ""1"": 0, ""2"": 2}"
459,4,632,0.93180582717383,0.9234582364578022,0.9762658227848101,"{""0"": 1, ""1"": 0, ""2"": 2, ""3"": 3}"
459,5,632,0.636267995606711,0.6986274414725925,0.8259493670886076,"{""0"": 3, ""1"": 2, ""2"": 4, ""3"": 0, ""4"": 1}"
459,6,632,0.5223581187620613,0.6349262175730939,0.6708860759493671,"{""0"": 4, ""1"": 5, ""2"": 0, ""3"": 3, ""4"": 1, ""5"": 2}"
460,2,632,0.9873618284575826,0.9691439543920005,0.9968354430379747,"{""0"": 0, ""1"": 1}"
460,3,632,1.0,1.0,1.0,"{""0"": 1, ""1"": 2, ""2"": 0}"
460,4,632,0.9597125216463575,0.9499386785656849,0.9857594936708861,"{""0"": 2, ""1"": 1, ""2"": 3, ""3"": 0}"
460,5,632,0.9428667334107231,0.9348277828883204,0.9778481012658228,"{""0"": 3, ""1"": 1, ""2"": 2, ""3"": 0, ""4"": 4}"
460,6,632,0.9502495573162754,0.9463698500100818,0.9794303797468354,"{""0"": 2, ""1"": 4, ""2"": 3, ""3"": 1, ""4"": 5, ""5"": 0}"
461,2,632,1.0,1.0,1.0,"{""0"": 1, ""1"": 0}"
461,3,632,0.9775858041021895,0.9678960404775017,0.9936708860759493,"{""0"": 1, ""1"": 0, ""2"": 2}"
461,4,632,0.9675722415999275,0.9587195169065132,0.9889240506329114,"{""0"": 1, ""1"": 0, ""2"": 3, ""3"": 2}"
461,5,632,0.6514283681864395,0.6937771280494994,0.8243670886075949,"{""0"": 0, ""1"": 2, ""2"": 4, ""3"": 1, ""4"": 3}"
461,6,632,0.5612897676482722,0.6698603925162594,0.6977848101265823,"{""0"": 3, ""1"": 5, ""2"": 0, ""3"": 4, ""4"": 1, ""5"": 2}"
462,2,632,1.0,1.0,1.0,"{""0"": 1, ""1"": 0}"
462,3,632,0.9632809841504183,0.939110170472636,0.9873417721518988,"{""0"": 1, ""1"": 2, ""2"": 0}"
462,4,632,0.9554187859693526,0.9424539944025685,0.9841772151898734,"{""0"": 0, ""1"": 3, ""2"": 2, ""3"": 1}"
462,5,632,0.6874295545398641,0.7337638628391424,0.8449367088607594,"{""0"": 4, ""1"": 1, ""2"": 2, ""3"": 0, ""4"": 3}"
462,6,632,0.7896918648394392,0.8160792269576065,0.9066455696202531,"{""0"": 2, ""1"": 3, ""2"": 5, ""3"": 0, ""4"": 4, ""5"": 1}"
463,2,632,0.9748033707950262,0.950776495526774,0.9936708860759493,"{""0"": 1, ""1"": 0}"
463,3,632,0.9928027362277305,0.9833794250495806,0.9968354430379747,"{""0"": 1, ""1"": 2, ""2"": 0}"
463,4,632,0.9810939409195707,0.974854152023566,0.9936708860759493,"{""0"": 2, ""1"": 1, ""2"": 0, ""3"": 3}"
463,5,632,0.9656486133604225,0.9548172487316471,0.9857594936708861,"{""0"": 4, ""1"": 3, ""2"": 0, ""3"": 1, ""4"": 2}"
463,6,632,0.9039169536762045,0.8915209349562044,0.9509493670886076,"{""0"": 0, ""1"": 3, ""2"": 5, ""3"": 2, ""4"": 4, ""5"": 1}"
464,2,632,1.0,1.0,1.0,"{""0"": 1, ""1"": 0}"
464,3,632,0.9944034726760529,0.9899532812978961,0.9984177215189873,"{""0"": 0, ""1"": 2, ""2"": 1}"
464,4,632,1.0,1.0,1.0,"{""0"": 3, ""1"": 0, ""2"": 1, ""3"": 2}"
464,5,632,0.6253982038905704,0.6885340219112651,0.7990506329113924,"{""0"": 1, ""1"": 0, ""2"": 4, ""3"": 2, ""4"": 3}"
464,6,632,0.9173065732156492,0.8944443131917531,0.9588607594936709,"{""0"": 2, ""1"": 5, ""2"": 1, ""3"": 4, ""4"": 3, ""5"": 0}"
465,2,632,1.0,1.0,1.0,"{""0"": 0, ""1"": 1}"
465,3,632,0.9809304544036638,0.9632097594434018,0.9936708860759493,"{""0"": 2, ""1"": 0, ""2"": 1}"
465,4,632,0.9660855747948849,0.9543966906952166,0.9873417721518988,"{""0"": 3, ""1"": 2, ""2"": 0, ""3"": 1}"
465,5,632,0.5651226025409054,0.6623284558268951,0.7943037974683544,"{""0"": 1, ""1"": 4, ""2"": 3, ""3"": 0, ""4"": 2}"
465,6,632,0.9205197537815896,0.9023243642259217,0.9620253164556962,"{""0"": 5, ""1"": 0, ""2"": 1, ""3"": 4, ""4"": 3, ""5"": 2}"
466,2,632,0.9936708847094802,0.9845673016559948,0.9984177215189873,"{""0"": 1, ""1"": 0}"
466,3,632,0.7748653220941225,0.7960487553084388,0.9287974683544303,"{""0"": 1, ""1"": 2, ""2"": 0}"
466,4,632,0.9460381941445062,0.934351578060059,0.9810126582278481,"{""0"": 0, ""1"": 2, ""2"": 3, ""3"": 1}"
466,5,632,0.633701232912957,0.692944758921995,0.8037974683544303,"{""0"": 1, ""1"": 4, ""2"": 2, ""3"": 3, ""4"": 0}"
466,6,632,0.9626135374412521,0.9528618168765757,0.9841772151898734,"{""0"": 3, ""1"": 1, ""2"": 0, ""3"": 2, ""4"": 5, ""5"": 4}"
467,2,632,0.9936707320381766,0.9845129638718383,0.9984177215189873,"{""0"": 1, ""1"": 0}"
467,3,632,0.7772968632961953,0.7864808939174237,0.930379746835443,"{""0"": 1, ""1"": 0, ""2"": 2}"
467,4,632,0.988823870073678,0.9808723918263039,0.995253164556962,"{""0"": 2, ""1"": 0, ""2"": 1, ""3"": 3}"
467,5,632,0.9284951726400377,0.9136328223864234,0.9715189873417721,"{""0"": 4, ""1"": 0, ""2"": 3, ""3"": 1, ""4"": 2}"
467,6,632,0.5271222349091562,0.6324660723265538,0.6835443037974683,"{""0"": 2, ""1"": 3, ""2"": 0, ""3"": 5, ""4"": 4, ""5"": 1}"
468,2,632,0.1406559675805001,0.22171125872344893,0.6882911392405063,"{""0"": 1, ""1"": 0}"
468,3,632,0.9635737480989875,0.9346564844645306,0.9873417721518988,"{""0"": 0, ""1"": 2, ""2"": 1}"
468,4,632,0.896714334129055,0.8796518233972997,0.9620253164556962,"{""0"": 2, ""1"": 0, ""2"": 1, ""3"": 3}"
468,5,632,0.6019719545313182,0.6845162589105326,0.814873417721519,"{""0"": 4, ""1"": 0, ""2"": 3, ""3"": 2, ""4"": 1}"
468,6,632,0.7440930761764779,0.78092371962844,0.884493670886076,"{""0"": 1, ""1"": 3, ""2"": 5, ""3"": 2, ""4"": 4, ""5"": 0}"
469,2,632,0.981072822088658,0.9612442146943972,0.995253164556962,"{""0"": 1, ""1"": 0}"
469,3,632,0.9777119039348209,0.9681722058746479,0.9936708860759493,"{""0"": 1, ""1"": 0, ""2"": 2}"
469,4,632,0.9182212132133121,0.9039153329370198,0.9715189873417721,"{""0"": 2, ""1"": 3, ""2"": 1, ""3"": 0}"
469,5,632,0.44875702348869734,0.54461269303585,0.6471518987341772,"{""0"": 1, ""1"": 3, ""2"": 0, ""3"": 2, ""4"": 4}"
469,6,632,0.9014268524525674,0.9043145021115687,0.9620253164556962,"{""0"": 3, ""1"": 0, ""2"": 1, ""3"": 4, ""4"": 2, ""5"": 5}"
470,2,632,0.9936708273299782,0.984531938410481,0.9984177215189873,"{""0"": 1, ""1"": 0}"
470,3,632,0.981475235858815,0.9652841960374899,0.9936708860759493,"{""0"": 2, ""1"": 0, ""2"": 1}"
470,4,632,0.9456671260732675,0.9327247603127669,0.9810126582278481,"{""0"": 2, ""1"": 3, ""2"": 1, ""3"": 0}"
470,5,632,0.9531041672066551,0.9479539534982976,0.9825949367088608,"{""0"": 1, ""1"": 0, ""2"": 3, ""3"": 2, ""4"": 4}"
470,6,632,0.6774782284565919,0.740813825969291,0.8544303797468354,"{""0"": 1, ""1"": 3, ""2"": 0, ""3"": 4, ""4"": 2, ""5"": 5}"
471,2,632,0.974803904465636,0.950939442006877,0.9936708860759493,"{""0"": 1, ""1"": 0}"
471,3,632,0.8324867210984831,0.8230519179555119,0.9477848101265823,"{""0"": 0, ""1"": 1, ""2"": 2}"
471,4,632,0.9671721343204993,0.9485958219647418,0.9873417721518988,"{""0"": 1, ""1"": 3, ""2"": 2, ""3"": 0}"
471,5,632,0.4463476754351067,0.5791941255500028,0.6962025316455697,"{""0"": 1, ""1"": 2, ""2"": 4, ""3"": 3, ""4"": 0}"
471,6,632,0.9216966693601758,0.9097317999329372,0.9651898734177216,"{""0"": 4, ""1"": 3, ""2"": 2, ""3"": 5, ""4"": 0, ""5"": 1}"
472,2,632,1.0,1.0,1.0,"{""0"": 1, ""1"": 0}"
472,3,632,0.9522042335730311,0.9352247579713292,0.9857594936708861,"{""0"": 1, ""1"": 2, ""2"": 0}"
472,4,632,0.9464012774024892,0.9311396281433527,0.9810126582278481,"{""0"": 2, ""1"": 0, ""2"": 3, ""3"": 1}"
472,5,632,0.8497305979050543,0.845961252053746,0.939873417721519,"{""0"": 2, ""1"": 0, ""2"": 3, ""3"": 1, ""4"": 4}"
472,6,632,0.4587120525872944,0.56258722040221,0.6313291139240507,"{""0"": 0, ""1"": 2, ""2"": 4, ""3"": 3, ""4"": 5, ""5"": 1}"
473,2,632,0.9748032444827023,0.9507605893610627,0.9936708860759493,"{""0"": 0, ""1"": 1}"
473,3,632,0.9794655708697594,0.9646370865341012,0.9936708860759493,"{""0"": 0, ""1"": 2, ""2"": 1}"
473,4,632,0.9638114582722692,0.9580678869582367,0.9873417721518988,"{""0"": 3, ""1"": 2, ""2"": 0, ""3"": 1}"
473,5,632,0.8426431988886232,0.8465077486142648,0.9382911392405063,"{""0"": 0, ""1"": 1, ""2"": 3, ""3"": 2, ""4"": 4}"
473,6,632,0.6731569335639026,0.7546324396588338,0.8417721518987342,"{""0"": 2, ""1"": 1, ""2"": 5, ""3"": 4, ""4"": 3, ""5"": 0}"
474,2,632,1.0,1.0,1.0,"{""0"": 0, ""1"": 1}"
474,3,632,0.9662748256703805,0.9376669398593993,0.9873417721518988,"{""0"": 1, ""1"": 2, ""2"": 0}"
474,4,632,0.9544433612067598,0.9301214871487106,0.9810126582278481,"{""0"": 1, ""1"": 0, ""2"": 2, ""3"": 3}"
474,5,632,0.7423315385852992,0.778243661046406,0.884493670886076,"{""0"": 3, ""1"": 2, ""2"": 1, ""3"": 0, ""4"": 4}"
474,6,632,0.4770684165549485,0.5956118800631158,0.6439873417721519,"{""0"": 3, ""1"": 5, ""2"": 4, ""3"": 1, ""4"": 0, ""5"": 2}"
475,2,632,0.9936708424670813,0.9845361690679575,0.9984177215189873,"{""0"": 0, ""1"": 1}"
475,3,632,0.9149872375292585,0.8720827845212226,0.9715189873417721,"{""0"": 0, ""1"": 1, ""2"": 2}"
475,4,632,0.9170783390263617,0.9009968370757221,0.9699367088607594,"{""0"": 3, ""1"": 2, ""2"": 0, ""3"": 1}"
475,5,632,0.6515599802432511,0.6942656608406981,0.819620253164557,"{""0"": 0, ""1"": 4, ""2"": 1, ""3"": 2, ""4"": 3}"
475,6,632,0.8387311612918003,0.8443508233447988,0.9256329113924051,"{""0"": 0, ""1"": 2, ""2"": 3, ""3"": 5, ""4"": 4, ""5"": 1}"
476,2,632,0.9936708861740091,0.9845626923798214,0.9984177215189873,"{""0"": 0, ""1"": 1}"
476,3,632,0.9796987416049905,0.9658211728074594,0.9936708860759493,"{""0"": 2, ""1"": 1, ""2"": 0}"
476,4,632,0.9499038667245054,0.9423002594390859,0.9825949367088608,"{""0"": 0, ""1"": 1, ""2"": 3, ""3"": 2}"
476,5,632,0.6872057179997857,0.7330627021509636,0.8481012658227848,"{""0"": 4, ""1"": 0, ""2"": 3, ""3"": 1, ""4"": 2}"
476,6,632,0.7913561699544028,0.8092733218577151,0.9034810126582279,"{""0"": 0, ""1"": 5, ""2"": 1, ""3"": 3, ""4"": 4, ""5"": 2}"
477,2,632,0.1469766889174766,0.21323225756659053,0.6930379746835443,"{""0"": 0, ""1"": 1}"
477,3,632,0.9667458812277832,0.9378678855103236,0.9873417721518988,"{""0"": 0, ""1"": 1, ""2"": 2}"
477,4,632,0.9107347301400277,0.8996314040616916,0.9683544303797469,"{""0"": 1, ""1"": 2, ""2"": 3, ""3"": 0}"
477,5,632,0.6708963936894503,0.7125582224358102,0.8322784810126582,"{""0"": 2, ""1"": 4, ""2"": 1, ""3"": 0, ""4"": 3}"
477,6,632,0.9496940957842872,0.9491105684321061,0.9794303797468354,"{""0"": 5, ""1"": 0, ""2"": 2, ""3"": 1, ""4"": 4, ""5"": 3}"
478,2,632,0.9192863217151847,0.8675745791363896,0.9794303797468354,"{""0"": 0, ""1"": 1}"
478,3,632,0.8808936769590826,0.8602159879926066,0.9636075949367089,"{""0"": 2, ""1"": 1, ""2"": 0}"
478,4,632,0.9353915331584266,0.9117328832956069,0.9762658227848101,"{""0"": 1, ""1"": 0, ""2"": 3, ""3"": 2}"
478,5,632,0.6305430292653228,0.6858846660896261,0.810126582278481,"{""0"": 4, ""1"": 2, ""2"": 3, ""3"": 1, ""4"": 0}"
478,6,632,0.865760105904909,0.8701285135789963,0.9430379746835443,"{""0"": 5, ""1"": 4, ""2"": 3, ""3"": 1, ""4"": 0, ""5"": 2}"
479,2,632,0.9873618279998477,0.9722811651523068,0.9968354430379747,"{""0"": 1, ""1"": 0}"
479,3,632,0.9758957658926791,0.9580990433274581,0.9920886075949367,"{""0"": 1, ""1"": 0, ""2"": 2}"
479,4,632,0.9781775808190546,0.9660588494941946,0.9920886075949367,"{""0"": 1, ""1"": 3, ""2"": 0, ""3"": 2}"
479,5,632,0.6543118500351366,0.691424809720956,0.819620253164557,"{""0"": 0, ""1"": 4, ""2"": 1, ""3"": 3, ""4"": 2}"
479,6,632,0.918572886009741,0.9059105571990113,0.9636075949367089,"{""0"": 1, ""1"": 5, ""2"": 3, ""3"": 2, ""4"": 0, ""5"": 4}"
480,2,632,0.9873613368451924,0.9721813191904637,0.9968354430379747,"{""0"": 0, ""1"": 1}"
480,3,632,0.9963797596842006,0.9906488132145954,0.9984177215189873,"{""0"": 2, ""1"": 0, ""2"": 1}"
480,4,632,0.9904533108047946,0.9871329572201094,0.9968354430379747,"{""0"": 1, ""1"": 3, ""2"": 0, ""3"": 2}"
480,5,632,0.6362364694644411,0.699182797017386,0.8132911392405063,"{""0"": 1, ""1"": 2, ""2"": 4, ""3"": 0, ""4"": 3}"
480,6,632,0.5394284015208226,0.6510517454821936,0.6882911392405063,"{""0"": 3, ""1"": 0, ""2"": 5, ""3"": 2, ""4"": 4, ""5"": 1}"
481,2,632,1.0,1.0,1.0,"{""0"": 1, ""1"": 0}"
481,3,632,0.9884622070050306,0.9739289048629275,0.995253164556962,"{""0"": 1, ""1"": 0, ""2"": 2}"
481,4,632,0.947185040830965,0.9263354739323841,0.9810126582278481,"{""0"": 1, ""1"": 2, ""2"": 0, ""3"": 3}"
481,5,632,0.7967354997201249,0.8206970328056851,0.9161392405063291,"{""0"": 2, ""1"": 4, ""2"": 3, ""3"": 0, ""4"": 1}"
481,6,632,0.8855324605225752,0.8883036296416754,0.9525316455696202,"{""0"": 2, ""1"": 4, ""2"": 5, ""3"": 3, ""4"": 0, ""5"": 1}"
482,2,632,0.9936708818950358,0.9845542661058769,0.9984177215189873,"{""0"": 1, ""1"": 0}"
482,3,632,0.9629183775274804,0.946307163417837,0.9889240506329114,"{""0"": 0, ""1"": 1, ""2"": 2}"
482,4,632,0.9218005569763004,0.904834937390683,0.9715189873417721,"{""0"": 1, ""1"": 0, ""2"": 3, ""3"": 2}"
482,5,632,0.6229899490561037,0.6781673437623685,0.7943037974683544,"{""0"": 3, ""1"": 2, ""2"": 4, ""3"": 1, ""4"": 0}"
482,6,632,0.8725261943103221,0.8888726551810331,0.9493670886075949,"{""0"": 4, ""1"": 3, ""2"": 1, ""3"": 2, ""4"": 0, ""5"": 5}"
483,2,632,0.9748025335184508,0.9506905641832202,0.9936708860759493,"{""0"": 1, ""1"": 0}"
483,3,632,0.9887355718819228,0.9737068085929002,0.995253164556962,"{""0"": 0, ""1"": 2, ""2"": 1}"
483,4,632,0.9677772002561047,0.9513139709203446,0.9873417721518988,"{""0"": 2, ""1"": 3, ""2"": 0, ""3"": 1}"
483,5,632,0.6571548425834998,0.7079807171946689,0.8338607594936709,"{""0"": 4, ""1"": 0, ""2"": 3, ""3"": 1, ""4"": 2}"
483,6,632,0.9027503359049611,0.9027263716117538,0.9604430379746836,"{""0"": 2, ""1"": 3, ""2"": 5, ""3"": 4, ""4"": 0, ""5"": 1}"
484,2,632,0.9748039041411691,0.9446020797374518,0.9936708860759493,"{""0"": 0, ""1"": 1}"
484,3,632,0.9832359458998717,0.9667990002452346,0.9936708860759493,"{""0"": 1, ""1"": 0, ""2"": 2}"
484,4,632,0.9119015575481818,0.897882812925849,0.9683544303797469,"{""0"": 1, ""1"": 0, ""2"": 3, ""3"": 2}"
484,5,632,0.8102302091181157,0.8251490073544092,0.9208860759493671,"{""0"": 4, ""1"": 3, ""2"": 1, ""3"": 2, ""4"": 0}"
484,6,632,0.5125207744333413,0.6246673806332635,0.6724683544303798,"{""0"": 4, ""1"": 5, ""2"": 3, ""3"": 1, ""4"": 2, ""5"": 0}"
485,2,632,1.0,1.0,1.0,"{""0"": 1, ""1"": 0}"
485,3,632,0.988741742983152,0.9818161316124978,0.9968354430379747,"{""0"": 1, ""1"": 0, ""2"": 2}"
485,4,632,0.9287976087309863,0.9173942945425299,0.9746835443037974,"{""0"": 2, ""1"": 3, ""2"": 0, ""3"": 1}"
485,5,632,0.8579353709599689,0.8563670044187525,0.9430379746835443,"{""0"": 0, ""1"": 2, ""2"": 4, ""3"": 1, ""4"": 3}"
485,6,632,0.5082401595145721,0.63320612098918,0.6598101265822784,"{""0"": 0, ""1"": 3, ""2"": 5, ""3"": 1, ""4"": 4, ""5"": 2}"
486,2,632,0.1452310229373776,0.21675229495856832,0.6914556962025317,"{""0"": 0, ""1"": 1}"
486,3,632,0.7810665962019729,0.8021293027014209,0.9319620253164557,"{""0"": 2, ""1"": 0, ""2"": 1}"
486,4,632,0.933003196515593,0.9234443915171221,0.9762658227848101,"{""0"": 2, ""1"": 3, ""2"": 1, ""3"": 0}"
486,5,632,0.8449632331717473,0.8418557101163865,0.9367088607594937,"{""0"": 0, ""1"": 4, ""2"": 3, ""3"": 2, ""4"": 1}"
486,6,632,0.9489240831088923,0.948281014849768,0.9794303797468354,"{""0"": 5, ""1"": 2, ""2"": 0, ""3"": 1, ""4"": 3, ""5"": 4}"
487,2,632,0.9873618317024134,0.9722996367512691,0.9968354430379747,"{""0"": 0, ""1"": 1}"
487,3,632,0.9887608037330933,0.9818863401913749,0.9968354430379747,"{""0"": 1, ""1"": 0, ""2"": 2}"
487,4,632,0.9351306534497984,0.9159712177653628,0.9762658227848101,"{""0"": 3, ""1"": 0, ""2"": 1, ""3"": 2}"
487,5,632,0.5932994731969417,0.6623527775660851,0.7737341772151899,"{""0"": 1, ""1"": 0, ""2"": 2, ""3"": 4, ""4"": 3}"
487,6,632,0.5102215462586724,0.6401295422964847,0.6582278481012658,"{""0"": 2, ""1"": 0, ""2"": 4, ""3"": 5, ""4"": 1, ""5"": 3}"
488,2,632,0.9936708424670813,0.9845361690679575,0.9984177215189873,"{""0"": 1, ""1"": 0}"
488,3,632,0.9737920354490328,0.9538308264281986,0.9920886075949367,"{""0"": 1, ""1"": 0, ""2"": 2}"
488,4,632,0.967202270643049,0.9617432951496427,0.9889240506329114,"{""0"": 0, ""1"": 1, ""2"": 2, ""3"": 3}"
488,5,632,0.653466186305053,0.7142225703595091,0.8401898734177216,"{""0"": 2, ""1"": 3, ""2"": 0, ""3"": 4, ""4"": 1}"
488,6,632,0.5463617765977666,0.6516655810595171,0.689873417721519,"{""0"": 3, ""1"": 2, ""2"": 1, ""3"": 4, ""4"": 5, ""5"": 0}"
489,2,632,0.9936708861740091,0.9845626923798214,0.9984177215189873,"{""0"": 0, ""1"": 1}"
489,3,632,0.9636242714564012,0.9345370710614418,0.9873417721518988,"{""0"": 2, ""1"": 0, ""2"": 1}"
489,4,632,0.947170395248686,0.9386474392973986,0.9810126582278481,"{""0"": 2, ""1"": 0, ""2"": 1, ""3"": 3}"
489,5,632,0.8724515936733462,0.8722812433275723,0.9493670886075949,"{""0"": 0, ""1"": 1, ""2"": 3, ""3"": 4, ""4"": 2}"
489,6,632,0.9218435497723397,0.9262644135834626,0.9699367088607594,"{""0"": 0, ""1"": 2, ""2"": 1, ""3"": 4, ""4"": 5, ""5"": 3}"
490,2,632,0.9936708779013222,0.9845510529189185,0.9984177215189873,"{""0"": 0, ""1"": 1}"
490,3,632,0.8949070576561856,0.8819184694008856,0.9683544303797469,"{""0"": 1, ""1"": 2, ""2"": 0}"
490,4,632,0.9721420862283249,0.9661920041745155,0.990506329113924,"{""0"": 2, ""1"": 1, ""2"": 0, ""3"": 3}"
490,5,632,0.7712120134370998,0.7927492468221891,0.9018987341772152,"{""0"": 4, ""1"": 2, ""2"": 1, ""3"": 0, ""4"": 3}"
490,6,632,0.7416601002105482,0.7863508460296351,0.8813291139240507,"{""0"": 0, ""1"": 4, ""2"": 3, ""3"": 5, ""4"": 1, ""5"": 2}"
491,2,632,0.968555039480489,0.9412184325203923,0.9920886075949367,"{""0"": 0, ""1"": 1}"
491,3,632,0.9809974280838668,0.9615156789785345,0.9920886075949367,"{""0"": 1, ""1"": 0, ""2"": 2}"
491,4,632,0.8646953478278808,0.8659615102387215,0.9509493670886076,"{""0"": 1, ""1"": 3, ""2"": 2, ""3"": 0}"
491,5,632,0.8001392838937286,0.8144418971252718,0.9193037974683544,"{""0"": 2, ""1"": 3, ""2"": 4, ""3"": 0, ""4"": 1}"
491,6,632,0.5032190973735267,0.6073966175144396,0.6613924050632911,"{""0"": 3, ""1"": 5, ""2"": 2, ""3"": 0, ""4"": 4, ""5"": 1}"
492,2,632,0.9192863700473769,0.8753690005785529,0.9794303797468354,"{""0"": 0, ""1"": 1}"
492,3,632,0.9649100013994253,0.9448632206458757,0.9889240506329114,"{""0"": 1, ""1"": 2, ""2"": 0}"
492,4,632,0.8843688702562166,0.8913167119594152,0.9588607594936709,"{""0"": 2, ""1"": 0, ""2"": 1, ""3"": 3}"
492,5,632,0.5939882291452679,0.6433584784795855,0.7863924050632911,"{""0"": 0, ""1"": 4, ""2"": 1, ""3"": 2, ""4"": 3}"
492,6,632,0.6056019493390546,0.6850026682224721,0.7183544303797469,"{""0"": 3, ""1"": 0, ""2"": 5, ""3"": 2, ""4"": 1, ""5"": 4}"
493,2,632,0.9873618215750265,0.9722756528890932,0.9968354430379747,"{""0"": 0, ""1"": 1}"
493,3,632,0.9219113694890987,0.8892649856237135,0.9746835443037974,"{""0"": 0, ""1"": 1, ""2"": 2}"
493,4,632,0.924120202138081,0.9017595829486958,0.9715189873417721,"{""0"": 1, ""1"": 2, ""2"": 3, ""3"": 0}"
493,5,632,0.6327418313804615,0.6859630056031413,0.810126582278481,"{""0"": 2, ""1"": 1, ""2"": 3, ""3"": 0, ""4"": 4}"
493,6,632,0.5479167178215368,0.6541270441899765,0.6977848101265823,"{""0"": 5, ""1"": 4, ""2"": 0, ""3"": 2, ""4"": 1, ""5"": 3}"
494,2,632,0.9873617596889012,0.9722500094707324,0.9968354430379747,"{""0"": 1, ""1"": 0}"
494,3,632,0.9822722500374276,0.963833995784694,0.9936708860759493,"{""0"": 1, ""1"": 2, ""2"": 0}"
494,4,632,0.9569571541853226,0.93886631083967,0.9841772151898734,"{""0"": 0, ""1"": 1, ""2"": 2, ""3"": 3}"
494,5,632,0.934596715074221,0.9209527725931943,0.9746835443037974,"{""0"": 3, ""1"": 4, ""2"": 0, ""3"": 1, ""4"": 2}"
494,6,632,0.7048680496536109,0.7535963156038022,0.8623417721518988,"{""0"": 5, ""1"": 4, ""2"": 1, ""3"": 3, ""4"": 0, ""5"": 2}"
495,2,632,1.0,1.0,1.0,"{""0"": 1, ""1"": 0}"
495,3,632,0.9961834833810446,0.9906342916021086,0.9984177215189873,"{""0"": 1, ""1"": 0, ""2"": 2}"
495,4,632,0.9510417165195626,0.9404370672774864,0.9825949367088608,"{""0"": 1, ""1"": 2, ""2"": 0, ""3"": 3}"
495,5,632,0.8732962154769592,0.8685515518459113,0.9493670886075949,"{""0"": 1, ""1"": 0, ""2"": 4, ""3"": 2, ""4"": 3}"
495,6,632,0.552555835776903,0.6461269607951436,0.6977848101265823,"{""0"": 5, ""1"": 4, ""2"": 1, ""3"": 2, ""4"": 0, ""5"": 3}"
496,2,632,0.9873618258027198,0.9723067325471408,0.9968354430379747,"{""0"": 0, ""1"": 1}"
496,3,632,0.9536991640405165,0.9178956578954456,0.9825949367088608,"{""0"": 2, ""1"": 0, ""2"": 1}"
496,4,632,0.9512940675537387,0.9373043822357472,0.9825949367088608,"{""0"": 2, ""1"": 1, ""2"": 0, ""3"": 3}"
496,5,632,0.45228118173896864,0.5795415332533292,0.6930379746835443,"{""0"": 1, ""1"": 3, ""2"": 4, ""3"": 2, ""4"": 0}"
496,6,632,0.8992602684593801,0.8836908065885507,0.9525316455696202,"{""0"": 5, ""1"": 0, ""2"": 3, ""3"": 1, ""4"": 4, ""5"": 2}"
497,2,632,0.9936708844547795,0.9845572768755257,0.9984177215189873,"{""0"": 1, ""1"": 0}"
497,3,632,0.9922028767897706,0.9811112805449895,0.9968354430379747,"{""0"": 1, ""1"": 0, ""2"": 2}"
497,4,632,0.9891808640263069,0.9810145423888369,0.995253164556962,"{""0"": 2, ""1"": 1, ""2"": 0, ""3"": 3}"
497,5,632,0.8736829924598845,0.8659867101151802,0.9493670886075949,"{""0"": 1, ""1"": 4, ""2"": 0, ""3"": 3, ""4"": 2}"
497,6,632,0.4598992093641914,0.5644768876482512,0.6329113924050633,"{""0"": 3, ""1"": 0, ""2"": 4, ""3"": 5, ""4"": 1, ""5"": 2}"
498,2,632,0.9936708818950358,0.9845542661058769,0.9984177215189873,"{""0"": 0, ""1"": 1}"
498,3,632,0.9850465932506314,0.9725835871819488,0.995253164556962,"{""0"": 0, ""1"": 1, ""2"": 2}"
498,4,632,0.9594594721751055,0.9465023520431783,0.9857594936708861,"{""0"": 3, ""1"": 1, ""2"": 0, ""3"": 2}"
498,5,632,0.7178135689520762,0.749784169649626,0.8575949367088608,"{""0"": 2, ""1"": 1, ""2"": 0, ""3"": 3, ""4"": 4}"
498,6,632,0.8767604082922615,0.8784667526376715,0.9462025316455697,"{""0"": 4, ""1"": 2, ""2"": 3, ""3"": 1, ""4"": 5, ""5"": 0}"
499,2,632,0.9873617324240764,0.972242696739464,0.9968354430379747,"{""0"": 0, ""1"": 1}"
499,3,632,0.9739322605924808,0.9585846360508704,0.9920886075949367,"{""0"": 0, ""1"": 1, ""2"": 2}"
499,4,632,0.9633367325203224,0.9534165949205033,0.9873417721518988,"{""0"": 1, ""1"": 3, ""2"": 0, ""3"": 2}"
499,5,632,0.6618281566741524,0.7055524236551799,0.8433544303797469,"{""0"": 3, ""1"": 2, ""2"": 4, ""3"": 0, ""4"": 1}"
499,6,632,0.451828461585511,0.5549562032003756,0.6281645569620253,"{""0"": 0, ""1"": 2, ""2"": 4, ""3"": 5, ""4"": 3, ""5"": 1}"
500,2,632,0.9873618109148693,0.9691060625175858,0.9968354430379747,"{""0"": 1, ""1"": 0}"
500,3,632,0.9905825079768054,0.9804989445507915,0.9968354430379747,"{""0"": 2, ""1"": 0, ""2"": 1}"
500,4,632,0.9234517263235688,0.9040758928558034,0.9731012658227848,"{""0"": 1, ""1"": 3, ""2"": 0, ""3"": 2}"
500,5,632,0.6024251115293183,0.6677638673638855,0.7705696202531646,"{""0"": 0, ""1"": 1, ""2"": 3, ""3"": 4, ""4"": 2}"
500,6,632,0.8797580420158165,0.8765016646995004,0.944620253164557,"{""0"": 0, ""1"": 1, ""2"": 4, ""3"": 5, ""4"": 3, ""5"": 2}"
501,2,632,1.0,1.0,1.0,"{""0"": 1, ""1"": 0}"
501,3,632,0.992146971900793,0.9811335356376314,0.9968354430379747,"{""0"": 1, ""1"": 0, ""2"": 2}"
501,4,632,0.9924747564022487,0.9878045068184094,0.9968354430379747,"{""0"": 0, ""1"": 1, ""2"": 3, ""3"": 2}"
501,5,632,0.7095015192900167,0.7607431617536863,0.8718354430379747,"{""0"": 2, ""1"": 4, ""2"": 3, ""3"": 0, ""4"": 1}"
501,6,632,0.4860637646351895,0.616528321635857,0.6471518987341772,"{""0"": 3, ""1"": 0, ""2"": 4, ""3"": 2, ""4"": 5, ""5"": 1}"
502,2,632,0.9936708832322156,0.984569304562261,0.9984177215189873,"{""0"": 0, ""1"": 1}"
502,3,632,0.9827673113921359,0.9670073567936257,0.9936708860759493,"{""0"": 0, ""1"": 1, ""2"": 2}"
502,4,632,0.9293539558401887,0.9219747688455733,0.9746835443037974,"{""0"": 2, ""1"": 1, ""2"": 3, ""3"": 0}"
502,5,632,0.6339919903480412,0.6896596195147067,0.8132911392405063,"{""0"": 2, ""1"": 3, ""2"": 0, ""3"": 1, ""4"": 4}"
502,6,632,0.7418490106307347,0.7737748652898334,0.879746835443038,"{""0"": 4, ""1"": 2, ""2"": 1, ""3"": 0, ""4"": 5, ""5"": 3}"
503,2,632,0.9873615574218657,0.9722098157577119,0.9968354430379747,"{""0"": 1, ""1"": 0}"
503,3,632,0.7849805170922228,0.7911770231475281,0.9319620253164557,"{""0"": 0, ""1"": 1, ""2"": 2}"
503,4,632,0.9094404659584756,0.9015418693654383,0.9683544303797469,"{""0"": 1, ""1"": 3, ""2"": 2, ""3"": 0}"
503,5,632,0.6722415299148345,0.7293215474065884,0.8481012658227848,"{""0"": 4, ""1"": 1, ""2"": 0, ""3"": 3, ""4"": 2}"
503,6,632,0.5099789291569635,0.5971698859929597,0.6740506329113924,"{""0"": 2, ""1"": 0, ""2"": 3, ""3"": 4, ""4"": 1, ""5"": 5}"
504,2,632,0.9873617803380208,0.9690915953513722,0.9968354430379747,"{""0"": 1, ""1"": 0}"
504,3,632,0.9832197915404677,0.9746429869715619,0.995253164556962,"{""0"": 2, ""1"": 0, ""2"": 1}"
504,4,632,0.950940663747709,0.9421152216990297,0.9825949367088608,"{""0"": 0, ""1"": 1, ""2"": 3, ""3"": 2}"
504,5,632,0.6497641235727571,0.6935035610768425,0.8164556962025317,"{""0"": 2, ""1"": 4, ""2"": 0, ""3"": 3, ""4"": 1}"
504,6,632,0.7633272984974901,0.7830636446994361,0.8939873417721519,"{""0"": 0, ""1"": 3, ""2"": 5, ""3"": 4, ""4"": 1, ""5"": 2}"
505,2,632,0.9936708814671382,0.9845711065944318,0.9984177215189873,"{""0"": 0, ""1"": 1}"
505,3,632,0.9540535966992987,0.9220622909494371,0.9841772151898734,"{""0"": 2, ""1"": 1, ""2"": 0}"
505,4,632,0.9060022141958756,0.887137975332172,0.9651898734177216,"{""0"": 1, ""1"": 2, ""2"": 3, ""3"": 0}"
505,5,632,0.9010794434762001,0.8894806415462659,0.9604430379746836,"{""0"": 2, ""1"": 3, ""2"": 1, ""3"": 4, ""4"": 0}"
505,6,632,0.8827437355140212,0.8932995443207986,0.9541139240506329,"{""0"": 1, ""1"": 3, ""2"": 5, ""3"": 2, ""4"": 0, ""5"": 4}"
506,2,632,0.9748038733243811,0.950880947319703,0.9936708860759493,"{""0"": 1, ""1"": 0}"
506,3,632,0.9943503274836981,0.9897980093155726,0.9984177215189873,"{""0"": 2, ""1"": 1, ""2"": 0}"
506,4,632,0.9477234920301959,0.9351230739979058,0.9810126582278481,"{""0"": 1, ""1"": 3, ""2"": 0, ""3"": 2}"
506,5,632,0.5419780469308796,0.6456055138394384,0.7689873417721519,"{""0"": 0, ""1"": 3, ""2"": 2, ""3"": 1, ""4"": 4}"
506,6,632,0.7573226999899525,0.7960249740553677,0.8908227848101266,"{""0"": 4, ""1"": 1, ""2"": 5, ""3"": 0, ""4"": 2, ""5"": 3}"
507,2,632,0.9873616124373602,0.9722185821678141,0.9968354430379747,"{""0"": 0, ""1"": 1}"
507,3,632,0.9473866028079074,0.9066983853861608,0.9794303797468354,"{""0"": 0, ""1"": 1, ""2"": 2}"
507,4,632,0.9323109807009302,0.9093754711936568,0.9746835443037974,"{""0"": 3, ""1"": 2, ""2"": 1, ""3"": 0}"
507,5,632,0.5812279705141891,0.6409509394554327,0.7848101265822784,"{""0"": 4, ""1"": 2, ""2"": 0, ""3"": 1, ""4"": 3}"
507,6,632,0.9637898261049873,0.9591874647374313,0.9857594936708861,"{""0"": 2, ""1"": 3, ""2"": 0, ""3"": 1, ""4"": 5, ""5"": 4}"
508,2,632,0.9936708844547795,0.9845572768755257,0.9984177215189873,"{""0"": 1, ""1"": 0}"
508,3,632,0.8266642231340326,0.7984532243053135,0.944620253164557,"{""0"": 1, ""1"": 2, ""2"": 0}"
508,4,632,0.9455858743879776,0.9276229157983799,0.9794303797468354,"{""0"": 0, ""1"": 1, ""2"": 2, ""3"": 3}"
508,5,632,0.7168802789535991,0.7593437119824629,0.875,"{""0"": 4, ""1"": 2, ""2"": 0, ""3"": 3, ""4"": 1}"
508,6,632,0.4875451377379786,0.6161089909668223,0.6503164556962026,"{""0"": 3, ""1"": 0, ""2"": 5, ""3"": 2, ""4"": 1, ""5"": 4}"
509,2,632,1.0,1.0,1.0,"{""0"": 0, ""1"": 1}"
509,3,632,0.9789829832786584,0.9648508404768373,0.9936708860759493,"{""0"": 0, ""1"": 1, ""2"": 2}"
509,4,632,0.957942911505696,0.9489153091445544,0.9857594936708861,"{""0"": 2, ""1"": 0, ""2"": 1, ""3"": 3}"
509,5,632,0.5468837181673012,0.6492124080492643,0.7848101265822784,"{""0"": 2, ""1"": 3, ""2"": 4, ""3"": 0, ""4"": 1}"
509,6,632,0.8458125397108824,0.8400492963114141,0.9224683544303798,"{""0"": 1, ""1"": 0, ""2"": 5, ""3"": 4, ""4"": 2, ""5"": 3}"
510,2,632,0.9873616992364351,0.9722350218113758,0.9968354430379747,"{""0"": 1, ""1"": 0}"
510,3,632,0.964628230180837,0.9449453187915731,0.9889240506329114,"{""0"": 1, ""1"": 0, ""2"": 2}"
510,4,632,0.9786524839340635,0.9676910716248867,0.9920886075949367,"{""0"": 2, ""1"": 0, ""2"": 1, ""3"": 3}"
510,5,632,0.9313435526022689,0.9187511093322597,0.9731012658227848,"{""0"": 2, ""1"": 4, ""2"": 1, ""3"": 3, ""4"": 0}"
510,6,632,0.6862067078203967,0.7468182873944545,0.8496835443037974,"{""0"": 4, ""1"": 3, ""2"": 1, ""3"": 2, ""4"": 5, ""5"": 0}"
511,2,632,0.16149200839837932,0.21691580298611823,0.7025316455696202,"{""0"": 0, ""1"": 1}"
511,3,632,0.7885128952038019,0.7842230836109915,0.9335443037974683,"{""0"": 1, ""1"": 2, ""2"": 0}"
511,4,632,0.9602606360683107,0.9437384933430766,0.9857594936708861,"{""0"": 1, ""1"": 2, ""2"": 0, ""3"": 3}"
511,5,632,0.6258899249727848,0.6826966334286476,0.8117088607594937,"{""0"": 1, ""1"": 4, ""2"": 2, ""3"": 0, ""4"": 3}"
511,6,632,0.9057208378336172,0.8957906909209016,0.9509493670886076,"{""0"": 1, ""1"": 2, ""2"": 4, ""3"": 5, ""4"": 3, ""5"": 0}"
512,2,632,0.9810728155305785,0.9568384993115921,0.995253164556962,"{""0"": 1, ""1"": 0}"
512,3,632,0.980607256394618,0.96487668984594,0.9936708860759493,"{""0"": 0, ""1"": 1, ""2"": 2}"
512,4,632,0.9660269755026804,0.9513145019745685,0.9873417721518988,"{""0"": 3, ""1"": 1, ""2"": 0, ""3"": 2}"
512,5,632,0.8903550517483985,0.8812456673552839,0.9556962025316456,"{""0"": 4, ""1"": 3, ""2"": 1, ""3"": 2, ""4"": 0}"
512,6,632,0.7183463157870377,0.7821572505020457,0.8465189873417721,"{""0"": 3, ""1"": 5, ""2"": 1, ""3"": 0, ""4"": 4, ""5"": 2}"
513,2,632,0.9873618279998477,0.9722811651523068,0.9968354430379747,"{""0"": 0, ""1"": 1}"
513,3,632,0.9625282105593638,0.9464502325695011,0.9889240506329114,"{""0"": 1, ""1"": 2, ""2"": 0}"
513,4,632,0.9550257090470489,0.9411873783170226,0.9841772151898734,"{""0"": 0, ""1"": 1, ""2"": 2, ""3"": 3}"
513,5,632,0.7004868401122826,0.7355575188302482,0.8544303797468354,"{""0"": 4, ""1"": 1, ""2"": 0, ""3"": 2, ""4"": 3}"
513,6,632,0.5877700983469493,0.6942127765725358,0.7816455696202531,"{""0"": 2, ""1"": 4, ""2"": 5, ""3"": 1, ""4"": 0, ""5"": 3}"
514,2,632,0.9873618317024134,0.9722996367512691,0.9968354430379747,"{""0"": 0, ""1"": 1}"
514,3,632,0.9739397289703948,0.9589172519566324,0.9920886075949367,"{""0"": 0, ""1"": 1, ""2"": 2}"
514,4,632,0.9383809565620714,0.9241229694355245,0.9778481012658228,"{""0"": 2, ""1"": 0, ""2"": 3, ""3"": 1}"
514,5,632,0.6423918237774615,0.6960477153986143,0.805379746835443,"{""0"": 4, ""1"": 0, ""2"": 1, ""3"": 3, ""4"": 2}"
514,6,632,0.9003768550715652,0.895423187091037,0.9572784810126582,"{""0"": 5, ""1"": 3, ""2"": 0, ""3"": 4, ""4"": 2, ""5"": 1}"
515,2,632,0.981072822088658,0.9612442146943972,0.995253164556962,"{""0"": 0, ""1"": 1}"
515,3,632,0.8974424794155517,0.8949425144347608,0.9699367088607594,"{""0"": 2, ""1"": 0, ""2"": 1}"
515,4,632,0.9594922972117087,0.9467734569524696,0.9857594936708861,"{""0"": 2, ""1"": 1, ""2"": 0, ""3"": 3}"
515,5,632,0.6868066153908106,0.7239865581242425,0.8449367088607594,"{""0"": 3, ""1"": 2, ""2"": 0, ""3"": 1, ""4"": 4}"
515,6,632,0.6572438435483056,0.7331795182008676,0.8322784810126582,"{""0"": 0, ""1"": 5, ""2"": 4, ""3"": 1, ""4"": 2, ""5"": 3}"
516,2,632,0.9810728261941201,0.9568940239705919,0.995253164556962,"{""0"": 0, ""1"": 1}"
516,3,632,0.7803513357629956,0.778680481817614,0.9287974683544303,"{""0"": 0, ""1"": 1, ""2"": 2}"
516,4,632,0.8912161840087003,0.882236468722233,0.9604430379746836,"{""0"": 3, ""1"": 2, ""2"": 0, ""3"": 1}"
516,5,632,0.574064856085743,0.6338815812696471,0.7768987341772152,"{""0"": 2, ""1"": 1, ""2"": 0, ""3"": 4, ""4"": 3}"
516,6,632,0.9023324251564261,0.888691693976776,0.9541139240506329,"{""0"": 5, ""1"": 4, ""2"": 0, ""3"": 3, ""4"": 1, ""5"": 2}"
517,2,632,0.9873618317024134,0.9722996367512691,0.9968354430379747,"{""0"": 1, ""1"": 0}"
517,3,632,0.9832776448694573,0.9749015599138429,0.995253164556962,"{""0"": 2, ""1"": 0, ""2"": 1}"
517,4,632,0.9688677972038958,0.9556164393857739,0.9889240506329114,"{""0"": 1, ""1"": 2, ""2"": 3, ""3"": 0}"
517,5,632,0.6291701579844231,0.6838226323678928,0.8022151898734177,"{""0"": 4, ""1"": 1, ""2"": 2, ""3"": 3, ""4"": 0}"
517,6,632,0.5104644230488099,0.6253505689706587,0.6819620253164557,"{""0"": 3, ""1"": 1, ""2"": 0, ""3"": 4, ""4"": 2, ""5"": 5}"
518,2,632,0.9499287692487413,0.9144399008456251,0.9873417721518988,"{""0"": 0, ""1"": 1}"
518,3,632,0.7623544386928827,0.7659564679186495,0.9240506329113924,"{""0"": 2, ""1"": 1, ""2"": 0}"
518,4,632,0.9504939181527798,0.9384175984355436,0.9825949367088608,"{""0"": 2, ""1"": 0, ""2"": 1, ""3"": 3}"
518,5,632,0.9408605938236071,0.9298822916721065,0.9762658227848101,"{""0"": 0, ""1"": 2, ""2"": 1, ""3"": 4, ""4"": 3}"
518,6,632,0.4777209432931662,0.6017271219466082,0.6819620253164557,"{""0"": 1, ""1"": 4, ""2"": 5, ""3"": 0, ""4"": 2, ""5"": 3}"
519,2,632,0.9936708646186224,0.9845440179495617,0.9984177215189873,"{""0"": 1, ""1"": 0}"
519,3,632,0.9963030651849649,0.9906307847538159,0.9984177215189873,"{""0"": 1, ""1"": 0, ""2"": 2}"
519,4,632,0.9453306065546077,0.9325474443817299,0.9810126582278481,"{""0"": 1, ""1"": 0, ""2"": 2, ""3"": 3}"
519,5,632,0.6142029926709259,0.6723089295584512,0.7800632911392406,"{""0"": 0, ""1"": 1, ""2"": 4, ""3"": 2, ""4"": 3}"
519,6,632,0.9346649121674623,0.9130009244269411,0.9667721518987342,"{""0"": 4, ""1"": 5, ""2"": 1, ""3"": 3, ""4"": 2, ""5"": 0}"
520,2,632,0.9873618279998477,0.9722811651523068,0.9968354430379747,"{""0"": 1, ""1"": 0}"
520,3,632,0.9903117157699537,0.9802650263452202,0.9968354430379747,"{""0"": 1, ""1"": 2, ""2"": 0}"
520,4,632,0.9607428389992512,0.9437812586086536,0.9857594936708861,"{""0"": 1, ""1"": 3, ""2"": 2, ""3"": 0}"
520,5,632,0.6713214604660371,0.7078896805363132,0.8306962025316456,"{""0"": 1, ""1"": 0, ""2"": 3, ""3"": 2, ""4"": 4}"
520,6,632,0.9220206257264235,0.9194236526496384,0.9667721518987342,"{""0"": 4, ""1"": 1, ""2"": 5, ""3"": 0, ""4"": 2, ""5"": 3}"
521,2,632,0.9873618334112892,0.9722911154449129,0.9968354430379747,"{""0"": 0, ""1"": 1}"
521,3,632,0.9776076534679412,0.9679564752730088,0.9936708860759493,"{""0"": 0, ""1"": 1, ""2"": 2}"
521,4,632,0.9402167155162566,0.9320764222104994,0.9794303797468354,"{""0"": 3, ""1"": 1, ""2"": 0, ""3"": 2}"
521,5,632,0.8896128495939662,0.8871086266788669,0.9572784810126582,"{""0"": 4, ""1"": 1, ""2"": 3, ""3"": 0, ""4"": 2}"
521,6,632,0.77657406563255,0.8050000817308689,0.8955696202531646,"{""0"": 1, ""1"": 3, ""2"": 2, ""3"": 5, ""4"": 4, ""5"": 0}"
522,2,632,0.9936708646186224,0.9845440179495617,0.9984177215189873,"{""0"": 0, ""1"": 1}"
522,3,632,0.7980551083547636,0.7978946955163516,0.9367088607594937,"{""0"": 1, ""1"": 0, ""2"": 2}"
522,4,632,0.912236511268148,0.9036065664993507,0.9683544303797469,"{""0"": 2, ""1"": 1, ""2"": 3, ""3"": 0}"
522,5,632,0.9116695714771108,0.8919049642237876,0.9651898734177216,"{""0"": 0, ""1"": 2, ""2"": 3, ""3"": 1, ""4"": 4}"
522,6,632,0.8384207249040906,0.8435814656526817,0.935126582278481,"{""0"": 2, ""1"": 4, ""2"": 1, ""3"": 5, ""4"": 0, ""5"": 3}"
523,2,632,1.0,1.0,1.0,"{""0"": 1, ""1"": 0}"
523,3,632,0.9757339216477297,0.957999869916212,0.9920886075949367,"{""0"": 1, ""1"": 0, ""2"": 2}"
523,4,632,0.9608210155944937,0.9488826720096706,0.9857594936708861,"{""0"": 2, ""1"": 1, ""2"": 0, ""3"": 3}"
523,5,632,0.6662852095645104,0.7062640392724763,0.8354430379746836,"{""0"": 4, ""1"": 0, ""2"": 3, ""3"": 1, ""4"": 2}"
523,6,632,0.8456843541554208,0.8476403616573671,0.9240506329113924,"{""0"": 4, ""1"": 2, ""2"": 5, ""3"": 3, ""4"": 0, ""5"": 1}"
524,2,632,0.9561170105268116,0.9228945106280403,0.9889240506329114,"{""0"": 0, ""1"": 1}"
524,3,632,0.9776181022302334,0.964389653711851,0.9936708860759493,"{""0"": 2, ""1"": 0, ""2"": 1}"
524,4,632,0.925932368538848,0.9083393613620973,0.9731012658227848,"{""0"": 3, ""1"": 2, ""2"": 1, ""3"": 0}"
524,5,632,0.7690000927238497,0.7980505878445208,0.9018987341772152,"{""0"": 3, ""1"": 0, ""2"": 4, ""3"": 2, ""4"": 1}"
524,6,632,0.4714242737020024,0.5915326090639988,0.6439873417721519,"{""0"": 1, ""1"": 2, ""2"": 5, ""3"": 4, ""4"": 0, ""5"": 3}"
525,2,632,1.0,1.0,1.0,"{""0"": 0, ""1"": 1}"
525,3,632,0.7698137962829772,0.7802040878697509,0.9272151898734177,"{""0"": 1, ""1"": 0, ""2"": 2}"
525,4,632,0.9273745121473261,0.913056551267394,0.9746835443037974,"{""0"": 1, ""1"": 3, ""2"": 0, ""3"": 2}"
525,5,632,0.6442803132384625,0.6987934886579511,0.8212025316455697,"{""0"": 2, ""1"": 1, ""2"": 3, ""3"": 0, ""4"": 4}"
525,6,632,0.5479226947241067,0.6622444338202756,0.6993670886075949,"{""0"": 2, ""1"": 1, ""2"": 0, ""3"": 3, ""4"": 5, ""5"": 4}"
526,2,632,0.9685550016187794,0.9412434358654711,0.9920886075949367,"{""0"": 0, ""1"": 1}"
526,3,632,0.9801721485510853,0.9601234124356144,0.9920886075949367,"{""0"": 2, ""1"": 1, ""2"": 0}"
526,4,632,0.9511632838970175,0.9251587464987846,0.9810126582278481,"{""0"": 2, ""1"": 1, ""2"": 3, ""3"": 0}"
526,5,632,0.6316459533079964,0.6813942834632097,0.8132911392405063,"{""0"": 2, ""1"": 0, ""2"": 4, ""3"": 3, ""4"": 1}"
526,6,632,0.9338755366281201,0.925784516239851,0.9699367088607594,"{""0"": 2, ""1"": 5, ""2"": 1, ""3"": 3, ""4"": 4, ""5"": 0}"
527,2,632,0.9873613368451924,0.9721813191904637,0.9968354430379747,"{""0"": 0, ""1"": 1}"
527,3,632,0.7919990701368663,0.7858481737540254,0.935126582278481,"{""0"": 0, ""1"": 2, ""2"": 1}"
527,4,632,0.9336452885114236,0.9148851598391179,0.9762658227848101,"{""0"": 3, ""1"": 1, ""2"": 0, ""3"": 2}"
527,5,632,0.6312309516368844,0.6868968977865174,0.8212025316455697,"{""0"": 0, ""1"": 3, ""2"": 4, ""3"": 1, ""4"": 2}"
527,6,632,0.8926842565837115,0.890215310160364,0.9509493670886076,"{""0"": 5, ""1"": 4, ""2"": 3, ""3"": 2, ""4"": 1, ""5"": 0}"
528,2,632,1.0,1.0,1.0,"{""0"": 1, ""1"": 0}"
528,3,632,0.7858978859945573,0.7758149308556966,0.9319620253164557,"{""0"": 0, ""1"": 2, ""2"": 1}"
528,4,632,0.9744978641985753,0.9569862272025145,0.9889240506329114,"{""0"": 1, ""1"": 3, ""2"": 0, ""3"": 2}"
528,5,632,0.7829366635652737,0.8082389566492341,0.9098101265822784,"{""0"": 1, ""1"": 2, ""2"": 0, ""3"": 3, ""4"": 4}"
528,6,632,0.9354759569672206,0.9270433466984376,0.9699367088607594,"{""0"": 3, ""1"": 1, ""2"": 5, ""3"": 2, ""4"": 0, ""5"": 4}"
529,2,632,0.9873618279998477,0.9722811651523068,0.9968354430379747,"{""0"": 1, ""1"": 0}"
529,3,632,0.963569234857494,0.9344766736955766,0.9873417721518988,"{""0"": 1, ""1"": 2, ""2"": 0}"
529,4,632,0.9301864927219509,0.9145570868407679,0.9746835443037974,"{""0"": 1, ""1"": 3, ""2"": 2, ""3"": 0}"
529,5,632,0.8788405124593337,0.8712948913530926,0.9525316455696202,"{""0"": 3, ""1"": 0, ""2"": 2, ""3"": 1, ""4"": 4}"
529,6,632,0.7400553384907546,0.7923859993120548,0.884493670886076,"{""0"": 0, ""1"": 2, ""2"": 3, ""3"": 1, ""4"": 4, ""5"": 5}"
530,2,632,0.1793009697790277,0.24139743394618532,0.7136075949367089,"{""0"": 1, ""1"": 0}"
530,3,632,0.9927228283742381,0.9834011446571157,0.9968354430379747,"{""0"": 2, ""1"": 0, ""2"": 1}"
530,4,632,0.9764197578877928,0.9731321601454149,0.9920886075949367,"{""0"": 2, ""1"": 3, ""2"": 1, ""3"": 0}"
530,5,632,0.6490766992008294,0.7032531809939266,0.819620253164557,"{""0"": 4, ""1"": 1, ""2"": 0, ""3"": 3, ""4"": 2}"
530,6,632,0.5544169457561019,0.6786926416058483,0.7025316455696202,"{""0"": 0, ""1"": 2, ""2"": 4, ""3"": 1, ""4"": 3, ""5"": 5}"
531,2,632,0.15891776579477443,0.2146602743832208,0.7009493670886076,"{""0"": 0, ""1"": 1}"
531,3,632,0.994407995510104,0.9899203534747594,0.9984177215189873,"{""0"": 2, ""1"": 1, ""2"": 0}"
531,4,632,0.977233872531882,0.9680012481841518,0.9920886075949367,"{""0"": 3, ""1"": 2, ""2"": 0, ""3"": 1}"
531,5,632,0.6156789621445371,0.6798098259006607,0.7943037974683544,"{""0"": 2, ""1"": 3, ""2"": 0, ""3"": 1, ""4"": 4}"
531,6,632,0.7654464127672954,0.799395709258094,0.8971518987341772,"{""0"": 3, ""1"": 1, ""2"": 2, ""3"": 0, ""4"": 5, ""5"": 4}"
532,2,632,0.987361812050309,0.9722697818088512,0.9968354430379747,"{""0"": 0, ""1"": 1}"
532,3,632,0.9317882831138078,0.8873708400515541,0.9746835443037974,"{""0"": 1, ""1"": 2, ""2"": 0}"
532,4,632,0.9559093345359804,0.9340753583088186,0.9825949367088608,"{""0"": 1, ""1"": 0, ""2"": 3, ""3"": 2}"
532,5,632,0.7152992311400332,0.7466260994994985,0.8718354430379747,"{""0"": 0, ""1"": 1, ""2"": 4, ""3"": 2, ""4"": 3}"
532,6,632,0.5089028352464533,0.6323867464801639,0.6693037974683544,"{""0"": 2, ""1"": 4, ""2"": 1, ""3"": 0, ""4"": 3, ""5"": 5}"
533,2,632,0.987361812050309,0.9722697818088512,0.9968354430379747,"{""0"": 0, ""1"": 1}"
533,3,632,0.9430235020194574,0.9032478228532775,0.9794303797468354,"{""0"": 1, ""1"": 0, ""2"": 2}"
533,4,632,0.9508131318787737,0.9325918488880542,0.9810126582278481,"{""0"": 3, ""1"": 1, ""2"": 0, ""3"": 2}"
533,5,632,0.958958387017476,0.9517065982826562,0.9841772151898734,"{""0"": 4, ""1"": 3, ""2"": 1, ""3"": 0, ""4"": 2}"
533,6,632,0.7773194951920154,0.8200993023941681,0.8987341772151899,"{""0"": 1, ""1"": 3, ""2"": 5, ""3"": 0, ""4"": 4, ""5"": 2}"
534,2,632,0.9936708818950358,0.9845542661058769,0.9984177215189873,"{""0"": 0, ""1"": 1}"
534,3,632,0.9410102372141296,0.92503833853016,0.9825949367088608,"{""0"": 0, ""1"": 1, ""2"": 2}"
534,4,632,0.9594573859783085,0.9479805797623105,0.9857594936708861,"{""0"": 2, ""1"": 3, ""2"": 0, ""3"": 1}"
534,5,632,0.5942150978683303,0.6548329079689708,0.7816455696202531,"{""0"": 4, ""1"": 1, ""2"": 0, ""3"": 2, ""4"": 3}"
534,6,632,0.8337632759729559,0.827386039629085,0.9240506329113924,"{""0"": 0, ""1"": 5, ""2"": 3, ""3"": 2, ""4"": 1, ""5"": 4}"
535,2,632,0.9873617596889012,0.9722500094707324,0.9968354430379747,"{""0"": 1, ""1"": 0}"
535,3,632,0.9830890015419812,0.9743237972786551,0.995253164556962,"{""0"": 1, ""1"": 0, ""2"": 2}"
535,4,632,0.9636044445122026,0.9495584483506977,0.9873417721518988,"{""0"": 3, ""1"": 1, ""2"": 0, ""3"": 2}"
535,5,632,0.8646950083712106,0.8651675903882069,0.9462025316455697,"{""0"": 3, ""1"": 1, ""2"": 4, ""3"": 0, ""4"": 2}"
535,6,632,0.5040400038347761,0.6253220890358283,0.6629746835443038,"{""0"": 4, ""1"": 5, ""2"": 1, ""3"": 2, ""4"": 3, ""5"": 0}"
536,2,632,0.974803904465636,0.950939442006877,0.9936708860759493,"{""0"": 0, ""1"": 1}"
536,3,632,0.9777054498799638,0.9592377438017736,0.9920886075949367,"{""0"": 2, ""1"": 0, ""2"": 1}"
536,4,632,0.9506270831868745,0.9408447558916084,0.9825949367088608,"{""0"": 1, ""1"": 2, ""2"": 3, ""3"": 0}"
536,5,632,0.8315345278054539,0.8432233156372728,0.930379746835443,"{""0"": 1, ""1"": 4, ""2"": 0, ""3"": 3, ""4"": 2}"
536,6,632,0.5171670177467808,0.6256764265557366,0.6756329113924051,"{""0"": 0, ""1"": 1, ""2"": 3, ""3"": 2, ""4"": 5, ""5"": 4}"
537,2,632,0.9936708861740091,0.9845626923798214,0.9984177215189873,"{""0"": 1, ""1"": 0}"
537,3,632,1.0,1.0,1.0,"{""0"": 1, ""1"": 2, ""2"": 0}"
537,4,632,0.959620343362269,0.9482546146273331,0.9857594936708861,"{""0"": 0, ""1"": 3, ""2"": 2, ""3"": 1}"
537,5,632,0.9677096977242571,0.9576754993049738,0.9873417721518988,"{""0"": 4, ""1"": 1, ""2"": 3, ""3"": 0, ""4"": 2}"
537,6,632,0.46090824739270725,0.5906588521018048,0.6708860759493671,"{""0"": 1, ""1"": 5, ""2"": 0, ""3"": 2, ""4"": 3, ""5"": 4}"
538,2,632,0.2142818819026033,0.2741404581482794,0.7325949367088608,"{""0"": 1, ""1"": 0}"
538,3,632,0.9926092414137492,0.9834443519855478,0.9968354430379747,"{""0"": 1, ""1"": 0, ""2"": 2}"
538,4,632,0.9406160041062226,0.9350121122621783,0.9794303797468354,"{""0"": 3, ""1"": 2, ""2"": 1, ""3"": 0}"
538,5,632,0.6635829460258839,0.7375380197731054,0.8528481012658228,"{""0"": 3, ""1"": 4, ""2"": 0, ""3"": 1, ""4"": 2}"
538,6,632,0.5425184729007941,0.6498140652967733,0.6914556962025317,"{""0"": 0, ""1"": 3, ""2"": 2, ""3"": 5, ""4"": 4, ""5"": 1}"
539,2,632,0.9936707873282496,0.9845228624743079,0.9984177215189873,"{""0"": 1, ""1"": 0}"
539,3,632,0.9532923620384263,0.9181195663900319,0.9825949367088608,"{""0"": 1, ""1"": 0, ""2"": 2}"
539,4,632,0.9022164175859559,0.8822583659935959,0.9636075949367089,"{""0"": 2, ""1"": 3, ""2"": 1, ""3"": 0}"
539,5,632,0.5522019928584102,0.6676891179782743,0.7816455696202531,"{""0"": 2, ""1"": 4, ""2"": 0, ""3"": 3, ""4"": 1}"
539,6,632,0.7632414553490573,0.7972224150466015,0.8955696202531646,"{""0"": 4, ""1"": 2, ""2"": 3, ""3"": 1, ""4"": 0, ""5"": 5}"
540,2,632,0.9936707873282496,0.9845228624743079,0.9984177215189873,"{""0"": 1, ""1"": 0}"
540,3,632,0.7604933309699788,0.7675348096669867,0.9240506329113924,"{""0"": 0, ""1"": 1, ""2"": 2}"
540,4,632,0.9303713047124031,0.9192798886483871,0.9762658227848101,"{""0"": 1, ""1"": 3, ""2"": 0, ""3"": 2}"
540,5,632,0.8894242037442998,0.8850927557454374,0.9572784810126582,"{""0"": 1, ""1"": 0, ""2"": 3, ""3"": 4, ""4"": 2}"
540,6,632,0.4820803830894621,0.6097861852963358,0.6487341772151899,"{""0"": 2, ""1"": 0, ""2"": 5, ""3"": 1, ""4"": 4, ""5"": 3}"
541,2,632,0.9873616594697797,0.9722269838968309,0.9968354430379747,"{""0"": 0, ""1"": 1}"
541,3,632,0.7847420953565213,0.7987309271221666,0.9335443037974683,"{""0"": 0, ""1"": 1, ""2"": 2}"
541,4,632,0.9321774319645896,0.9149910919212324,0.9762658227848101,"{""0"": 3, ""1"": 1, ""2"": 0, ""3"": 2}"
541,5,632,0.9110203053496759,0.9019034125165858,0.9651898734177216,"{""0"": 0, ""1"": 3, ""2"": 2, ""3"": 4, ""4"": 1}"
541,6,632,0.5186555816647913,0.623000539261484,0.6724683544303798,"{""0"": 1, ""1"": 5, ""2"": 0, ""3"": 2, ""4"": 4, ""5"": 3}"
542,2,632,1.0,1.0,1.0,"{""0"": 1, ""1"": 0}"
542,3,632,0.9926660895611437,0.983423200264625,0.9968354430379747,"{""0"": 2, ""1"": 1, ""2"": 0}"
542,4,632,0.9407280638192046,0.930003976835762,0.9794303797468354,"{""0"": 1, ""1"": 2, ""2"": 0, ""3"": 3}"
542,5,632,0.5922771456706574,0.6491351657078079,0.8022151898734177,"{""0"": 0, ""1"": 3, ""2"": 4, ""3"": 1, ""4"": 2}"
542,6,632,0.7670794452872953,0.7880059102530985,0.8939873417721519,"{""0"": 2, ""1"": 5, ""2"": 0, ""3"": 4, ""4"": 1, ""5"": 3}"
543,2,632,0.15697702341630268,0.21627871934434423,0.6993670886075949,"{""0"": 0, ""1"": 1}"
543,3,632,0.9796177317458896,0.9654934004121577,0.9936708860759493,"{""0"": 2, ""1"": 1, ""2"": 0}"
543,4,632,0.9570976151945253,0.9392272351984005,0.9841772151898734,"{""0"": 3, ""1"": 2, ""2"": 0, ""3"": 1}"
543,5,632,0.6473338264627178,0.7034969636744417,0.8243670886075949,"{""0"": 4, ""1"": 1, ""2"": 0, ""3"": 3, ""4"": 2}"
543,6,632,0.9272607936386434,0.9263990518688066,0.9699367088607594,"{""0"": 5, ""1"": 1, ""2"": 3, ""3"": 4, ""4"": 2, ""5"": 0}"
544,2,632,0.987361812050309,0.9722697818088512,0.9968354430379747,"{""0"": 1, ""1"": 0}"
544,3,632,0.9827792471036871,0.9638551315647158,0.9936708860759493,"{""0"": 1, ""1"": 2, ""2"": 0}"
544,4,632,0.9489004533651472,0.9324752465580401,0.9810126582278481,"{""0"": 0, ""1"": 3, ""2"": 1, ""3"": 2}"
544,5,632,0.6695864827958792,0.7095833353809895,0.8338607594936709,"{""0"": 0, ""1"": 1, ""2"": 4, ""3"": 3, ""4"": 2}"
544,6,632,0.9851094830635226,0.9806239174372254,0.9936708860759493,"{""0"": 5, ""1"": 4, ""2"": 1, ""3"": 0, ""4"": 3, ""5"": 2}"
545,2,632,0.9810728304976174,0.9611989136716879,0.995253164556962,"{""0"": 1, ""1"": 0}"
545,3,632,0.994407995510104,0.9899203534747594,0.9984177215189873,"{""0"": 1, ""1"": 2, ""2"": 0}"
545,4,632,0.9282649910369655,0.914006334318965,0.9746835443037974,"{""0"": 1, ""1"": 0, ""2"": 2, ""3"": 3}"
545,5,632,0.6137547518309417,0.6938663683465592,0.814873417721519,"{""0"": 3, ""1"": 2, ""2"": 1, ""3"": 0, ""4"": 4}"
545,6,632,0.5582008442578688,0.6431191180020741,0.6962025316455697,"{""0"": 3, ""1"": 1, ""2"": 2, ""3"": 4, ""4"": 5, ""5"": 0}"
546,2,632,0.9873618017970129,0.9723209097259979,0.9968354430379747,"{""0"": 1, ""1"": 0}"
546,3,632,0.975586331521477,0.9582231312019053,0.9920886075949367,"{""0"": 1, ""1"": 2, ""2"": 0}"
546,4,632,0.9415961195645185,0.9373246588585105,0.9794303797468354,"{""0"": 2, ""1"": 3, ""2"": 1, ""3"": 0}"
546,5,632,0.8068201790204012,0.81496401283403,0.9177215189873418,"{""0"": 3, ""1"": 1, ""2"": 0, ""3"": 4, ""4"": 2}"
546,6,632,0.5236856710943038,0.6347953862035695,0.6772151898734177,"{""0"": 2, ""1"": 5, ""2"": 4, ""3"": 1, ""4"": 0, ""5"": 3}"
547,2,632,0.15429326672268726,0.21891271589444153,0.6977848101265823,"{""0"": 1, ""1"": 0}"
547,3,632,0.8078556965686011,0.8251792437915255,0.9414556962025317,"{""0"": 1, ""1"": 2, ""2"": 0}"
547,4,632,0.9700951961311384,0.9584566213604911,0.9889240506329114,"{""0"": 3, ""1"": 2, ""2"": 1, ""3"": 0}"
547,5,632,0.5937996897105843,0.6663564573664019,0.7674050632911392,"{""0"": 0, ""1"": 1, ""2"": 4, ""3"": 3, ""4"": 2}"
547,6,632,0.47435492608547747,0.6011145310397624,0.6455696202531646,"{""0"": 2, ""1"": 3, ""2"": 5, ""3"": 1, ""4"": 4, ""5"": 0}"
548,2,632,0.9936708547947374,0.984540195442337,0.9984177215189873,"{""0"": 0, ""1"": 1}"
548,3,632,0.9850234013967065,0.9703832985188151,0.995253164556962,"{""0"": 1, ""1"": 0, ""2"": 2}"
548,4,632,0.9646430585213819,0.9508811432852924,0.9873417721518988,"{""0"": 3, ""1"": 2, ""2"": 0, ""3"": 1}"
548,5,632,0.5951154160552339,0.6872124904929654,0.8132911392405063,"{""0"": 4, ""1"": 0, ""2"": 3, ""3"": 1, ""4"": 2}"
548,6,632,0.7977122846719549,0.8034913778478312,0.9098101265822784,"{""0"": 2, ""1"": 5, ""2"": 3, ""3"": 0, ""4"": 4, ""5"": 1}"
549,2,632,0.9873618215750265,0.9722756528890932,0.9968354430379747,"{""0"": 0, ""1"": 1}"
549,3,632,0.9906225438282581,0.9803454530330744,0.9968354430379747,"{""0"": 1, ""1"": 2, ""2"": 0}"
549,4,632,0.98274275456708,0.9730446096452505,0.9936708860759493,"{""0"": 2, ""1"": 1, ""2"": 0, ""3"": 3}"
549,5,632,0.6228657154829715,0.6772751736097954,0.7848101265822784,"{""0"": 0, ""1"": 1, ""2"": 4, ""3"": 2, ""4"": 3}"
549,6,632,0.7621878233752829,0.7862682238884894,0.8908227848101266,"{""0"": 4, ""1"": 2, ""2"": 3, ""3"": 5, ""4"": 1, ""5"": 0}"
550,2,632,1.0,1.0,1.0,"{""0"": 0, ""1"": 1}"
550,3,632,0.9943875246002765,0.9899264773488657,0.9984177215189873,"{""0"": 2, ""1"": 1, ""2"": 0}"
550,4,632,0.9686671679222145,0.9532687276737822,0.9889240506329114,"{""0"": 1, ""1"": 0, ""2"": 3, ""3"": 2}"
550,5,632,0.6207885368713802,0.6795809390239194,0.8006329113924051,"{""0"": 0, ""1"": 1, ""2"": 3, ""3"": 4, ""4"": 2}"
550,6,632,0.9405592795928884,0.925177591840799,0.9699367088607594,"{""0"": 5, ""1"": 4, ""2"": 2, ""3"": 0, ""4"": 1, ""5"": 3}"
551,2,632,0.9936708424670813,0.9845361690679575,0.9984177215189873,"{""0"": 1, ""1"": 0}"
551,3,632,0.9689791813858353,0.9417156536336966,0.9873417721518988,"{""0"": 0, ""1"": 2, ""2"": 1}"
551,4,632,0.9744934432970548,0.9621689206670632,0.990506329113924,"{""0"": 2, ""1"": 3, ""2"": 1, ""3"": 0}"
551,5,632,0.4481698200798139,0.5688137742394843,0.6424050632911392,"{""0"": 1, ""1"": 4, ""2"": 0, ""3"": 3, ""4"": 2}"
551,6,632,0.7804370179272694,0.7944802012404479,0.8971518987341772,"{""0"": 3, ""1"": 0, ""2"": 2, ""3"": 4, ""4"": 1, ""5"": 5}"
552,2,632,0.9437602279919647,0.9062288156969166,0.9857594936708861,"{""0"": 0, ""1"": 1}"
552,3,632,0.9813804753894438,0.9648808829122202,0.9936708860759493,"{""0"": 2, ""1"": 1, ""2"": 0}"
552,4,632,0.9854387226577854,0.9739591874303194,0.9936708860759493,"{""0"": 0, ""1"": 1, ""2"": 2, ""3"": 3}"
552,5,632,0.6287872190453055,0.6796870365142285,0.7990506329113924,"{""0"": 3, ""1"": 1, ""2"": 2, ""3"": 4, ""4"": 0}"
552,6,632,0.7665088631956842,0.7814378690311633,0.8971518987341772,"{""0"": 3, ""1"": 5, ""2"": 1, ""3"": 2, ""4"": 0, ""5"": 4}"
553,2,632,1.0,1.0,1.0,"{""0"": 1, ""1"": 0}"
553,3,632,0.9587106076857015,0.9296179093657095,0.9857594936708861,"{""0"": 2, ""1"": 1, ""2"": 0}"
553,4,632,0.9630943829959487,0.9547341339453279,0.9873417721518988,"{""0"": 0, ""1"": 1, ""2"": 2, ""3"": 3}"
553,5,632,0.6245756572383171,0.6690334737606194,0.810126582278481,"{""0"": 4, ""1"": 2, ""2"": 0, ""3"": 3, ""4"": 1}"
553,6,632,0.9158007138978118,0.9169799390548685,0.9636075949367089,"{""0"": 2, ""1"": 4, ""2"": 3, ""3"": 1, ""4"": 5, ""5"": 0}"
554,2,632,1.0,1.0,1.0,"{""0"": 1, ""1"": 0}"
554,3,632,0.7917862937467395,0.7964825205270499,0.935126582278481,"{""0"": 1, ""1"": 0, ""2"": 2}"
554,4,632,0.9271950946126182,0.9167655552354387,0.9746835443037974,"{""0"": 3, ""1"": 1, ""2"": 0, ""3"": 2}"
554,5,632,0.6940918403571951,0.7262947237011002,0.8512658227848101,"{""0"": 3, ""1"": 2, ""2"": 1, ""3"": 0, ""4"": 4}"
554,6,632,0.8979414599998202,0.8998966669093342,0.9509493670886076,"{""0"": 2, ""1"": 1, ""2"": 4, ""3"": 3, ""4"": 5, ""5"": 0}"
555,2,632,0.974803891811421,0.9508911740936524,0.9936708860759493,"{""0"": 1, ""1"": 0}"
555,3,632,0.9796533396842598,0.9609539380515275,0.9920886075949367,"{""0"": 1, ""1"": 0, ""2"": 2}"
555,4,632,0.9511843576495388,0.9300354180591933,0.9810126582278481,"{""0"": 0, ""1"": 1, ""2"": 3, ""3"": 2}"
555,5,632,0.5139663869681033,0.6220097595278437,0.75,"{""0"": 1, ""1"": 2, ""2"": 3, ""3"": 0, ""4"": 4}"
555,6,632,0.8997277971462195,0.8904216850254906,0.9572784810126582,"{""0"": 4, ""1"": 0, ""2"": 5, ""3"": 2, ""4"": 1, ""5"": 3}"
556,2,632,0.9748038476838029,0.950870094526382,0.9936708860759493,"{""0"": 1, ""1"": 0}"
556,3,632,0.9850995975993487,0.9726983743188321,0.995253164556962,"{""0"": 0, ""1"": 2, ""2"": 1}"
556,4,632,0.9386731829730115,0.9166724564027985,0.9762658227848101,"{""0"": 1, ""1"": 2, ""2"": 3, ""3"": 0}"
556,5,632,0.6328050061103307,0.6836246445724744,0.8006329113924051,"{""0"": 4, ""1"": 0, ""2"": 2, ""3"": 3, ""4"": 1}"
556,6,632,0.836247503303076,0.8449510836760264,0.9256329113924051,"{""0"": 4, ""1"": 5, ""2"": 0, ""3"": 1, ""4"": 2, ""5"": 3}"
557,2,632,0.9936708722291195,0.9845476369840697,0.9984177215189873,"{""0"": 0, ""1"": 1}"
557,3,632,0.953292536729135,0.9228595346186398,0.9841772151898734,"{""0"": 0, ""1"": 1, ""2"": 2}"
557,4,632,0.9200136777417754,0.8975820153369499,0.9683544303797469,"{""0"": 3, ""1"": 1, ""2"": 0, ""3"": 2}"
557,5,632,0.6433407738534003,0.686050794189777,0.8164556962025317,"{""0"": 0, ""1"": 4, ""2"": 1, ""3"": 2, ""4"": 3}"
557,6,632,0.9026194703457904,0.9096963765404007,0.9636075949367089,"{""0"": 5, ""1"": 1, ""2"": 4, ""3"": 2, ""4"": 3, ""5"": 0}"
558,2,632,0.9748038476838029,0.950870094526382,0.9936708860759493,"{""0"": 0, ""1"": 1}"
558,3,632,0.9849220348960047,0.9673761088607609,0.9936708860759493,"{""0"": 2, ""1"": 0, ""2"": 1}"
558,4,632,0.943814828948748,0.9212638650274491,0.9778481012658228,"{""0"": 3, ""1"": 2, ""2"": 0, ""3"": 1}"
558,5,632,0.6283891404475244,0.6875918999175522,0.8022151898734177,"{""0"": 3, ""1"": 4, ""2"": 0, ""3"": 1, ""4"": 2}"
558,6,632,0.9217715252761448,0.9083446387363562,0.9667721518987342,"{""0"": 2, ""1"": 4, ""2"": 0, ""3"": 5, ""4"": 3, ""5"": 1}"
559,2,632,0.9810723854751676,0.9610974628119777,0.995253164556962,"{""0"": 1, ""1"": 0}"
559,3,632,0.9504751816654415,0.9224262254569808,0.9841772151898734,"{""0"": 1, ""1"": 0, ""2"": 2}"
559,4,632,0.9616347671758856,0.9441273132462459,0.9857594936708861,"{""0"": 3, ""1"": 1, ""2"": 2, ""3"": 0}"
559,5,632,0.8601278943390467,0.8646208112841453,0.944620253164557,"{""0"": 2, ""1"": 0, ""2"": 4, ""3"": 3, ""4"": 1}"
559,6,632,0.7602126110640723,0.7895964817079465,0.8924050632911392,"{""0"": 1, ""1"": 2, ""2"": 0, ""3"": 5, ""4"": 4, ""5"": 3}"
560,2,632,0.9873618279998477,0.9722811651523068,0.9968354430379747,"{""0"": 0, ""1"": 1}"
560,3,632,0.7714303487587462,0.7876227173699631,0.9287974683544303,"{""0"": 2, ""1"": 1, ""2"": 0}"
560,4,632,0.9820004329675025,0.972902483877482,0.9936708860759493,"{""0"": 3, ""1"": 2, ""2"": 0, ""3"": 1}"
560,5,632,0.7104819465534074,0.7639718484860456,0.8718354430379747,"{""0"": 4, ""1"": 2, ""2"": 1, ""3"": 3, ""4"": 0}"
560,6,632,0.493799413437108,0.6078679429865587,0.6550632911392406,"{""0"": 3, ""1"": 2, ""2"": 4, ""3"": 0, ""4"": 5, ""5"": 1}"
561,2,632,0.9623260846841634,0.9257050935027579,0.990506329113924,"{""0"": 0, ""1"": 1}"
561,3,632,0.9733698118235299,0.9498392533320361,0.990506329113924,"{""0"": 0, ""1"": 1, ""2"": 2}"
561,4,632,0.9686276341017291,0.9594645515989482,0.9889240506329114,"{""0"": 0, ""1"": 2, ""2"": 3, ""3"": 1}"
561,5,632,0.5264056333962156,0.6238780147539692,0.7531645569620253,"{""0"": 4, ""1"": 2, ""2"": 3, ""3"": 1, ""4"": 0}"
561,6,632,0.8649743495090184,0.8652282905869157,0.9367088607594937,"{""0"": 2, ""1"": 4, ""2"": 1, ""3"": 0, ""4"": 5, ""5"": 3}"
562,2,632,0.9936708547947374,0.984540195442337,0.9984177215189873,"{""0"": 0, ""1"": 1}"
562,3,632,0.92933861188035,0.8925858393436301,0.9762658227848101,"{""0"": 0, ""1"": 1, ""2"": 2}"
562,4,632,0.9403518340408354,0.9273910580235357,0.9778481012658228,"{""0"": 2, ""1"": 0, ""2"": 1, ""3"": 3}"
562,5,632,0.9261765958106637,0.9139323903299071,0.9715189873417721,"{""0"": 4, ""1"": 1, ""2"": 3, ""3"": 2, ""4"": 0}"
562,6,632,0.4925626704985047,0.6244199724921042,0.6534810126582279,"{""0"": 2, ""1"": 3, ""2"": 1, ""3"": 4, ""4"": 5, ""5"": 0}"
563,2,632,0.9810721662582134,0.9610711191561316,0.995253164556962,"{""0"": 1, ""1"": 0}"
563,3,632,0.9718063716796344,0.9449309084128827,0.990506329113924,"{""0"": 0, ""1"": 2, ""2"": 1}"
563,4,632,0.9246929490344677,0.9089868468107329,0.9731012658227848,"{""0"": 3, ""1"": 2, ""2"": 1, ""3"": 0}"
563,5,632,0.6236281664459008,0.683834824445893,0.7927215189873418,"{""0"": 1, ""1"": 0, ""2"": 3, ""3"": 2, ""4"": 4}"
563,6,632,0.920088602525017,0.9035218070756131,0.9620253164556962,"{""0"": 2, ""1"": 3, ""2"": 1, ""3"": 4, ""4"": 5, ""5"": 0}"
564,2,632,0.1431079805480017,0.21820006521356006,0.689873417721519,"{""0"": 0, ""1"": 1}"
564,3,632,0.9958357781629104,0.990580911462951,0.9984177215189873,"{""0"": 1, ""1"": 0, ""2"": 2}"
564,4,632,0.9656533770257664,0.9489678319323751,0.9873417721518988,"{""0"": 3, ""1"": 1, ""2"": 0, ""3"": 2}"
564,5,632,0.677984937395388,0.719118978348,0.8496835443037974,"{""0"": 1, ""1"": 0, ""2"": 3, ""3"": 2, ""4"": 4}"
564,6,632,0.5203460838505969,0.635308846114918,0.6819620253164557,"{""0"": 3, ""1"": 1, ""2"": 2, ""3"": 4, ""4"": 0, ""5"": 5}"
565,2,632,0.9873618258027198,0.9723067325471408,0.9968354430379747,"{""0"": 0, ""1"": 1}"
565,3,632,0.9777651651684244,0.9682756337164478,0.9936708860759493,"{""0"": 1, ""1"": 2, ""2"": 0}"
565,4,632,0.9780749850462198,0.9661381415351193,0.9920886075949367,"{""0"": 1, ""1"": 2, ""2"": 0, ""3"": 3}"
565,5,632,0.5314003675490987,0.639491203896981,0.7658227848101266,"{""0"": 1, ""1"": 2, ""2"": 4, ""3"": 3, ""4"": 0}"
565,6,632,0.902982117243479,0.9031456120865788,0.9620253164556962,"{""0"": 2, ""1"": 0, ""2"": 1, ""3"": 5, ""4"": 3, ""5"": 4}"
566,2,632,0.987361812050309,0.9722697818088512,0.9968354430379747,"{""0"": 1, ""1"": 0}"
566,3,632,0.9831557397492837,0.9745893988212387,0.995253164556962,"{""0"": 0, ""1"": 1, ""2"": 2}"
566,4,632,0.9121503160952478,0.9029556719826943,0.9683544303797469,"{""0"": 1, ""1"": 2, ""2"": 0, ""3"": 3}"
566,5,632,0.641475341535802,0.6823770309033445,0.8275316455696202,"{""0"": 0, ""1"": 4, ""2"": 2, ""3"": 3, ""4"": 1}"
566,6,632,0.8043054785813741,0.8305616893836494,0.9113924050632911,"{""0"": 0, ""1"": 5, ""2"": 1, ""3"": 4, ""4"": 3, ""5"": 2}"
567,2,632,0.9873618332523536,0.972295554490382,0.9968354430379747,"{""0"": 0, ""1"": 1}"
567,3,632,0.8786210437194996,0.8732532199966077,0.9636075949367089,"{""0"": 1, ""1"": 2, ""2"": 0}"
567,4,632,0.9030284582399456,0.8963603269521394,0.9651898734177216,"{""0"": 2, ""1"": 0, ""2"": 3, ""3"": 1}"
567,5,632,0.5735144470135638,0.645936424483881,0.7800632911392406,"{""0"": 1, ""1"": 2, ""2"": 3, ""3"": 0, ""4"": 4}"
567,6,632,0.9877212288741704,0.9854731087494367,0.995253164556962,"{""0"": 1, ""1"": 4, ""2"": 2, ""3"": 0, ""4"": 3, ""5"": 5}"
568,2,632,0.15231464017512825,0.21467267785292454,0.6962025316455697,"{""0"": 0, ""1"": 1}"
568,3,632,0.7900496373450774,0.8122144499424787,0.935126582278481,"{""0"": 0, ""1"": 2, ""2"": 1}"
568,4,632,0.9781577373723325,0.966096261304601,0.9920886075949367,"{""0"": 1, ""1"": 2, ""2"": 3, ""3"": 0}"
568,5,632,0.6409074278269358,0.7111764231412463,0.8117088607594937,"{""0"": 1, ""1"": 0, ""2"": 2, ""3"": 3, ""4"": 4}"
568,6,632,0.9370484794333871,0.9347146222635763,0.9731012658227848,"{""0"": 0, ""1"": 3, ""2"": 2, ""3"": 4, ""4"": 5, ""5"": 1}"
569,2,632,0.9810728417628691,0.9612132085321339,0.995253164556962,"{""0"": 0, ""1"": 1}"
569,3,632,0.9887609114141465,0.981837853435915,0.9968354430379747,"{""0"": 0, ""1"": 1, ""2"": 2}"
569,4,632,0.95460675696222,0.9422253400857422,0.9841772151898734,"{""0"": 0, ""1"": 1, ""2"": 3, ""3"": 2}"
569,5,632,0.6086630060693815,0.6751523519695835,0.7832278481012658,"{""0"": 2, ""1"": 0, ""2"": 3, ""3"": 1, ""4"": 4}"
569,6,632,0.9032752403988311,0.8810321116413811,0.9556962025316456,"{""0"": 4, ""1"": 5, ""2"": 1, ""3"": 0, ""4"": 3, ""5"": 2}"
570,2,632,1.0,1.0,1.0,"{""0"": 0, ""1"": 1}"
570,3,632,0.9702520496320696,0.9514509189197304,0.990506329113924,"{""0"": 1, ""1"": 2, ""2"": 0}"
570,4,632,0.9518715667043707,0.9333539930126866,0.9810126582278481,"{""0"": 2, ""1"": 1, ""2"": 3, ""3"": 0}"
570,5,632,0.6968527788922403,0.7307863582372109,0.8607594936708861,"{""0"": 2, ""1"": 1, ""2"": 0, ""3"": 3, ""4"": 4}"
570,6,632,0.47514519573589353,0.6058837598932962,0.6534810126582279,"{""0"": 0, ""1"": 5, ""2"": 4, ""3"": 3, ""4"": 1, ""5"": 2}"
571,2,632,0.9936708857461121,0.9845650976704768,0.9984177215189873,"{""0"": 0, ""1"": 1}"
571,3,632,0.7834384367987575,0.7964695791819337,0.9319620253164557,"{""0"": 2, ""1"": 1, ""2"": 0}"
571,4,632,0.9683624155612185,0.9512304015509438,0.9873417721518988,"{""0"": 2, ""1"": 0, ""2"": 1, ""3"": 3}"
571,5,632,0.6703144665323559,0.7410826185395777,0.8496835443037974,"{""0"": 2, ""1"": 3, ""2"": 1, ""3"": 4, ""4"": 0}"
571,6,632,0.5076216206860881,0.6207549528533334,0.7120253164556962,"{""0"": 0, ""1"": 3, ""2"": 5, ""3"": 4, ""4"": 2, ""5"": 1}"
572,2,632,0.12475868880611994,0.20259760279992567,0.6772151898734177,"{""0"": 1, ""1"": 0}"
572,3,632,0.9807869332347611,0.96546204902341,0.9936708860759493,"{""0"": 2, ""1"": 1, ""2"": 0}"
572,4,632,0.9691542095960008,0.9626534581779611,0.9889240506329114,"{""0"": 3, ""1"": 2, ""2"": 0, ""3"": 1}"
572,5,632,0.6315597202038223,0.6971344022751522,0.7990506329113924,"{""0"": 1, ""1"": 4, ""2"": 0, ""3"": 2, ""4"": 3}"
572,6,632,0.5186306359668422,0.635109824216357,0.6645569620253164,"{""0"": 1, ""1"": 3, ""2"": 0, ""3"": 5, ""4"": 4, ""5"": 2}"
573,2,632,0.9936707617757824,0.9845180162551812,0.9984177215189873,"{""0"": 0, ""1"": 1}"
573,3,632,0.9777666080770614,0.9680213602447275,0.9936708860759493,"{""0"": 0, ""1"": 1, ""2"": 2}"
573,4,632,0.9348271137313298,0.9189984496864277,0.9762658227848101,"{""0"": 3, ""1"": 1, ""2"": 0, ""3"": 2}"
573,5,632,0.6775438121177727,0.7159197003347839,0.8544303797468354,"{""0"": 1, ""1"": 0, ""2"": 4, ""3"": 3, ""4"": 2}"
573,6,632,0.7403780129995355,0.7780752686780619,0.8860759493670886,"{""0"": 0, ""1"": 2, ""2"": 1, ""3"": 3, ""4"": 5, ""5"": 4}"
574,2,632,0.9873616594697797,0.9722269838968309,0.9968354430379747,"{""0"": 1, ""1"": 0}"
574,3,632,0.9813554288080877,0.9615277854414115,0.9920886075949367,"{""0"": 1, ""1"": 0, ""2"": 2}"
574,4,632,0.8929159184797142,0.875809928382642,0.9604430379746836,"{""0"": 1, ""1"": 3, ""2"": 0, ""3"": 2}"
574,5,632,0.9160862089529603,0.911946415133309,0.9667721518987342,"{""0"": 1, ""1"": 2, ""2"": 3, ""3"": 0, ""4"": 4}"
574,6,632,0.9883440429651396,0.9831805504322763,0.9936708860759493,"{""0"": 3, ""1"": 1, ""2"": 4, ""3"": 2, ""4"": 0, ""5"": 5}"
575,2,632,0.9748039041487738,0.9509007758869272,0.9936708860759493,"{""0"": 0, ""1"": 1}"
575,3,632,0.9906906704122684,0.9804700831407439,0.9968354430379747,"{""0"": 0, ""1"": 1, ""2"": 2}"
575,4,632,0.9708601572026004,0.9560462648461416,0.9889240506329114,"{""0"": 1, ""1"": 0, ""2"": 3, ""3"": 2}"
575,5,632,0.8521074064506492,0.8493096633997873,0.939873417721519,"{""0"": 0, ""1"": 2, ""2"": 1, ""3"": 4, ""4"": 3}"
575,6,632,0.4378624802276176,0.5494581817938009,0.620253164556962,"{""0"": 1, ""1"": 3, ""2"": 2, ""3"": 5, ""4"": 0, ""5"": 4}"
576,2,632,1.0,1.0,1.0,"{""0"": 0, ""1"": 1}"
576,3,632,0.9924307249995283,0.9834110440790292,0.9968354430379747,"{""0"": 0, ""1"": 1, ""2"": 2}"
576,4,632,0.9859287510381228,0.9800018664970791,0.995253164556962,"{""0"": 3, ""1"": 1, ""2"": 2, ""3"": 0}"
576,5,632,0.6609859303618034,0.7111192641716714,0.8322784810126582,"{""0"": 0, ""1"": 2, ""2"": 4, ""3"": 3, ""4"": 1}"
576,6,632,0.5038249380730959,0.6103369661151986,0.6613924050632911,"{""0"": 5, ""1"": 4, ""2"": 1, ""3"": 2, ""4"": 0, ""5"": 3}"
577,2,632,0.9873616992364351,0.9722350218113758,0.9968354430379747,"{""0"": 1, ""1"": 0}"
577,3,632,0.7826569201872278,0.7761469440034808,0.9319620253164557,"{""0"": 1, ""1"": 2, ""2"": 0}"
577,4,632,0.8920909750966756,0.8891141102139375,0.9620253164556962,"{""0"": 0, ""1"": 3, ""2"": 1, ""3"": 2}"
577,5,632,0.8708802291328694,0.867363486678388,0.9493670886075949,"{""0"": 2, ""1"": 4, ""2"": 1, ""3"": 0, ""4"": 3}"
577,6,632,0.6273007394645903,0.6940524736733954,0.7943037974683544,"{""0"": 3, ""1"": 0, ""2"": 1, ""3"": 5, ""4"": 4, ""5"": 2}"
578,2,632,0.9873618291123978,0.9723033626436738,0.9968354430379747,"{""0"": 0, ""1"": 1}"
578,3,632,0.9389960496548163,0.9134699236280958,0.9810126582278481,"{""0"": 0, ""1"": 1, ""2"": 2}"
578,4,632,0.9046952878129186,0.8828210936208151,0.9651898734177216,"{""0"": 2, ""1"": 1, ""2"": 3, ""3"": 0}"
578,5,632,0.6521197491160176,0.6867435174231751,0.8386075949367089,"{""0"": 1, ""1"": 3, ""2"": 2, ""3"": 0, ""4"": 4}"
578,6,632,0.8996344445216634,0.8881533320042378,0.9525316455696202,"{""0"": 0, ""1"": 3, ""2"": 4, ""3"": 5, ""4"": 1, ""5"": 2}"
579,2,632,0.9936708818950358,0.9845542661058769,0.9984177215189873,"{""0"": 0, ""1"": 1}"
579,3,632,0.9943667742975782,0.9898534641057208,0.9984177215189873,"{""0"": 1, ""1"": 2, ""2"": 0}"
579,4,632,0.9655134386976362,0.9510947899981651,0.9873417721518988,"{""0"": 1, ""1"": 3, ""2"": 2, ""3"": 0}"
579,5,632,0.6488386876138709,0.6988000444577049,0.8259493670886076,"{""0"": 0, ""1"": 2, ""2"": 4, ""3"": 1, ""4"": 3}"
579,6,632,0.8859050748907835,0.8861054619845183,0.9477848101265823,"{""0"": 3, ""1"": 0, ""2"": 4, ""3"": 1, ""4"": 5, ""5"": 2}"
580,2,632,0.974803881841655,0.9509551944490272,0.9936708860759493,"{""0"": 0, ""1"": 1}"
580,3,632,0.9806353126500196,0.9616527879298141,0.9920886075949367,"{""0"": 0, ""1"": 2, ""2"": 1}"
580,4,632,0.9657076260040061,0.9558119040495597,0.9873417721518988,"{""0"": 2, ""1"": 0, ""2"": 3, ""3"": 1}"
580,5,632,0.6369722096163424,0.6925149492283538,0.805379746835443,"{""0"": 0, ""1"": 4, ""2"": 3, ""3"": 1, ""4"": 2}"
580,6,632,0.6947446843240609,0.7491321090311767,0.8465189873417721,"{""0"": 1, ""1"": 5, ""2"": 4, ""3"": 3, ""4"": 0, ""5"": 2}"
581,2,632,0.9810728379240019,0.9612063093134532,0.995253164556962,"{""0"": 1, ""1"": 0}"
581,3,632,0.9681304093054057,0.952739922329299,0.990506329113924,"{""0"": 0, ""1"": 1, ""2"": 2}"
581,4,632,0.9657726732896579,0.9527382052171982,0.9873417721518988,"{""0"": 0, ""1"": 3, ""2"": 1, ""3"": 2}"
581,5,632,0.5699258403903436,0.6671663111697934,0.7958860759493671,"{""0"": 0, ""1"": 2, ""2"": 3, ""3"": 1, ""4"": 4}"
581,6,632,0.908794318609849,0.9038608475610449,0.9636075949367089,"{""0"": 4, ""1"": 3, ""2"": 1, ""3"": 0, ""4"": 2, ""5"": 5}"
582,2,632,0.14481059227126097,0.20718900554517533,0.6914556962025317,"{""0"": 0, ""1"": 1}"
582,3,632,1.0,1.0,1.0,"{""0"": 2, ""1"": 1, ""2"": 0}"
582,4,632,0.9689613368216323,0.9579750898737985,0.9889240506329114,"{""0"": 3, ""1"": 1, ""2"": 0, ""3"": 2}"
582,5,632,0.8066761190398437,0.8317956456136882,0.9224683544303798,"{""0"": 0, ""1"": 1, ""2"": 3, ""3"": 2, ""4"": 4}"
582,6,632,0.899978734307819,0.8869907701091313,0.9541139240506329,"{""0"": 4, ""1"": 2, ""2"": 0, ""3"": 1, ""4"": 3, ""5"": 5}"
583,2,632,0.987361812050309,0.9722697818088512,0.9968354430379747,"{""0"": 0, ""1"": 1}"
583,3,632,0.9734213192098208,0.9496964065685054,0.990506329113924,"{""0"": 0, ""1"": 1, ""2"": 2}"
583,4,632,0.9632220230830444,0.9583646579423888,0.9873417721518988,"{""0"": 1, ""1"": 2, ""2"": 3, ""3"": 0}"
583,5,632,0.6257763894552458,0.6847535406831048,0.805379746835443,"{""0"": 2, ""1"": 1, ""2"": 3, ""3"": 4, ""4"": 0}"
583,6,632,0.9297970602165007,0.9242329293935563,0.9699367088607594,"{""0"": 2, ""1"": 3, ""2"": 1, ""3"": 0, ""4"": 5, ""5"": 4}"
584,2,632,1.0,1.0,1.0,"{""0"": 0, ""1"": 1}"
584,3,632,0.9569223091606305,0.9403921536644346,0.9873417721518988,"{""0"": 2, ""1"": 1, ""2"": 0}"
584,4,632,0.9597018704870287,0.9464622188737509,0.9857594936708861,"{""0"": 3, ""1"": 2, ""2"": 0, ""3"": 1}"
584,5,632,0.7468152365077652,0.7951892054461132,0.8829113924050633,"{""0"": 4, ""1"": 3, ""2"": 1, ""3"": 2, ""4"": 0}"
584,6,632,0.8573499012992438,0.855701042110038,0.9319620253164557,"{""0"": 1, ""1"": 3, ""2"": 2, ""3"": 5, ""4"": 0, ""5"": 4}"
585,2,632,0.9873613368451924,0.9721813191904637,0.9968354430379747,"{""0"": 0, ""1"": 1}"
585,3,632,0.7461619475663315,0.7560406455677388,0.9193037974683544,"{""0"": 0, ""1"": 1, ""2"": 2}"
585,4,632,0.935697525822258,0.9096843631501976,0.9762658227848101,"{""0"": 3, ""1"": 2, ""2"": 1, ""3"": 0}"
585,5,632,0.5947224100855313,0.6504259160950274,0.7927215189873418,"{""0"": 3, ""1"": 1, ""2"": 0, ""3"": 4, ""4"": 2}"
585,6,632,0.9533414196017037,0.949653344212703,0.9810126582278481,"{""0"": 0, ""1"": 3, ""2"": 5, ""3"": 1, ""4"": 4, ""5"": 2}"
586,2,632,0.9873617989221709,0.9722635513107766,0.9968354430379747,"{""0"": 1, ""1"": 0}"
586,3,632,0.7890787806001935,0.7921150313300541,0.9335443037974683,"{""0"": 1, ""1"": 2, ""2"": 0}"
586,4,632,0.9859654407080494,0.9821690075422226,0.995253164556962,"{""0"": 2, ""1"": 3, ""2"": 1, ""3"": 0}"
586,5,632,0.6545943031116453,0.7112171229886861,0.8164556962025317,"{""0"": 2, ""1"": 0, ""2"": 1, ""3"": 3, ""4"": 4}"
586,6,632,0.90377062964396,0.915059399706473,0.9541139240506329,"{""0"": 5, ""1"": 4, ""2"": 1, ""3"": 2, ""4"": 3, ""5"": 0}"
587,2,632,0.9873617989221709,0.9722635513107766,0.9968354430379747,"{""0"": 1, ""1"": 0}"
587,3,632,0.777090870883742,0.7672792314591782,0.9287974683544303,"{""0"": 2, ""1"": 0, ""2"": 1}"
587,4,632,0.9632311132566599,0.9399620543568749,0.9857594936708861,"{""0"": 3, ""1"": 1, ""2"": 0, ""3"": 2}"
587,5,632,0.7114992571056905,0.7422214279581041,0.8639240506329114,"{""0"": 3, ""1"": 4, ""2"": 1, ""3"": 0, ""4"": 2}"
587,6,632,0.8919384602252782,0.9007391524191379,0.9556962025316456,"{""0"": 4, ""1"": 3, ""2"": 2, ""3"": 1, ""4"": 5, ""5"": 0}"
588,2,632,1.0,1.0,1.0,"{""0"": 0, ""1"": 1}"
588,3,632,0.7718027270823764,0.7779832242970666,0.9272151898734177,"{""0"": 1, ""1"": 2, ""2"": 0}"
588,4,632,0.9657018223966114,0.9515499971693206,0.9873417721518988,"{""0"": 3, ""1"": 1, ""2"": 2, ""3"": 0}"
588,5,632,0.8552171894262183,0.8561449114905674,0.9414556962025317,"{""0"": 3, ""1"": 2, ""2"": 0, ""3"": 1, ""4"": 4}"
588,6,632,0.8271881992491867,0.8325568674779228,0.9177215189873418,"{""0"": 0, ""1"": 2, ""2"": 1, ""3"": 3, ""4"": 4, ""5"": 5}"
589,2,632,0.9873617324240764,0.972242696739464,0.9968354430379747,"{""0"": 1, ""1"": 0}"
589,3,632,1.0,1.0,1.0,"{""0"": 0, ""1"": 1, ""2"": 2}"
589,4,632,0.9675766795808644,0.9587167723478831,0.9889240506329114,"{""0"": 2, ""1"": 0, ""2"": 3, ""3"": 1}"
589,5,632,0.6961479770104829,0.7362254414732363,0.8512658227848101,"{""0"": 1, ""1"": 4, ""2"": 3, ""3"": 0, ""4"": 2}"
589,6,632,0.5150676297869943,0.6275258108937866,0.6645569620253164,"{""0"": 1, ""1"": 4, ""2"": 0, ""3"": 2, ""4"": 3, ""5"": 5}"
590,2,632,0.9936708646186224,0.9845440179495617,0.9984177215189873,"{""0"": 1, ""1"": 0}"
590,3,632,0.9943613413462646,0.9897794900588088,0.9984177215189873,"{""0"": 0, ""1"": 2, ""2"": 1}"
590,4,632,0.9189554878332223,0.9075667576471803,0.9715189873417721,"{""0"": 1, ""1"": 3, ""2"": 2, ""3"": 0}"
590,5,632,0.45408314873000416,0.5844664113624792,0.6930379746835443,"{""0"": 4, ""1"": 3, ""2"": 2, ""3"": 0, ""4"": 1}"
590,6,632,0.9353847958971689,0.9290836231117412,0.9731012658227848,"{""0"": 3, ""1"": 2, ""2"": 0, ""3"": 1, ""4"": 5, ""5"": 4}"
591,2,632,0.981072474024306,0.9611098726262466,0.995253164556962,"{""0"": 0, ""1"": 1}"
591,3,632,0.7902622787001888,0.7983668679449637,0.935126582278481,"{""0"": 0, ""1"": 1, ""2"": 2}"
591,4,632,0.9560933456056651,0.9415969525635273,0.9841772151898734,"{""0"": 1, ""1"": 2, ""2"": 3, ""3"": 0}"
591,5,632,0.6603547920775189,0.7101899435614922,0.8275316455696202,"{""0"": 0, ""1"": 4, ""2"": 3, ""3"": 1, ""4"": 2}"
591,6,632,0.494333205277826,0.6196135787720924,0.6598101265822784,"{""0"": 3, ""1"": 4, ""2"": 0, ""3"": 5, ""4"": 1, ""5"": 2}"
592,2,632,1.0,1.0,1.0,"{""0"": 0, ""1"": 1}"
592,3,632,0.980921139080411,0.9631912923632174,0.9936708860759493,"{""0"": 0, ""1"": 2, ""2"": 1}"
592,4,632,0.9952580807860106,0.9927934876282971,0.9984177215189873,"{""0"": 1, ""1"": 3, ""2"": 0, ""3"": 2}"
592,5,632,0.7879739772718689,0.8039879859285994,0.9098101265822784,"{""0"": 4, ""1"": 0, ""2"": 1, ""3"": 2, ""4"": 3}"
592,6,632,0.47627443469773123,0.586104214429705,0.6265822784810127,"{""0"": 0, ""1"": 5, ""2"": 1, ""3"": 4, ""4"": 2, ""5"": 3}"
593,2,632,0.9936708722291195,0.9845476369840697,0.9984177215189873,"{""0"": 0, ""1"": 1}"
593,3,632,0.9795042822919816,0.965419492786119,0.9936708860759493,"{""0"": 2, ""1"": 1, ""2"": 0}"
593,4,632,0.9518804767044947,0.9358187300389071,0.9825949367088608,"{""0"": 2, ""1"": 0, ""2"": 3, ""3"": 1}"
593,5,632,0.578522265081101,0.6761807315184442,0.7990506329113924,"{""0"": 1, ""1"": 2, ""2"": 3, ""3"": 4, ""4"": 0}"
593,6,632,0.7970159094604216,0.8157661118295233,0.9098101265822784,"{""0"": 1, ""1"": 3, ""2"": 5, ""3"": 0, ""4"": 4, ""5"": 2}"
594,2,632,0.968555016209215,0.9355485088818963,0.9920886075949367,"{""0"": 0, ""1"": 1}"
594,3,632,0.9737136988235515,0.958483934520979,0.9920886075949367,"{""0"": 0, ""1"": 2, ""2"": 1}"
594,4,632,0.9648466429927246,0.9538937900728093,0.9873417721518988,"{""0"": 2, ""1"": 1, ""2"": 0, ""3"": 3}"
594,5,632,0.4999481938597608,0.6152441696613259,0.7262658227848101,"{""0"": 3, ""1"": 0, ""2"": 2, ""3"": 1, ""4"": 4}"
594,6,632,0.681460322239364,0.7546872116547158,0.8180379746835443,"{""0"": 3, ""1"": 1, ""2"": 5, ""3"": 0, ""4"": 2, ""5"": 4}"
595,2,632,0.9873618317024134,0.9722996367512691,0.9968354430379747,"{""0"": 1, ""1"": 0}"
595,3,632,0.7778269087707929,0.7803811769677352,0.9287974683544303,"{""0"": 0, ""1"": 1, ""2"": 2}"
595,4,632,0.9554923050631092,0.9425511760285059,0.9841772151898734,"{""0"": 3, ""1"": 1, ""2"": 2, ""3"": 0}"
595,5,632,0.6572158332446607,0.706478498878702,0.8117088607594937,"{""0"": 0, ""1"": 1, ""2"": 3, ""3"": 4, ""4"": 2}"
595,6,632,0.47823887907715,0.5767948052671501,0.6518987341772152,"{""0"": 2, ""1"": 0, ""2"": 4, ""3"": 3, ""4"": 5, ""5"": 1}"
596,2,632,0.14050288965002794,0.21337225977576998,0.6882911392405063,"{""0"": 1, ""1"": 0}"
596,3,632,0.7330338976585721,0.7522314180292292,0.9145569620253164,"{""0"": 1, ""1"": 2, ""2"": 0}"
596,4,632,0.9180928992104354,0.8897178565599817,0.9699367088607594,"{""0"": 0, ""1"": 2, ""2"": 1, ""3"": 3}"
596,5,632,0.6913554875690147,0.7268017883140631,0.8560126582278481,"{""0"": 3, ""1"": 2, ""2"": 4, ""3"": 0, ""4"": 1}"
596,6,632,0.5486383438059848,0.6659579631603673,0.6930379746835443,"{""0"": 1, ""1"": 3, ""2"": 5, ""3"": 2, ""4"": 4, ""5"": 0}"
597,2,632,0.9810728417628691,0.9612132085321339,0.995253164556962,"{""0"": 1, ""1"": 0}"
597,3,632,0.9684296488168885,0.9460231596634275,0.9889240506329114,"{""0"": 1, ""1"": 0, ""2"": 2}"
597,4,632,0.9684926117278989,0.9593134984341831,0.9889240506329114,"{""0"": 3, ""1"": 1, ""2"": 2, ""3"": 0}"
597,5,632,0.9367216672305433,0.9234381043685442,0.9746835443037974,"{""0"": 4, ""1"": 3, ""2"": 1, ""3"": 2, ""4"": 0}"
597,6,632,0.9001172386367347,0.89641015529677,0.9541139240506329,"{""0"": 3, ""1"": 4, ""2"": 0, ""3"": 2, ""4"": 1, ""5"": 5}"
598,2,632,0.9748034797313222,0.9507917650089719,0.9936708860759493,"{""0"": 1, ""1"": 0}"
598,3,632,0.9739694992800336,0.9583856920075808,0.9920886075949367,"{""0"": 0, ""1"": 2, ""2"": 1}"
598,4,632,0.9716204051807467,0.9563360564488116,0.9889240506329114,"{""0"": 3, ""1"": 1, ""2"": 2, ""3"": 0}"
598,5,632,0.5292781728944314,0.6415826369463346,0.7737341772151899,"{""0"": 3, ""1"": 1, ""2"": 4, ""3"": 0, ""4"": 2}"
598,6,632,0.6719578049371995,0.7433826956927168,0.8481012658227848,"{""0"": 4, ""1"": 0, ""2"": 5, ""3"": 2, ""4"": 1, ""5"": 3}"
599,2,632,0.9873618334112892,0.9722911154449129,0.9968354430379747,"{""0"": 0, ""1"": 1}"
599,3,632,0.9850197405382546,0.9725866033584039,0.995253164556962,"{""0"": 1, ""1"": 2, ""2"": 0}"
599,4,632,0.9732386708958051,0.9610049715220932,0.990506329113924,"{""0"": 1, ""1"": 3, ""2"": 2, ""3"": 0}"
599,5,632,0.657760492467388,0.7064533221726282,0.814873417721519,"{""0"": 3, ""1"": 1, ""2"": 2, ""3"": 0, ""4"": 4}"
599,6,632,0.5059240086865797,0.615580645686264,0.6645569620253164,"{""0"": 3, ""1"": 0, ""2"": 4, ""3"": 1, ""4"": 5, ""5"": 2}"
600,2,632,0.9936708090624575,0.9845275030323606,0.9984177215189873,"{""0"": 1, ""1"": 0}"
600,3,632,0.7566085397571776,0.7449403761178595,0.9208860759493671,"{""0"": 1, ""1"": 0, ""2"": 2}"
600,4,632,0.9490178087353701,0.922040229979157,0.9794303797468354,"{""0"": 1, ""1"": 0, ""2"": 2, ""3"": 3}"
600,5,632,0.8705071312271526,0.8769248581938359,0.9493670886075949,"{""0"": 3, ""1"": 4, ""2"": 0, ""3"": 2, ""4"": 1}"
600,6,632,0.7512696789516551,0.7825206889523212,0.8908227848101266,"{""0"": 1, ""1"": 5, ""2"": 0, ""3"": 4, ""4"": 2, ""5"": 3}"
601,2,632,1.0,1.0,1.0,"{""0"": 1, ""1"": 0}"
601,3,632,0.9756442810010649,0.9579438272196537,0.9920886075949367,"{""0"": 1, ""1"": 2, ""2"": 0}"
601,4,632,0.9453433973974833,0.9344003878192846,0.9810126582278481,"{""0"": 1, ""1"": 0, ""2"": 2, ""3"": 3}"
601,5,632,0.9220317179148599,0.9070270723922962,0.9699367088607594,"{""0"": 4, ""1"": 2, ""2"": 0, ""3"": 1, ""4"": 3}"
601,6,632,0.45783768840074374,0.5897490313780791,0.6724683544303798,"{""0"": 1, ""1"": 3, ""2"": 0, ""3"": 2, ""4"": 5, ""5"": 4}"
602,2,632,0.9873614204195429,0.9721911852332777,0.9968354430379747,"{""0"": 1, ""1"": 0}"
602,3,632,0.7717676082848983,0.7817110886679417,0.9287974683544303,"{""0"": 0, ""1"": 2, ""2"": 1}"
602,4,632,0.949984004281106,0.9394101815009304,0.9825949367088608,"{""0"": 1, ""1"": 3, ""2"": 0, ""3"": 2}"
602,5,632,0.6173556376695576,0.6767006945592885,0.7990506329113924,"{""0"": 4, ""1"": 1, ""2"": 2, ""3"": 3, ""4"": 0}"
602,6,632,0.8765343821284316,0.8679833298769773,0.9430379746835443,"{""0"": 3, ""1"": 1, ""2"": 5, ""3"": 2, ""4"": 4, ""5"": 0}"
603,2,632,0.9936708844547795,0.9845572768755257,0.9984177215189873,"{""0"": 1, ""1"": 0}"
603,3,632,0.994392247677593,0.9899191071690538,0.9984177215189873,"{""0"": 1, ""1"": 2, ""2"": 0}"
603,4,632,0.9640156060557722,0.9508812447967666,0.9873417721518988,"{""0"": 0, ""1"": 2, ""2"": 1, ""3"": 3}"
603,5,632,0.7067560887883519,0.7352895476185684,0.8607594936708861,"{""0"": 2, ""1"": 1, ""2"": 3, ""3"": 4, ""4"": 0}"
603,6,632,0.4892493457378099,0.6181250869886087,0.6487341772151899,"{""0"": 3, ""1"": 1, ""2"": 5, ""3"": 4, ""4"": 0, ""5"": 2}"
604,2,632,0.9810728411916092,0.9612255204556784,0.995253164556962,"{""0"": 1, ""1"": 0}"
604,3,632,1.0,1.0,1.0,"{""0"": 1, ""1"": 0, ""2"": 2}"
604,4,632,0.9546888255164412,0.9439817634229435,0.9841772151898734,"{""0"": 3, ""1"": 1, ""2"": 2, ""3"": 0}"
604,5,632,0.6257577678003565,0.6774692939397985,0.8037974683544303,"{""0"": 2, ""1"": 0, ""2"": 1, ""3"": 4, ""4"": 3}"
604,6,632,0.46924141003807507,0.6068654104157074,0.634493670886076,"{""0"": 3, ""1"": 0, ""2"": 2, ""3"": 5, ""4"": 1, ""5"": 4}"
605,2,632,0.16004865381079567,0.2097613137318159,0.7025316455696202,"{""0"": 1, ""1"": 0}"
605,3,632,1.0,1.0,1.0,"{""0"": 1, ""1"": 0, ""2"": 2}"
605,4,632,0.966892682646832,0.9499653541960579,0.9873417721518988,"{""0"": 3, ""1"": 1, ""2"": 2, ""3"": 0}"
605,5,632,0.6382045379717312,0.691316355848352,0.8180379746835443,"{""0"": 1, ""1"": 2, ""2"": 3, ""3"": 0, ""4"": 4}"
605,6,632,0.5479293288065796,0.6641942162955548,0.6930379746835443,"{""0"": 4, ""1"": 3, ""2"": 5, ""3"": 1, ""4"": 0, ""5"": 2}"
606,2,632,0.9685545545729106,0.9353516581111712,0.9920886075949367,"{""0"": 1, ""1"": 0}"
606,3,632,0.9758712576038759,0.9582129413022606,0.9920886075949367,"{""0"": 1, ""1"": 2, ""2"": 0}"
606,4,632,0.9858316874672556,0.9799558453665091,0.995253164556962,"{""0"": 2, ""1"": 0, ""2"": 3, ""3"": 1}"
606,5,632,0.6068173416262254,0.6697438887009093,0.7895569620253164,"{""0"": 2, ""1"": 1, ""2"": 4, ""3"": 3, ""4"": 0}"
606,6,632,0.9116034504797744,0.898098325751517,0.9604430379746836,"{""0"": 2, ""1"": 4, ""2"": 1, ""3"": 3, ""4"": 0, ""5"": 5}"
607,2,632,0.13494354214478996,0.20223130364642755,0.685126582278481,"{""0"": 1, ""1"": 0}"
607,3,632,0.9456463489332763,0.9124664823508921,0.9810126582278481,"{""0"": 0, ""1"": 2, ""2"": 1}"
607,4,632,0.9330338428235403,0.9206207893519047,0.9762658227848101,"{""0"": 3, ""1"": 2, ""2"": 0, ""3"": 1}"
607,5,632,0.6554463775106693,0.7058988606939769,0.8322784810126582,"{""0"": 4, ""1"": 2, ""2"": 0, ""3"": 3, ""4"": 1}"
607,6,632,0.970874356138701,0.9632683420013314,0.9873417721518988,"{""0"": 0, ""1"": 3, ""2"": 1, ""3"": 5, ""4"": 4, ""5"": 2}"
608,2,632,0.9936708818950358,0.9845542661058769,0.9984177215189873,"{""0"": 1, ""1"": 0}"
608,3,632,0.9684474671358568,0.9429428648707061,0.9873417721518988,"{""0"": 2, ""1"": 1, ""2"": 0}"
608,4,632,0.9451961844138937,0.9304754511778395,0.9794303797468354,"{""0"": 0, ""1"": 2, ""2"": 1, ""3"": 3}"
608,5,632,0.7661751426667001,0.7761777392396361,0.9003164556962026,"{""0"": 3, ""1"": 0, ""2"": 1, ""3"": 4, ""4"": 2}"
608,6,632,0.7760137002908584,0.8130468418877433,0.9003164556962026,"{""0"": 0, ""1"": 3, ""2"": 1, ""3"": 5, ""4"": 2, ""5"": 4}"
609,2,632,0.956116626314965,0.9133263274923233,0.9889240506329114,"{""0"": 1, ""1"": 0}"
609,3,632,0.880860157393124,0.8630422435895748,0.9636075949367089,"{""0"": 1, ""1"": 0, ""2"": 2}"
609,4,632,0.9532796649713452,0.9375185764198332,0.9825949367088608,"{""0"": 3, ""1"": 1, ""2"": 2, ""3"": 0}"
609,5,632,0.8951555049919712,0.8785476510664852,0.9588607594936709,"{""0"": 1, ""1"": 0, ""2"": 3, ""3"": 2, ""4"": 4}"
609,6,632,0.7578396212797757,0.808809046013289,0.8987341772151899,"{""0"": 3, ""1"": 1, ""2"": 5, ""3"": 2, ""4"": 0, ""5"": 4}"
610,2,632,0.9561173783438371,0.9229730214488541,0.9889240506329114,"{""0"": 1, ""1"": 0}"
610,3,632,0.9828978511965497,0.9636331771182028,0.9936708860759493,"{""0"": 2, ""1"": 1, ""2"": 0}"
610,4,632,0.9700632883058184,0.9525113698458616,0.9873417721518988,"{""0"": 0, ""1"": 1, ""2"": 3, ""3"": 2}"
610,5,632,0.6223098012085291,0.6782859313519353,0.8069620253164557,"{""0"": 0, ""1"": 1, ""2"": 3, ""3"": 4, ""4"": 2}"
610,6,632,0.9614717613187228,0.9514419631535815,0.9841772151898734,"{""0"": 0, ""1"": 3, ""2"": 5, ""3"": 2, ""4"": 1, ""5"": 4}"
611,2,632,0.9810728379240019,0.9612063093134532,0.995253164556962,"{""0"": 0, ""1"": 1}"
611,3,632,0.9063900416838817,0.8822799070974146,0.9715189873417721,"{""0"": 1, ""1"": 0, ""2"": 2}"
611,4,632,0.9690324357645221,0.9532280522585196,0.9889240506329114,"{""0"": 1, ""1"": 0, ""2"": 3, ""3"": 2}"
611,5,632,0.6658570170191535,0.7151563187596721,0.8275316455696202,"{""0"": 0, ""1"": 2, ""2"": 3, ""3"": 4, ""4"": 1}"
611,6,632,0.968972755745546,0.9624574779857252,0.9873417721518988,"{""0"": 5, ""1"": 1, ""2"": 0, ""3"": 3, ""4"": 2, ""5"": 4}"
612,2,632,0.9748038379497487,0.9445566096935282,0.9936708860759493,"{""0"": 0, ""1"": 1}"
612,3,632,0.9888117718476017,0.9819109468692757,0.9968354430379747,"{""0"": 2, ""1"": 0, ""2"": 1}"
612,4,632,0.9107322507865475,0.8971364728722826,0.9683544303797469,"{""0"": 2, ""1"": 0, ""2"": 1, ""3"": 3}"
612,5,632,0.5043931571411518,0.6120958202840516,0.7310126582278481,"{""0"": 0, ""1"": 1, ""2"": 3, ""3"": 2, ""4"": 4}"
612,6,632,0.8965627616749774,0.8874323407770026,0.9572784810126582,"{""0"": 5, ""1"": 0, ""2"": 2, ""3"": 1, ""4"": 3, ""5"": 4}"
613,2,632,1.0,1.0,1.0,"{""0"": 0, ""1"": 1}"
613,3,632,0.9598683470622519,0.933331956292147,0.9857594936708861,"{""0"": 2, ""1"": 1, ""2"": 0}"
613,4,632,0.9537435604727272,0.9408631528860362,0.9825949367088608,"{""0"": 3, ""1"": 2, ""2"": 0, ""3"": 1}"
613,5,632,0.9130468043418646,0.90787181480364,0.9667721518987342,"{""0"": 4, ""1"": 0, ""2"": 3, ""3"": 2, ""4"": 1}"
613,6,632,0.5135388789874965,0.6276951101684509,0.6724683544303798,"{""0"": 2, ""1"": 0, ""2"": 3, ""3"": 5, ""4"": 4, ""5"": 1}"
614,2,632,1.0,1.0,1.0,"{""0"": 0, ""1"": 1}"
614,3,632,0.9869002659543331,0.9731903763329144,0.995253164556962,"{""0"": 2, ""1"": 0, ""2"": 1}"
614,4,632,0.9909553431141295,0.9856098484835442,0.9968354430379747,"{""0"": 3, ""1"": 0, ""2"": 1, ""3"": 2}"
614,5,632,0.6332101355132436,0.6842069023534607,0.8164556962025317,"{""0"": 3, ""1"": 0, ""2"": 2, ""3"": 1, ""4"": 4}"
614,6,632,0.8432287691662537,0.8561281713851708,0.930379746835443,"{""0"": 4, ""1"": 3, ""2"": 1, ""3"": 0, ""4"": 2, ""5"": 5}"
615,2,632,1.0,1.0,1.0,"{""0"": 0, ""1"": 1}"
615,3,632,0.8297976041188323,0.8229180285889495,0.9462025316455697,"{""0"": 0, ""1"": 1, ""2"": 2}"
615,4,632,1.0,1.0,1.0,"{""0"": 1, ""1"": 2, ""2"": 0, ""3"": 3}"
615,5,632,0.5147736584450223,0.6325445240742055,0.7436708860759493,"{""0"": 4, ""1"": 0, ""2"": 3, ""3"": 2, ""4"": 1}"
615,6,632,0.7438404900453035,0.7812510598002381,0.8718354430379747,"{""0"": 0, ""1"": 5, ""2"": 1, ""3"": 4, ""4"": 3, ""5"": 2}"
616,2,632,0.9873616992364351,0.9722350218113758,0.9968354430379747,"{""0"": 1, ""1"": 0}"
616,3,632,0.9776294419027279,0.9679299518304805,0.9936708860759493,"{""0"": 2, ""1"": 1, ""2"": 0}"
616,4,632,0.9733302481999355,0.9625413161803973,0.990506329113924,"{""0"": 1, ""1"": 0, ""2"": 3, ""3"": 2}"
616,5,632,0.844948716055786,0.841346737514193,0.9382911392405063,"{""0"": 4, ""1"": 3, ""2"": 0, ""3"": 2, ""4"": 1}"
616,6,632,0.6922946529689719,0.7418002916504246,0.8591772151898734,"{""0"": 1, ""1"": 3, ""2"": 5, ""3"": 4, ""4"": 0, ""5"": 2}"
617,2,632,1.0,1.0,1.0,"{""0"": 1, ""1"": 0}"
617,3,632,0.9643499948294892,0.9427415669288891,0.9889240506329114,"{""0"": 1, ""1"": 0, ""2"": 2}"
617,4,632,0.9493604258511138,0.9403612088386526,0.9825949367088608,"{""0"": 0, ""1"": 2, ""2"": 3, ""3"": 1}"
617,5,632,0.547438702171653,0.653633758731534,0.7832278481012658,"{""0"": 2, ""1"": 3, ""2"": 0, ""3"": 1, ""4"": 4}"
617,6,632,0.6138795838881964,0.6946579461696281,0.7863924050632911,"{""0"": 3, ""1"": 5, ""2"": 2, ""3"": 1, ""4"": 0, ""5"": 4}"
618,2,632,0.15696323832544545,0.22210284775578726,0.6993670886075949,"{""0"": 0, ""1"": 1}"
618,3,632,0.9944052649915662,0.9899505128983488,0.9984177215189873,"{""0"": 1, ""1"": 2, ""2"": 0}"
618,4,632,0.9338307644139235,0.9204781839446728,0.9762658227848101,"{""0"": 0, ""1"": 1, ""2"": 2, ""3"": 3}"
618,5,632,0.6326706514118421,0.6860918818659495,0.8085443037974683,"{""0"": 3, ""1"": 1, ""2"": 2, ""3"": 0, ""4"": 4}"
618,6,632,0.4889295592581458,0.6147760681860522,0.6518987341772152,"{""0"": 1, ""1"": 5, ""2"": 4, ""3"": 0, ""4"": 2, ""5"": 3}"
619,2,632,0.981072822088658,0.9612442146943972,0.995253164556962,"{""0"": 0, ""1"": 1}"
619,3,632,0.9831151187833083,0.974503624221256,0.995253164556962,"{""0"": 1, ""1"": 2, ""2"": 0}"
619,4,632,0.9419677295485304,0.9288323075575666,0.9794303797468354,"{""0"": 1, ""1"": 2, ""2"": 0, ""3"": 3}"
619,5,632,0.5008397875979738,0.6178151179860674,0.7373417721518988,"{""0"": 1, ""1"": 2, ""2"": 0, ""3"": 4, ""4"": 3}"
619,6,632,0.815572697418001,0.815042753854596,0.9050632911392406,"{""0"": 3, ""1"": 1, ""2"": 2, ""3"": 5, ""4"": 4, ""5"": 0}"
620,2,632,0.8595015695274754,0.7995144494365226,0.9636075949367089,"{""0"": 1, ""1"": 0}"
620,3,632,0.9382991880534491,0.8967217439202746,0.9762658227848101,"{""0"": 0, ""1"": 1, ""2"": 2}"
620,4,632,0.9313105566126638,0.9065485490080128,0.9731012658227848,"{""0"": 0, ""1"": 2, ""2"": 3, ""3"": 1}"
620,5,632,0.5898575373965108,0.6569151354687515,0.7800632911392406,"{""0"": 1, ""1"": 4, ""2"": 0, ""3"": 2, ""4"": 3}"
620,6,632,0.9393015026759723,0.9323232818699826,0.9746835443037974,"{""0"": 3, ""1"": 2, ""2"": 1, ""3"": 5, ""4"": 0, ""5"": 4}"
621,2,632,0.9936708273299782,0.984531938410481,0.9984177215189873,"{""0"": 0, ""1"": 1}"
621,3,632,0.9924777686489967,0.9832994943896881,0.9968354430379747,"{""0"": 1, ""1"": 2, ""2"": 0}"
621,4,632,0.9956816255490648,0.9928348156826243,0.9984177215189873,"{""0"": 2, ""1"": 1, ""2"": 0, ""3"": 3}"
621,5,632,0.7872656596788512,0.8158389708314883,0.9113924050632911,"{""0"": 2, ""1"": 4, ""2"": 3, ""3"": 0, ""4"": 1}"
621,6,632,0.45360189598810613,0.5643044911387984,0.620253164556962,"{""0"": 0, ""1"": 3, ""2"": 1, ""3"": 4, ""4"": 2, ""5"": 5}"
622,2,632,0.9873615574218657,0.9722098157577119,0.9968354430379747,"{""0"": 1, ""1"": 0}"
622,3,632,0.9409875987529174,0.9028802604073901,0.9794303797468354,"{""0"": 2, ""1"": 0, ""2"": 1}"
622,4,632,0.9411659551219522,0.9232630943281775,0.9778481012658228,"{""0"": 3, ""1"": 2, ""2"": 0, ""3"": 1}"
622,5,632,0.6285633414052711,0.6863533139514302,0.7911392405063291,"{""0"": 1, ""1"": 4, ""2"": 0, ""3"": 2, ""4"": 3}"
622,6,632,0.9084752796278713,0.8929105913524,0.9588607594936709,"{""0"": 4, ""1"": 2, ""2"": 0, ""3"": 5, ""4"": 1, ""5"": 3}"
623,2,632,0.9873617596889012,0.9722500094707324,0.9968354430379747,"{""0"": 0, ""1"": 1}"
623,3,632,0.9334661974751618,0.8889086709918297,0.9746835443037974,"{""0"": 2, ""1"": 1, ""2"": 0}"
623,4,632,0.8615728169062189,0.8521959242913256,0.9477848101265823,"{""0"": 3, ""1"": 2, ""2"": 0, ""3"": 1}"
623,5,632,0.6152691375021635,0.6732527720833943,0.7927215189873418,"{""0"": 0, ""1"": 1, ""2"": 2, ""3"": 3, ""4"": 4}"
623,6,632,0.8957085150429381,0.888482096067633,0.9572784810126582,"{""0"": 2, ""1"": 3, ""2"": 5, ""3"": 4, ""4"": 1, ""5"": 0}"
624,2,632,1.0,1.0,1.0,"{""0"": 1, ""1"": 0}"
624,3,632,0.9570895551124968,0.9293329662401705,0.9857594936708861,"{""0"": 2, ""1"": 1, ""2"": 0}"
624,4,632,0.9708142203509533,0.9561653039197697,0.9889240506329114,"{""0"": 2, ""1"": 1, ""2"": 3, ""3"": 0}"
624,5,632,0.6089644763504619,0.6713702489935204,0.8085443037974683,"{""0"": 1, ""1"": 2, ""2"": 3, ""3"": 4, ""4"": 0}"
624,6,632,0.5963054053352017,0.6664752179503972,0.7705696202531646,"{""0"": 3, ""1"": 2, ""2"": 1, ""3"": 4, ""4"": 0, ""5"": 5}"
625,2,632,0.9873617324240764,0.972242696739464,0.9968354430379747,"{""0"": 1, ""1"": 0}"
625,3,632,0.9779028367272903,0.959020018103928,0.9920886075949367,"{""0"": 0, ""1"": 1, ""2"": 2}"
625,4,632,0.967014730582118,0.96519769108133,0.9889240506329114,"{""0"": 0, ""1"": 1, ""2"": 3, ""3"": 2}"
625,5,632,0.6341197407075168,0.6831869403065973,0.7958860759493671,"{""0"": 3, ""1"": 0, ""2"": 1, ""3"": 2, ""4"": 4}"
625,6,632,0.936329169678746,0.9288399319684831,0.9715189873417721,"{""0"": 4, ""1"": 1, ""2"": 5, ""3"": 0, ""4"": 3, ""5"": 2}"
626,2,632,1.0,1.0,1.0,"{""0"": 0, ""1"": 1}"
626,3,632,0.9846491298759825,0.9675583084817329,0.9936708860759493,"{""0"": 2, ""1"": 0, ""2"": 1}"
626,4,632,0.9694758965024595,0.9567072430261734,0.9889240506329114,"{""0"": 0, ""1"": 1, ""2"": 3, ""3"": 2}"
626,5,632,0.6550425758095799,0.695518618595321,0.8069620253164557,"{""0"": 2, ""1"": 1, ""2"": 3, ""3"": 0, ""4"": 4}"
626,6,632,0.983345489806885,0.9760239938331676,0.9920886075949367,"{""0"": 2, ""1"": 3, ""2"": 1, ""3"": 0, ""4"": 5, ""5"": 4}"
627,2,632,0.9873611326622701,0.968982724699516,0.9968354430379747,"{""0"": 0, ""1"": 1}"
627,3,632,0.9733335496689146,0.9440649300204764,0.9889240506329114,"{""0"": 1, ""1"": 0, ""2"": 2}"
627,4,632,0.9952611248986666,0.992702896298445,0.9984177215189873,"{""0"": 1, ""1"": 2, ""2"": 0, ""3"": 3}"
627,5,632,0.6368525341989031,0.694982529948921,0.814873417721519,"{""0"": 3, ""1"": 0, ""2"": 2, ""3"": 1, ""4"": 4}"
627,6,632,0.5111706474760487,0.6486477061835303,0.6645569620253164,"{""0"": 4, ""1"": 2, ""2"": 3, ""3"": 5, ""4"": 0, ""5"": 1}"
628,2,632,0.9873618279998477,0.9722811651523068,0.9968354430379747,"{""0"": 0, ""1"": 1}"
628,3,632,0.9657775164887497,0.9390244187169343,0.9889240506329114,"{""0"": 1, ""1"": 0, ""2"": 2}"
628,4,632,0.926170112109999,0.9067358276830934,0.9731012658227848,"{""0"": 2, ""1"": 3, ""2"": 0, ""3"": 1}"
628,5,632,0.8986753784274778,0.8914271798510691,0.9604430379746836,"{""0"": 4, ""1"": 3, ""2"": 2, ""3"": 1, ""4"": 0}"
628,6,632,0.8751633326470983,0.8844865132348476,0.9493670886075949,"{""0"": 0, ""1"": 2, ""2"": 1, ""3"": 3, ""4"": 4, ""5"": 5}"
629,2,632,0.962325264756365,0.9317193939207375,0.990506329113924,"{""0"": 0, ""1"": 1}"
629,3,632,0.9569566486958565,0.9403584360979749,0.9873417721518988,"{""0"": 1, ""1"": 0, ""2"": 2}"
629,4,632,0.982025886068496,0.9729469234450225,0.9936708860759493,"{""0"": 0, ""1"": 2, ""2"": 1, ""3"": 3}"
629,5,632,0.9038077588794818,0.895954126895239,0.9620253164556962,"{""0"": 0, ""1"": 2, ""2"": 4, ""3"": 3, ""4"": 1}"
629,6,632,0.7134538762104541,0.7569567375374272,0.8623417721518988,"{""0"": 5, ""1"": 0, ""2"": 2, ""3"": 1, ""4"": 3, ""5"": 4}"
630,2,632,0.9936708779013222,0.9845510529189185,0.9984177215189873,"{""0"": 0, ""1"": 1}"
630,3,632,0.9865662953605955,0.9709076982734118,0.995253164556962,"{""0"": 0, ""1"": 2, ""2"": 1}"
630,4,632,0.9586186103947141,0.9491372287990716,0.9857594936708861,"{""0"": 1, ""1"": 0, ""2"": 2, ""3"": 3}"
630,5,632,0.6543482648899863,0.7008516301262016,0.814873417721519,"{""0"": 4, ""1"": 0, ""2"": 3, ""3"": 2, ""4"": 1}"
630,6,632,0.9236259017437634,0.9036313876505999,0.9620253164556962,"{""0"": 3, ""1"": 0, ""2"": 5, ""3"": 1, ""4"": 2, ""5"": 4}"
631,2,632,0.9936708857461121,0.9845650976704768,0.9984177215189873,"{""0"": 0, ""1"": 1}"
631,3,632,0.9740878471928422,0.9588742131212651,0.9920886075949367,"{""0"": 1, ""1"": 0, ""2"": 2}"
631,4,632,0.95157561263321,0.934562014125622,0.9825949367088608,"{""0"": 0, ""1"": 1, ""2"": 3, ""3"": 2}"
631,5,632,0.6564534916602226,0.7043304380648568,0.8275316455696202,"{""0"": 4, ""1"": 2, ""2"": 1, ""3"": 0, ""4"": 3}"
631,6,632,0.962501334092977,0.95703660837685,0.9857594936708861,"{""0"": 0, ""1"": 3, ""2"": 4, ""3"": 5, ""4"": 1, ""5"": 2}"
632,2,632,1.0,1.0,1.0,"{""0"": 1, ""1"": 0}"
632,3,632,0.7824486955163885,0.7864701275596924,0.9319620253164557,"{""0"": 1, ""1"": 2, ""2"": 0}"
632,4,632,0.9285279157959192,0.9210017701029762,0.9746835443037974,"{""0"": 3, ""1"": 0, ""2"": 2, ""3"": 1}"
632,5,632,0.8844935026322017,0.8773954830990697,0.9541139240506329,"{""0"": 3, ""1"": 4, ""2"": 1, ""3"": 2, ""4"": 0}"
632,6,632,0.8748202604185707,0.8807360915340043,0.9462025316455697,"{""0"": 3, ""1"": 1, ""2"": 2, ""3"": 4, ""4"": 5, ""5"": 0}"
633,2,632,0.9873616124373602,0.9722185821678141,0.9968354430379747,"{""0"": 0, ""1"": 1}"
633,3,632,0.9831679703389122,0.9745033797422773,0.995253164556962,"{""0"": 0, ""1"": 2, ""2"": 1}"
633,4,632,0.9653304809916458,0.9524005730338786,0.9873417721518988,"{""0"": 2, ""1"": 0, ""2"": 1, ""3"": 3}"
633,5,632,0.5968620040056676,0.6621520505482111,0.7800632911392406,"{""0"": 1, ""1"": 0, ""2"": 2, ""3"": 3, ""4"": 4}"
633,6,632,0.48515392478365865,0.6183732581284562,0.6471518987341772,"{""0"": 3, ""1"": 4, ""2"": 2, ""3"": 1, ""4"": 0, ""5"": 5}"
634,2,632,0.17776886602942946,0.23916264688450484,0.7120253164556962,"{""0"": 1, ""1"": 0}"
634,3,632,0.9327275211557803,0.8929760176515444,0.9762658227848101,"{""0"": 1, ""1"": 0, ""2"": 2}"
634,4,632,0.9425936554484703,0.9209160360875122,0.9778481012658228,"{""0"": 1, ""1"": 2, ""2"": 0, ""3"": 3}"
634,5,632,0.47438471624387657,0.6013909710242561,0.7278481012658228,"{""0"": 0, ""1"": 2, ""2"": 3, ""3"": 4, ""4"": 1}"
634,6,632,0.8502300761534878,0.8598970816967936,0.9367088607594937,"{""0"": 3, ""1"": 5, ""2"": 1, ""3"": 2, ""4"": 4, ""5"": 0}"
635,2,632,0.9873618317977748,0.9722863191620774,0.9968354430379747,"{""0"": 1, ""1"": 0}"
635,3,632,0.9721911279143692,0.9619317169315246,0.9920886075949367,"{""0"": 1, ""1"": 0, ""2"": 2}"
635,4,632,0.9652328014647863,0.9502165547830264,0.9873417721518988,"{""0"": 1, ""1"": 3, ""2"": 0, ""3"": 2}"
635,5,632,0.6183876880948352,0.682085416267402,0.7958860759493671,"{""0"": 4, ""1"": 2, ""2"": 3, ""3"": 0, ""4"": 1}"
635,6,632,0.4960989648158756,0.6210500205157239,0.6534810126582279,"{""0"": 5, ""1"": 3, ""2"": 0, ""3"": 2, ""4"": 4, ""5"": 1}"
636,2,632,0.9936708646186224,0.9845440179495617,0.9984177215189873,"{""0"": 1, ""1"": 0}"
636,3,632,0.9921922527407263,0.9811035462947627,0.9968354430379747,"{""0"": 1, ""1"": 0, ""2"": 2}"
636,4,632,0.9790059465964598,0.9678066113432097,0.9920886075949367,"{""0"": 3, ""1"": 2, ""2"": 1, ""3"": 0}"
636,5,632,0.8133496367551389,0.8243110643544317,0.9224683544303798,"{""0"": 1, ""1"": 4, ""2"": 3, ""3"": 0, ""4"": 2}"
636,6,632,0.5065523145541317,0.629679195326046,0.6566455696202531,"{""0"": 4, ""1"": 5, ""2"": 1, ""3"": 0, ""4"": 2, ""5"": 3}"
637,2,632,0.9936708090624575,0.9845275030323606,0.9984177215189873,"{""0"": 0, ""1"": 1}"
637,3,632,0.9795252724504565,0.965139701789096,0.9936708860759493,"{""0"": 0, ""1"": 2, ""2"": 1}"
637,4,632,0.9588256250466826,0.9509894383908584,0.9857594936708861,"{""0"": 2, ""1"": 0, ""2"": 1, ""3"": 3}"
637,5,632,0.6367898385718137,0.6836957581821074,0.8132911392405063,"{""0"": 2, ""1"": 1, ""2"": 3, ""3"": 4, ""4"": 0}"
637,6,632,0.7882446203479729,0.8087022554895068,0.9066455696202531,"{""0"": 5, ""1"": 2, ""2"": 1, ""3"": 0, ""4"": 4, ""5"": 3}"
638,2,632,0.9936703726559021,0.9844717776401705,0.9984177215189873,"{""0"": 0, ""1"": 1}"
638,3,632,0.7944274667791408,0.8052510916015725,0.9367088607594937,"{""0"": 0, ""1"": 2, ""2"": 1}"
638,4,632,0.9817080372724727,0.974205425831679,0.9936708860759493,"{""0"": 3, ""1"": 2, ""2"": 1, ""3"": 0}"
638,5,632,0.6230712348898698,0.6691717074597073,0.810126582278481,"{""0"": 2, ""1"": 1, ""2"": 4, ""3"": 3, ""4"": 0}"
638,6,632,0.7237379309524877,0.7527841122293687,0.8718354430379747,"{""0"": 2, ""1"": 0, ""2"": 1, ""3"": 3, ""4"": 4, ""5"": 5}"
639,2,632,0.17822172507108452,0.24925605874135287,0.7120253164556962,"{""0"": 0, ""1"": 1}"
639,3,632,0.9822737098423547,0.9639903996861078,0.9936708860759493,"{""0"": 1, ""1"": 0, ""2"": 2}"
639,4,632,0.9221077646890993,0.8991455905287532,0.9715189873417721,"{""0"": 2, ""1"": 3, ""2"": 0, ""3"": 1}"
639,5,632,0.5389968345245486,0.6159162747774328,0.759493670886076,"{""0"": 3, ""1"": 1, ""2"": 0, ""3"": 4, ""4"": 2}"
639,6,632,0.7915132859407144,0.8093681195068441,0.9082278481012658,"{""0"": 3, ""1"": 0, ""2"": 5, ""3"": 4, ""4"": 2, ""5"": 1}"
640,2,632,0.9685548875901989,0.9354223799236746,0.9920886075949367,"{""0"": 0, ""1"": 1}"
640,3,632,0.9830664094989765,0.9743549546911812,0.995253164556962,"{""0"": 1, ""1"": 2, ""2"": 0}"
640,4,632,0.9772438516613919,0.9655309132229293,0.9920886075949367,"{""0"": 0, ""1"": 2, ""2"": 1, ""3"": 3}"
640,5,632,0.7609527733007412,0.7886301330939812,0.9003164556962026,"{""0"": 4, ""1"": 2, ""2"": 0, ""3"": 3, ""4"": 1}"
640,6,632,0.8881647396723422,0.8809533723173718,0.9509493670886076,"{""0"": 4, ""1"": 2, ""2"": 0, ""3"": 5, ""4"": 3, ""5"": 1}"
641,2,632,1.0,1.0,1.0,"{""0"": 0, ""1"": 1}"
641,3,632,0.7591507167000174,0.7775712560521945,0.9240506329113924,"{""0"": 2, ""1"": 1, ""2"": 0}"
641,4,632,0.9904762103445447,0.9870929581500993,0.9968354430379747,"{""0"": 0, ""1"": 1, ""2"": 3, ""3"": 2}"
641,5,632,0.6681152600442382,0.7109310756913685,0.8338607594936709,"{""0"": 4, ""1"": 0, ""2"": 1, ""3"": 3, ""4"": 2}"
641,6,632,0.9507087991303428,0.9486869362330413,0.9810126582278481,"{""0"": 3, ""1"": 0, ""2"": 5, ""3"": 4, ""4"": 1, ""5"": 2}"
642,2,632,0.9936708844547795,0.9845572768755257,0.9984177215189873,"{""0"": 0, ""1"": 1}"
642,3,632,0.7821058765929312,0.7847063024359489,0.930379746835443,"{""0"": 0, ""1"": 1, ""2"": 2}"
642,4,632,0.9545567252174324,0.9475026373509142,0.9841772151898734,"{""0"": 3, ""1"": 0, ""2"": 1, ""3"": 2}"
642,5,632,0.642801879662797,0.693005875805912,0.8164556962025317,"{""0"": 0, ""1"": 4, ""2"": 1, ""3"": 3, ""4"": 2}"
642,6,632,0.7444325719662933,0.7892641657333589,0.884493670886076,"{""0"": 0, ""1"": 3, ""2"": 1, ""3"": 4, ""4"": 5, ""5"": 2}"
643,2,632,0.9936708722291195,0.9845476369840697,0.9984177215189873,"{""0"": 0, ""1"": 1}"
643,3,632,0.7726452855762316,0.7778933596635609,0.9272151898734177,"{""0"": 2, ""1"": 1, ""2"": 0}"
643,4,632,0.9818568820360019,0.9728642970697116,0.9936708860759493,"{""0"": 2, ""1"": 3, ""2"": 0, ""3"": 1}"
643,5,632,0.7378128290103089,0.7870314616770769,0.884493670886076,"{""0"": 2, ""1"": 4, ""2"": 3, ""3"": 1, ""4"": 0}"
643,6,632,0.5021649393118981,0.6162327033549629,0.6566455696202531,"{""0"": 2, ""1"": 4, ""2"": 1, ""3"": 5, ""4"": 3, ""5"": 0}"
644,2,632,1.0,1.0,1.0,"{""0"": 1, ""1"": 0}"
644,3,632,0.8143760161396891,0.809077906825532,0.9414556962025317,"{""0"": 2, ""1"": 1, ""2"": 0}"
644,4,632,0.9179551904503113,0.9000854985329162,0.9699367088607594,"{""0"": 1, ""1"": 0, ""2"": 2, ""3"": 3}"
644,5,632,0.7544078474854597,0.7854178294892761,0.8939873417721519,"{""0"": 0, ""1"": 1, ""2"": 3, ""3"": 4, ""4"": 2}"
644,6,632,0.516386770975438,0.62960633367107,0.6756329113924051,"{""0"": 2, ""1"": 1, ""2"": 5, ""3"": 4, ""4"": 0, ""5"": 3}"
645,2,632,1.0,1.0,1.0,"{""0"": 1, ""1"": 0}"
645,3,632,0.9871867832571611,0.9730639251528878,0.995253164556962,"{""0"": 1, ""1"": 0, ""2"": 2}"
645,4,632,0.9808819765361155,0.9773307306846987,0.9936708860759493,"{""0"": 0, ""1"": 2, ""2"": 3, ""3"": 1}"
645,5,632,0.8849531028489735,0.8803174067037192,0.9541139240506329,"{""0"": 4, ""1"": 0, ""2"": 2, ""3"": 3, ""4"": 1}"
645,6,632,0.551965873095867,0.6699684541627472,0.6962025316455697,"{""0"": 5, ""1"": 0, ""2"": 3, ""3"": 1, ""4"": 2, ""5"": 4}"
646,2,632,0.9873617816565615,0.9722569607566607,0.9968354430379747,"{""0"": 1, ""1"": 0}"
646,3,632,0.9808454906122341,0.9617460872174566,0.9920886075949367,"{""0"": 1, ""1"": 0, ""2"": 2}"
646,4,632,0.9593004330543708,0.9456768977707344,0.9841772151898734,"{""0"": 3, ""1"": 1, ""2"": 0, ""3"": 2}"
646,5,632,0.6218216129231515,0.6846461479475443,0.8117088607594937,"{""0"": 4, ""1"": 0, ""2"": 1, ""3"": 2, ""4"": 3}"
646,6,632,0.5041315977734098,0.6198560571429084,0.6645569620253164,"{""0"": 2, ""1"": 4, ""2"": 3, ""3"": 5, ""4"": 0, ""5"": 1}"
647,2,632,1.0,1.0,1.0,"{""0"": 1, ""1"": 0}"
647,3,632,0.9906227027361337,0.9806886232100086,0.9968354430379747,"{""0"": 1, ""1"": 2, ""2"": 0}"
647,4,632,0.9545034746706604,0.9442816354559881,0.9841772151898734,"{""0"": 1, ""1"": 0, ""2"": 3, ""3"": 2}"
647,5,632,0.8744353999261903,0.870254765738877,0.9493670886075949,"{""0"": 1, ""1"": 3, ""2"": 2, ""3"": 0, ""4"": 4}"
647,6,632,0.6804806678665462,0.7428291341049968,0.8417721518987342,"{""0"": 5, ""1"": 3, ""2"": 0, ""3"": 4, ""4"": 2, ""5"": 1}"
648,2,632,1.0,1.0,1.0,"{""0"": 1, ""1"": 0}"
648,3,632,0.7673754846510068,0.7861357798334463,0.9272151898734177,"{""0"": 1, ""1"": 0, ""2"": 2}"
648,4,632,0.9780679307084913,0.9682029314092181,0.9920886075949367,"{""0"": 1, ""1"": 3, ""2"": 0, ""3"": 2}"
648,5,632,0.7244863025214098,0.7456382453929321,0.8670886075949367,"{""0"": 2, ""1"": 0, ""2"": 3, ""3"": 1, ""4"": 4}"
648,6,632,0.8042498675562247,0.8258976509645122,0.9113924050632911,"{""0"": 4, ""1"": 2, ""2"": 5, ""3"": 1, ""4"": 3, ""5"": 0}"
649,2,632,0.9253745928191195,0.882723879893392,0.9810126582278481,"{""0"": 1, ""1"": 0}"
649,3,632,0.77734594776622,0.7702130946693013,0.9287974683544303,"{""0"": 1, ""1"": 0, ""2"": 2}"
649,4,632,0.9402686982617471,0.9109474775344643,0.9762658227848101,"{""0"": 0, ""1"": 2, ""2"": 1, ""3"": 3}"
649,5,632,0.9277919300168677,0.9133569181951577,0.9715189873417721,"{""0"": 3, ""1"": 2, ""2"": 0, ""3"": 1, ""4"": 4}"
649,6,632,0.4474939555975008,0.5601538638269765,0.6439873417721519,"{""0"": 2, ""1"": 5, ""2"": 0, ""3"": 1, ""4"": 4, ""5"": 3}"
650,2,632,1.0,1.0,1.0,"{""0"": 0, ""1"": 1}"
650,3,632,0.9868795894189968,0.9732147455814535,0.995253164556962,"{""0"": 1, ""1"": 0, ""2"": 2}"
650,4,632,0.9811303672394724,0.9748483962951704,0.9936708860759493,"{""0"": 2, ""1"": 0, ""2"": 1, ""3"": 3}"
650,5,632,0.4656478545589867,0.5866170025834051,0.7025316455696202,"{""0"": 1, ""1"": 0, ""2"": 3, ""3"": 2, ""4"": 4}"
650,6,632,0.9330508623803581,0.928751177269447,0.9699367088607594,"{""0"": 2, ""1"": 0, ""2"": 3, ""3"": 5, ""4"": 1, ""5"": 4}"
651,2,632,0.981072838990354,0.9568773863645855,0.995253164556962,"{""0"": 0, ""1"": 1}"
651,3,632,0.986465209707965,0.9712503991647451,0.995253164556962,"{""0"": 1, ""1"": 2, ""2"": 0}"
651,4,632,0.9953445260605447,0.9928245151218614,0.9984177215189873,"{""0"": 2, ""1"": 0, ""2"": 3, ""3"": 1}"
651,5,632,0.6926077162332787,0.7342495351963242,0.8465189873417721,"{""0"": 2, ""1"": 4, ""2"": 1, ""3"": 0, ""4"": 3}"
651,6,632,0.7950389001533015,0.8121841083434139,0.9098101265822784,"{""0"": 4, ""1"": 5, ""2"": 2, ""3"": 0, ""4"": 1, ""5"": 3}"
652,2,632,0.9936708818950358,0.9845542661058769,0.9984177215189873,"{""0"": 0, ""1"": 1}"
652,3,632,0.9684093977605678,0.9522077919345276,0.990506329113924,"{""0"": 2, ""1"": 0, ""2"": 1}"
652,4,632,0.9239878125321287,0.9091556520384805,0.9731012658227848,"{""0"": 2, ""1"": 3, ""2"": 1, ""3"": 0}"
652,5,632,0.7511200796041654,0.7759863148079797,0.8955696202531646,"{""0"": 2, ""1"": 4, ""2"": 3, ""3"": 0, ""4"": 1}"
652,6,632,0.7109135593187402,0.7566815035620216,0.8718354430379747,"{""0"": 3, ""1"": 0, ""2"": 2, ""3"": 4, ""4"": 5, ""5"": 1}"
653,2,632,0.1600696729664051,0.235449703429992,0.7009493670886076,"{""0"": 1, ""1"": 0}"
653,3,632,0.9795521427956575,0.9654603278662839,0.9936708860759493,"{""0"": 1, ""1"": 0, ""2"": 2}"
653,4,632,0.9772234248918212,0.9680412965327061,0.9920886075949367,"{""0"": 1, ""1"": 3, ""2"": 0, ""3"": 2}"
653,5,632,0.9254807503880473,0.9173136845332139,0.9715189873417721,"{""0"": 2, ""1"": 1, ""2"": 4, ""3"": 0, ""4"": 3}"
653,6,632,0.5153638725349026,0.6343234897629766,0.6645569620253164,"{""0"": 2, ""1"": 1, ""2"": 0, ""3"": 3, ""4"": 5, ""5"": 4}"
654,2,632,0.9873618317024134,0.9722996367512691,0.9968354430379747,"{""0"": 1, ""1"": 0}"
654,3,632,0.9832439994630845,0.9748131562846261,0.995253164556962,"{""0"": 1, ""1"": 2, ""2"": 0}"
654,4,632,0.960234561784424,0.9461553908576329,0.9857594936708861,"{""0"": 1, ""1"": 2, ""2"": 0, ""3"": 3}"
654,5,632,0.6037624623905286,0.6722800829733464,0.7737341772151899,"{""0"": 4, ""1"": 0, ""2"": 2, ""3"": 1, ""4"": 3}"
654,6,632,0.9245858533253616,0.9257889354424953,0.9699367088607594,"{""0"": 3, ""1"": 5, ""2"": 1, ""3"": 4, ""4"": 2, ""5"": 0}"
655,2,632,0.9936708844547795,0.9845572768755257,0.9984177215189873,"{""0"": 0, ""1"": 1}"
655,3,632,0.9740210075192004,0.9587627682869589,0.9920886075949367,"{""0"": 0, ""1"": 1, ""2"": 2}"
655,4,632,0.9235398984089717,0.9191461128874063,0.9731012658227848,"{""0"": 1, ""1"": 3, ""2"": 0, ""3"": 2}"
655,5,632,0.7805069221613221,0.7962056857968233,0.9066455696202531,"{""0"": 0, ""1"": 4, ""2"": 2, ""3"": 3, ""4"": 1}"
655,6,632,0.7956182394794361,0.8276010991287415,0.9098101265822784,"{""0"": 0, ""1"": 4, ""2"": 5, ""3"": 1, ""4"": 2, ""5"": 3}"
656,2,632,0.974803891811421,0.9508911740936524,0.9936708860759493,"{""0"": 1, ""1"": 0}"
656,3,632,0.9716371747689407,0.9485798692868888,0.990506329113924,"{""0"": 1, ""1"": 2, ""2"": 0}"
656,4,632,0.9661018466446868,0.950334433434609,0.9873417721518988,"{""0"": 1, ""1"": 2, ""2"": 0, ""3"": 3}"
656,5,632,0.6977437274143962,0.7341505604564358,0.8496835443037974,"{""0"": 4, ""1"": 1, ""2"": 2, ""3"": 0, ""4"": 3}"
656,6,632,0.505822546404584,0.6194921828363475,0.6566455696202531,"{""0"": 2, ""1"": 1, ""2"": 4, ""3"": 5, ""4"": 0, ""5"": 3}"
657,2,632,0.9936708722291195,0.9845476369840697,0.9984177215189873,"{""0"": 0, ""1"": 1}"
657,3,632,0.9789662619731755,0.9539980674600598,0.9920886075949367,"{""0"": 1, ""1"": 2, ""2"": 0}"
657,4,632,0.971890962464959,0.9658344943690899,0.990506329113924,"{""0"": 2, ""1"": 1, ""2"": 0, ""3"": 3}"
657,5,632,0.8976115061805108,0.8852869871830485,0.9588607594936709,"{""0"": 2, ""1"": 3, ""2"": 0, ""3"": 4, ""4"": 1}"
657,6,632,0.6259012003238987,0.6858641026903495,0.7863924050632911,"{""0"": 3, ""1"": 1, ""2"": 4, ""3"": 5, ""4"": 0, ""5"": 2}"
658,2,632,0.974803891811421,0.9508911740936524,0.9936708860759493,"{""0"": 1, ""1"": 0}"
658,3,632,1.0,1.0,1.0,"{""0"": 1, ""1"": 0, ""2"": 2}"
658,4,632,0.9585494913405267,0.9492684742127332,0.9857594936708861,"{""0"": 0, ""1"": 1, ""2"": 2, ""3"": 3}"
658,5,632,0.672162036922544,0.7153931033158211,0.8481012658227848,"{""0"": 4, ""1"": 1, ""2"": 0, ""3"": 3, ""4"": 2}"
658,6,632,0.9344397065874348,0.9354135666218537,0.9746835443037974,"{""0"": 2, ""1"": 0, ""2"": 3, ""3"": 5, ""4"": 1, ""5"": 4}"
659,2,632,1.0,1.0,1.0,"{""0"": 1, ""1"": 0}"
659,3,632,1.0,1.0,1.0,"{""0"": 0, ""1"": 1, ""2"": 2}"
659,4,632,0.9633147075362388,0.9582462492606785,0.9873417721518988,"{""0"": 2, ""1"": 3, ""2"": 0, ""3"": 1}"
659,5,632,0.9261282117610072,0.9131111662033679,0.9715189873417721,"{""0"": 0, ""1"": 1, ""2"": 3, ""3"": 4, ""4"": 2}"
659,6,632,0.6091378582011732,0.7077474874682218,0.7958860759493671,"{""0"": 3, ""1"": 5, ""2"": 0, ""3"": 2, ""4"": 4, ""5"": 1}"
660,2,632,0.9936708844547795,0.9845572768755257,0.9984177215189873,"{""0"": 1, ""1"": 0}"
660,3,632,0.9866948225423826,0.973376517200628,0.995253164556962,"{""0"": 0, ""1"": 2, ""2"": 1}"
660,4,632,0.9549420264137886,0.9458982149232472,0.9841772151898734,"{""0"": 2, ""1"": 3, ""2"": 0, ""3"": 1}"
660,5,632,0.9014243495031965,0.8906886659871956,0.9604430379746836,"{""0"": 0, ""1"": 2, ""2"": 1, ""3"": 3, ""4"": 4}"
660,6,632,0.5278852128267804,0.6295938278023285,0.6772151898734177,"{""0"": 1, ""1"": 2, ""2"": 3, ""3"": 0, ""4"": 5, ""5"": 4}"
661,2,632,0.9873617989221709,0.9722635513107766,0.9968354430379747,"{""0"": 1, ""1"": 0}"
661,3,632,0.9794894260776358,0.9654226877781047,0.9936708860759493,"{""0"": 0, ""1"": 1, ""2"": 2}"
661,4,632,0.9038603834180866,0.8910003798059893,0.9651898734177216,"{""0"": 1, ""1"": 2, ""2"": 0, ""3"": 3}"
661,5,632,0.6194696156118854,0.6683074185825085,0.7990506329113924,"{""0"": 4, ""1"": 3, ""2"": 2, ""3"": 0, ""4"": 1}"
661,6,632,0.7652169052123686,0.8082890216027607,0.8971518987341772,"{""0"": 1, ""1"": 5, ""2"": 3, ""3"": 0, ""4"": 4, ""5"": 2}"
662,2,632,0.9685549011051156,0.941118872526074,0.9920886075949367,"{""0"": 1, ""1"": 0}"
662,3,632,0.747153565686743,0.752977402785166,0.9177215189873418,"{""0"": 1, ""1"": 0, ""2"": 2}"
662,4,632,0.9281984884443027,0.9112407065022147,0.9731012658227848,"{""0"": 2, ""1"": 1, ""2"": 0, ""3"": 3}"
662,5,632,0.8872901288420659,0.8784002276700023,0.9556962025316456,"{""0"": 2, ""1"": 3, ""2"": 1, ""3"": 0, ""4"": 4}"
662,6,632,0.6640991748424415,0.7223125050568998,0.8386075949367089,"{""0"": 4, ""1"": 3, ""2"": 5, ""3"": 1, ""4"": 2, ""5"": 0}"
663,2,632,0.1694267768108065,0.24446338079689242,0.7072784810126582,"{""0"": 1, ""1"": 0}"
663,3,632,0.9766966275790363,0.9505428733609228,0.990506329113924,"{""0"": 1, ""1"": 2, ""2"": 0}"
663,4,632,0.940725338993654,0.9167279391186942,0.9778481012658228,"{""0"": 3, ""1"": 2, ""2"": 0, ""3"": 1}"
663,5,632,0.6575823745711221,0.705618060791909,0.8259493670886076,"{""0"": 4, ""1"": 0, ""2"": 3, ""3"": 2, ""4"": 1}"
663,6,632,0.939381386301049,0.9341347885491181,0.9746835443037974,"{""0"": 5, ""1"": 2, ""2"": 4, ""3"": 0, ""4"": 1, ""5"": 3}"
664,2,632,0.9685550313817353,0.9412257894042326,0.9920886075949367,"{""0"": 1, ""1"": 0}"
664,3,632,0.9645609310475405,0.937838289463155,0.9873417721518988,"{""0"": 2, ""1"": 0, ""2"": 1}"
664,4,632,0.9393864250058296,0.9267704302770781,0.9778481012658228,"{""0"": 0, ""1"": 2, ""2"": 1, ""3"": 3}"
664,5,632,0.8206133809093247,0.8229577616146069,0.9272151898734177,"{""0"": 0, ""1"": 2, ""2"": 1, ""3"": 4, ""4"": 3}"
664,6,632,0.855973935374214,0.8709602244778375,0.9430379746835443,"{""0"": 5, ""1"": 3, ""2"": 4, ""3"": 0, ""4"": 1, ""5"": 2}"
665,2,632,0.9873617596889012,0.9722500094707324,0.9968354430379747,"{""0"": 1, ""1"": 0}"
665,3,632,0.9813296413021985,0.9653342282368487,0.9936708860759493,"{""0"": 1, ""1"": 2, ""2"": 0}"
665,4,632,0.9582743462167058,0.9491942270265347,0.9857594936708861,"{""0"": 1, ""1"": 0, ""2"": 3, ""3"": 2}"
665,5,632,0.6420643701915902,0.6912890773151765,0.8306962025316456,"{""0"": 3, ""1"": 2, ""2"": 0, ""3"": 1, ""4"": 4}"
665,6,632,0.5549356260785033,0.6663828167944054,0.6977848101265823,"{""0"": 1, ""1"": 4, ""2"": 5, ""3"": 0, ""4"": 3, ""5"": 2}"
666,2,632,0.13855596326171665,0.21910323558479983,0.6867088607594937,"{""0"": 0, ""1"": 1}"
666,3,632,0.7896081736529978,0.79567793674515,0.9335443037974683,"{""0"": 1, ""1"": 2, ""2"": 0}"
666,4,632,0.9640755744867111,0.95538072254022,0.9873417721518988,"{""0"": 3, ""1"": 1, ""2"": 2, ""3"": 0}"
666,5,632,0.9166495517359987,0.9100015171370964,0.9667721518987342,"{""0"": 3, ""1"": 1, ""2"": 0, ""3"": 2, ""4"": 4}"
666,6,632,0.5080806891971034,0.6303474831429758,0.6566455696202531,"{""0"": 4, ""1"": 0, ""2"": 5, ""3"": 3, ""4"": 2, ""5"": 1}"
667,2,632,0.15003532518660634,0.22016776429058627,0.694620253164557,"{""0"": 0, ""1"": 1}"
667,3,632,0.7973651215281906,0.8001727356482633,0.9367088607594937,"{""0"": 1, ""1"": 2, ""2"": 0}"
667,4,632,0.9679405559279582,0.9591651815850397,0.9889240506329114,"{""0"": 0, ""1"": 1, ""2"": 2, ""3"": 3}"
667,5,632,0.682367741049183,0.7335413214970715,0.8465189873417721,"{""0"": 2, ""1"": 4, ""2"": 1, ""3"": 0, ""4"": 3}"
667,6,632,0.5279972823210013,0.6292002418093097,0.689873417721519,"{""0"": 0, ""1"": 5, ""2"": 1, ""3"": 2, ""4"": 3, ""5"": 4}"
668,2,632,0.9936708424670813,0.9845361690679575,0.9984177215189873,"{""0"": 0, ""1"": 1}"
668,3,632,0.9698350047033767,0.9490595254463445,0.990506329113924,"{""0"": 0, ""1"": 2, ""2"": 1}"
668,4,632,0.984369339341892,0.9737170405650463,0.9936708860759493,"{""0"": 3, ""1"": 0, ""2"": 1, ""3"": 2}"
668,5,632,0.9411553426602085,0.9248825415252389,0.9762658227848101,"{""0"": 2, ""1"": 3, ""2"": 1, ""3"": 0, ""4"": 4}"
668,6,632,0.5394443636633851,0.6507900986684619,0.6962025316455697,"{""0"": 0, ""1"": 3, ""2"": 2, ""3"": 5, ""4"": 1, ""5"": 4}"
669,2,632,1.0,1.0,1.0,"{""0"": 1, ""1"": 0}"
669,3,632,0.9864889617157254,0.9711200671121163,0.995253164556962,"{""0"": 1, ""1"": 2, ""2"": 0}"
669,4,632,0.9823831531093551,0.973148299400944,0.9936708860759493,"{""0"": 1, ""1"": 0, ""2"": 2, ""3"": 3}"
669,5,632,0.44473155569496053,0.5628664359184452,0.6439873417721519,"{""0"": 1, ""1"": 2, ""2"": 4, ""3"": 0, ""4"": 3}"
669,6,632,0.9318336982031242,0.9172240574990612,0.9667721518987342,"{""0"": 2, ""1"": 3, ""2"": 0, ""3"": 4, ""4"": 1, ""5"": 5}"
670,2,632,0.9936708861740091,0.9845626923798214,0.9984177215189873,"{""0"": 0, ""1"": 1}"
670,3,632,0.96651968990545,0.9454063630639866,0.9889240506329114,"{""0"": 2, ""1"": 0, ""2"": 1}"
670,4,632,0.9142770512528965,0.891223331467737,0.9683544303797469,"{""0"": 3, ""1"": 2, ""2"": 0, ""3"": 1}"
670,5,632,0.7580591713239944,0.7938348969717993,0.8955696202531646,"{""0"": 2, ""1"": 3, ""2"": 4, ""3"": 0, ""4"": 1}"
670,6,632,0.8793027711234717,0.8790616625839366,0.9477848101265823,"{""0"": 2, ""1"": 4, ""2"": 1, ""3"": 5, ""4"": 0, ""5"": 3}"
671,2,632,0.1673731182890068,0.24596331184322712,0.7056962025316456,"{""0"": 0, ""1"": 1}"
671,3,632,0.9445886399024999,0.9174999532704692,0.9810126582278481,"{""0"": 2, ""1"": 0, ""2"": 1}"
671,4,632,0.9311376847683206,0.91215321473279,0.9746835443037974,"{""0"": 2, ""1"": 1, ""2"": 3, ""3"": 0}"
671,5,632,0.6350592552518172,0.718580287453331,0.8322784810126582,"{""0"": 2, ""1"": 4, ""2"": 3, ""3"": 0, ""4"": 1}"
671,6,632,0.9102091071110973,0.8947093212492381,0.9572784810126582,"{""0"": 2, ""1"": 5, ""2"": 4, ""3"": 3, ""4"": 1, ""5"": 0}"
672,2,632,0.9685550476804728,0.9411919272970658,0.9920886075949367,"{""0"": 0, ""1"": 1}"
672,3,632,0.8271255928028317,0.8260667086850909,0.9462025316455697,"{""0"": 0, ""1"": 2, ""2"": 1}"
672,4,632,0.9598732648818844,0.9467583191071154,0.9857594936708861,"{""0"": 2, ""1"": 0, ""2"": 1, ""3"": 3}"
672,5,632,0.7147815983232989,0.7418375066622105,0.8718354430379747,"{""0"": 2, ""1"": 1, ""2"": 0, ""3"": 3, ""4"": 4}"
672,6,632,0.4399884600417256,0.5524377666972901,0.6107594936708861,"{""0"": 1, ""1"": 2, ""2"": 3, ""3"": 0, ""4"": 4, ""5"": 5}"
673,2,632,0.9873618279998477,0.9722811651523068,0.9968354430379747,"{""0"": 0, ""1"": 1}"
673,3,632,0.7829365769812027,0.7884289379673955,0.9319620253164557,"{""0"": 0, ""1"": 1, ""2"": 2}"
673,4,632,0.968163907077321,0.9655694491396603,0.9889240506329114,"{""0"": 1, ""1"": 2, ""2"": 3, ""3"": 0}"
673,5,632,0.6462498547463543,0.714378979645525,0.8401898734177216,"{""0"": 3, ""1"": 4, ""2"": 2, ""3"": 1, ""4"": 0}"
673,6,632,0.4899579611466361,0.6134981680141287,0.6487341772151899,"{""0"": 0, ""1"": 3, ""2"": 5, ""3"": 4, ""4"": 1, ""5"": 2}"
674,2,632,0.14757361213969994,0.22450989367016774,0.6930379746835443,"{""0"": 0, ""1"": 1}"
674,3,632,0.7646388707807832,0.7810358793341655,0.9256329113924051,"{""0"": 1, ""1"": 2, ""2"": 0}"
674,4,632,0.9783233333201995,0.9636874765334944,0.990506329113924,"{""0"": 2, ""1"": 0, ""2"": 1, ""3"": 3}"
674,5,632,0.6243367198703742,0.6833241642686877,0.7943037974683544,"{""0"": 1, ""1"": 2, ""2"": 0, ""3"": 3, ""4"": 4}"
674,6,632,0.5413146954433158,0.6419963298006068,0.6914556962025317,"{""0"": 0, ""1"": 3, ""2"": 1, ""3"": 5, ""4"": 2, ""5"": 4}"
675,2,632,0.9936708818950358,0.9845542661058769,0.9984177215189873,"{""0"": 1, ""1"": 0}"
675,3,632,0.9868590456310189,0.9733317323074036,0.995253164556962,"{""0"": 0, ""1"": 1, ""2"": 2}"
675,4,632,0.9601200714072057,0.9549216174094114,0.9857594936708861,"{""0"": 2, ""1"": 3, ""2"": 0, ""3"": 1}"
675,5,632,0.6268291094086647,0.6918680874778722,0.8069620253164557,"{""0"": 1, ""1"": 0, ""2"": 4, ""3"": 3, ""4"": 2}"
675,6,632,0.7995819313168264,0.8118375812297824,0.9113924050632911,"{""0"": 4, ""1"": 3, ""2"": 0, ""3"": 1, ""4"": 5, ""5"": 2}"
676,2,632,0.16697266807223324,0.23569839245275157,0.7056962025316456,"{""0"": 1, ""1"": 0}"
676,3,632,0.8081153644285857,0.8255206186122644,0.9414556962025317,"{""0"": 2, ""1"": 1, ""2"": 0}"
676,4,632,0.9588863457687863,0.9512493333544193,0.9857594936708861,"{""0"": 0, ""1"": 1, ""2"": 2, ""3"": 3}"
676,5,632,0.6824022872877914,0.7295070346394792,0.8401898734177216,"{""0"": 2, ""1"": 0, ""2"": 1, ""3"": 3, ""4"": 4}"
676,6,632,0.9876420137761128,0.9842772632072359,0.995253164556962,"{""0"": 5, ""1"": 2, ""2"": 3, ""3"": 0, ""4"": 4, ""5"": 1}"
677,2,632,0.9936707873282496,0.9845228624743079,0.9984177215189873,"{""0"": 0, ""1"": 1}"
677,3,632,0.7659976638620892,0.7563065632070799,0.9224683544303798,"{""0"": 1, ""1"": 0, ""2"": 2}"
677,4,632,0.9127002194962057,0.8873733553836912,0.9651898734177216,"{""0"": 0, ""1"": 3, ""2"": 1, ""3"": 2}"
677,5,632,0.9101091461432025,0.9010174483595523,0.9636075949367089,"{""0"": 0, ""1"": 4, ""2"": 1, ""3"": 3, ""4"": 2}"
677,6,632,0.8542527275788482,0.8586280736842321,0.935126582278481,"{""0"": 3, ""1"": 0, ""2"": 5, ""3"": 4, ""4"": 1, ""5"": 2}"
678,2,632,0.9873618317977748,0.9722863191620774,0.9968354430379747,"{""0"": 1, ""1"": 0}"
678,3,632,0.7913505767094315,0.7984218518571482,0.935126582278481,"{""0"": 1, ""1"": 0, ""2"": 2}"
678,4,632,0.9183647221503273,0.8990252593360677,0.9699367088607594,"{""0"": 1, ""1"": 3, ""2"": 2, ""3"": 0}"
678,5,632,0.8772939972812669,0.8669421243021507,0.9509493670886076,"{""0"": 0, ""1"": 3, ""2"": 1, ""3"": 2, ""4"": 4}"
678,6,632,0.5003804026570676,0.6198941646802294,0.6645569620253164,"{""0"": 0, ""1"": 2, ""2"": 4, ""3"": 1, ""4"": 3, ""5"": 5}"
679,2,632,0.9873618291123978,0.9723033626436738,0.9968354430379747,"{""0"": 1, ""1"": 0}"
679,3,632,0.9669257849116716,0.9456176882662382,0.9889240506329114,"{""0"": 0, ""1"": 2, ""2"": 1}"
679,4,632,0.923298111217672,0.9133282679637927,0.9731012658227848,"{""0"": 1, ""1"": 0, ""2"": 3, ""3"": 2}"
679,5,632,0.8537262301624482,0.8571249139058593,0.9414556962025317,"{""0"": 3, ""1"": 0, ""2"": 1, ""3"": 2, ""4"": 4}"
679,6,632,0.8826626630464184,0.8794052168856731,0.944620253164557,"{""0"": 5, ""1"": 1, ""2"": 3, ""3"": 0, ""4"": 4, ""5"": 2}"
680,2,632,1.0,1.0,1.0,"{""0"": 1, ""1"": 0}"
680,3,632,0.9791273124924295,0.9571756343246156,0.9920886075949367,"{""0"": 0, ""1"": 2, ""2"": 1}"
680,4,632,0.9671429444560677,0.9481672550124186,0.9857594936708861,"{""0"": 1, ""1"": 0, ""2"": 3, ""3"": 2}"
680,5,632,0.6290168484499469,0.7070870915179351,0.8259493670886076,"{""0"": 1, ""1"": 0, ""2"": 2, ""3"": 3, ""4"": 4}"
680,6,632,0.900344414405194,0.8843262732737966,0.9525316455696202,"{""0"": 2, ""1"": 5, ""2"": 0, ""3"": 1, ""4"": 4, ""5"": 3}"
681,2,632,0.9810728426540346,0.9612196120293154,0.995253164556962,"{""0"": 1, ""1"": 0}"
681,3,632,0.9739313588184837,0.9587219058389892,0.9920886075949367,"{""0"": 1, ""1"": 0, ""2"": 2}"
681,4,632,0.9680855201372551,0.9590609402071163,0.9889240506329114,"{""0"": 2, ""1"": 3, ""2"": 0, ""3"": 1}"
681,5,632,0.5234664178003823,0.5905111584203508,0.7373417721518988,"{""0"": 1, ""1"": 2, ""2"": 3, ""3"": 4, ""4"": 0}"
681,6,632,0.9006525913229585,0.8938882874609595,0.9556962025316456,"{""0"": 4, ""1"": 2, ""2"": 1, ""3"": 3, ""4"": 0, ""5"": 5}"
682,2,632,0.9623260409899469,0.9318371042014291,0.990506329113924,"{""0"": 1, ""1"": 0}"
682,3,632,0.9902557401334153,0.9804964258809362,0.9968354430379747,"{""0"": 1, ""1"": 2, ""2"": 0}"
682,4,632,0.9550343124685305,0.951369442973868,0.9841772151898734,"{""0"": 2, ""1"": 0, ""2"": 1, ""3"": 3}"
682,5,632,0.6503271371652881,0.6949817014395386,0.8306962025316456,"{""0"": 4, ""1"": 0, ""2"": 2, ""3"": 3, ""4"": 1}"
682,6,632,0.4969657462005443,0.6234132656686016,0.6518987341772152,"{""0"": 4, ""1"": 2, ""2"": 3, ""3"": 5, ""4"": 0, ""5"": 1}"
683,2,632,0.14944332420842596,0.2154437845878024,0.694620253164557,"{""0"": 1, ""1"": 0}"
683,3,632,0.9943648120621144,0.9898294261096886,0.9984177215189873,"{""0"": 2, ""1"": 1, ""2"": 0}"
683,4,632,0.9525735398255092,0.9365013803829609,0.9825949367088608,"{""0"": 3, ""1"": 1, ""2"": 0, ""3"": 2}"
683,5,632,0.6606697973278924,0.6972306011768923,0.8401898734177216,"{""0"": 0, ""1"": 4, ""2"": 3, ""3"": 2, ""4"": 1}"
683,6,632,0.8775439422719886,0.8899836002901153,0.9462025316455697,"{""0"": 5, ""1"": 2, ""2"": 4, ""3"": 3, ""4"": 0, ""5"": 1}"
684,2,632,0.9936708814671382,0.9845711065944318,0.9984177215189873,"{""0"": 0, ""1"": 1}"
684,3,632,0.9736132020940963,0.9587962753898726,0.9920886075949367,"{""0"": 1, ""1"": 0, ""2"": 2}"
684,4,632,0.950394765450881,0.9391117329124031,0.9825949367088608,"{""0"": 3, ""1"": 2, ""2"": 1, ""3"": 0}"
684,5,632,0.6610938832320699,0.7066988762983734,0.8306962025316456,"{""0"": 0, ""1"": 4, ""2"": 2, ""3"": 1, ""4"": 3}"
684,6,632,0.9637881286960014,0.9589535235763715,0.9857594936708861,"{""0"": 2, ""1"": 4, ""2"": 1, ""3"": 5, ""4"": 0, ""5"": 3}"
685,2,632,0.9873618317977748,0.9722863191620774,0.9968354430379747,"{""0"": 1, ""1"": 0}"
685,3,632,0.9739549873227796,0.9587827889596371,0.9920886075949367,"{""0"": 1, ""1"": 2, ""2"": 0}"
685,4,632,0.9586266524541909,0.9511267255347636,0.9857594936708861,"{""0"": 2, ""1"": 3, ""2"": 0, ""3"": 1}"
685,5,632,0.7236210059303899,0.7612763944323956,0.875,"{""0"": 3, ""1"": 0, ""2"": 1, ""3"": 4, ""4"": 2}"
685,6,632,0.5498190780288373,0.6473036046098892,0.6977848101265823,"{""0"": 2, ""1"": 5, ""2"": 4, ""3"": 0, ""4"": 3, ""5"": 1}"
686,2,632,0.9499284767493288,0.9143595101825069,0.9873417721518988,"{""0"": 0, ""1"": 1}"
686,3,632,1.0,1.0,1.0,"{""0"": 0, ""1"": 1, ""2"": 2}"
686,4,632,0.9753981700758304,0.9608548436392816,0.990506329113924,"{""0"": 1, ""1"": 3, ""2"": 0, ""3"": 2}"
686,5,632,0.6398017018639175,0.6954873303384911,0.8085443037974683,"{""0"": 4, ""1"": 2, ""2"": 0, ""3"": 3, ""4"": 1}"
686,6,632,0.6733613918622028,0.7415560594001147,0.8433544303797469,"{""0"": 1, ""1"": 3, ""2"": 5, ""3"": 0, ""4"": 4, ""5"": 2}"
687,2,632,0.17449925908389136,0.2273213517360746,0.7104430379746836,"{""0"": 1, ""1"": 0}"
687,3,632,0.9865238838493967,0.9710491594952805,0.995253164556962,"{""0"": 0, ""1"": 2, ""2"": 1}"
687,4,632,0.9127274727383325,0.8927123156950513,0.9683544303797469,"{""0"": 3, ""1"": 0, ""2"": 1, ""3"": 2}"
687,5,632,0.6361933733045146,0.6843431431963136,0.8037974683544303,"{""0"": 4, ""1"": 1, ""2"": 0, ""3"": 2, ""4"": 3}"
687,6,632,0.9582394026293373,0.9507049508424891,0.9825949367088608,"{""0"": 4, ""1"": 0, ""2"": 1, ""3"": 5, ""4"": 2, ""5"": 3}"
688,2,632,1.0,1.0,1.0,"{""0"": 1, ""1"": 0}"
688,3,632,0.7808672635145127,0.7863118456651692,0.930379746835443,"{""0"": 1, ""1"": 2, ""2"": 0}"
688,4,632,0.9811588694697768,0.9749246692053484,0.9936708860759493,"{""0"": 2, ""1"": 3, ""2"": 0, ""3"": 1}"
688,5,632,0.7292290295225249,0.7721831963790164,0.8781645569620253,"{""0"": 1, ""1"": 2, ""2"": 3, ""3"": 0, ""4"": 4}"
688,6,632,0.4797771850405681,0.6173444311653129,0.6455696202531646,"{""0"": 0, ""1"": 4, ""2"": 5, ""3"": 2, ""4"": 1, ""5"": 3}"
689,2,632,0.9936708424670813,0.9845361690679575,0.9984177215189873,"{""0"": 1, ""1"": 0}"
689,3,632,0.987076526907975,0.9733062205004007,0.995253164556962,"{""0"": 0, ""1"": 1, ""2"": 2}"
689,4,632,0.9314756610486248,0.9187480110703756,0.9746835443037974,"{""0"": 1, ""1"": 0, ""2"": 2, ""3"": 3}"
689,5,632,0.5123490179067662,0.618837009090569,0.7531645569620253,"{""0"": 3, ""1"": 0, ""2"": 2, ""3"": 4, ""4"": 1}"
689,6,632,0.6854322889234845,0.7466658369414287,0.8544303797468354,"{""0"": 3, ""1"": 0, ""2"": 5, ""3"": 1, ""4"": 2, ""5"": 4}"
690,2,632,1.0,1.0,1.0,"{""0"": 1, ""1"": 0}"
690,3,632,0.9704452543330554,0.9509057672659775,0.990506329113924,"{""0"": 2, ""1"": 1, ""2"": 0}"
690,4,632,0.9273666168582319,0.9112357346862712,0.9746835443037974,"{""0"": 2, ""1"": 1, ""2"": 0, ""3"": 3}"
690,5,632,0.7076761699650823,0.7309549593384195,0.875,"{""0"": 4, ""1"": 3, ""2"": 2, ""3"": 1, ""4"": 0}"
690,6,632,0.8503713167948459,0.858592482133235,0.935126582278481,"{""0"": 4, ""1"": 2, ""2"": 5, ""3"": 0, ""4"": 3, ""5"": 1}"
691,2,632,0.9936708722291195,0.9845476369840697,0.9984177215189873,"{""0"": 0, ""1"": 1}"
691,3,632,0.9790379731242662,0.9573400813064193,0.9920886075949367,"{""0"": 0, ""1"": 1, ""2"": 2}"
691,4,632,0.9769539155272188,0.9636752077533939,0.990506329113924,"{""0"": 2, ""1"": 0, ""2"": 1, ""3"": 3}"
691,5,632,0.66217097303598,0.7103471149047632,0.8243670886075949,"{""0"": 3, ""1"": 2, ""2"": 0, ""3"": 1, ""4"": 4}"
691,6,632,0.980308121261239,0.972176230759083,0.990506329113924,"{""0"": 3, ""1"": 0, ""2"": 4, ""3"": 5, ""4"": 1, ""5"": 2}"
692,2,632,0.9499286987235687,0.9145874566630676,0.9873417721518988,"{""0"": 1, ""1"": 0}"
692,3,632,0.9809179240225753,0.9632317167310577,0.9936708860759493,"{""0"": 1, ""1"": 2, ""2"": 0}"
692,4,632,0.9785437007096621,0.9662656262095961,0.9920886075949367,"{""0"": 3, ""1"": 2, ""2"": 0, ""3"": 1}"
692,5,632,0.49085892082622923,0.6059206529659282,0.7341772151898734,"{""0"": 4, ""1"": 3, ""2"": 2, ""3"": 0, ""4"": 1}"
692,6,632,0.5792695603348816,0.6620000244306283,0.7911392405063291,"{""0"": 2, ""1"": 1, ""2"": 3, ""3"": 0, ""4"": 5, ""5"": 4}"
693,2,632,0.13343242680863057,0.20116968918615308,0.6835443037974683,"{""0"": 0, ""1"": 1}"
693,3,632,0.994394138861356,0.9899161353636277,0.9984177215189873,"{""0"": 0, ""1"": 1, ""2"": 2}"
693,4,632,0.9167515368805699,0.9058987328608784,0.9699367088607594,"{""0"": 3, ""1"": 1, ""2"": 0, ""3"": 2}"
693,5,632,0.47431313619054594,0.5915678654975662,0.7246835443037974,"{""0"": 3, ""1"": 1, ""2"": 4, ""3"": 2, ""4"": 0}"
693,6,632,0.6069950614059623,0.6977365643021056,0.8085443037974683,"{""0"": 2, ""1"": 4, ""2"": 0, ""3"": 3, ""4"": 5, ""5"": 1}"
694,2,632,0.9873617324240764,0.972242696739464,0.9968354430379747,"{""0"": 1, ""1"": 0}"
694,3,632,0.9701096576654706,0.9433012937783526,0.9889240506329114,"{""0"": 1, ""1"": 0, ""2"": 2}"
694,4,632,0.9794101342257693,0.967116909230648,0.990506329113924,"{""0"": 2, ""1"": 3, ""2"": 0, ""3"": 1}"
694,5,632,0.9397662039923239,0.9231206783016873,0.9762658227848101,"{""0"": 0, ""1"": 4, ""2"": 2, ""3"": 3, ""4"": 1}"
694,6,632,0.5079674283943081,0.6235128709744341,0.6708860759493671,"{""0"": 1, ""1"": 4, ""2"": 5, ""3"": 3, ""4"": 2, ""5"": 0}"
695,2,632,0.9873618291123978,0.9723033626436738,0.9968354430379747,"{""0"": 0, ""1"": 1}"
695,3,632,0.7726460148907615,0.7792552913453432,0.9287974683544303,"{""0"": 1, ""1"": 0, ""2"": 2}"
695,4,632,0.9510651930568552,0.9393056394375184,0.9825949367088608,"{""0"": 3, ""1"": 0, ""2"": 1, ""3"": 2}"
695,5,632,0.6173346086876286,0.6761515644858217,0.805379746835443,"{""0"": 2, ""1"": 0, ""2"": 4, ""3"": 3, ""4"": 1}"
695,6,632,0.9354095960591389,0.9351870779616578,0.9731012658227848,"{""0"": 5, ""1"": 2, ""2"": 4, ""3"": 0, ""4"": 1, ""5"": 3}"
696,2,632,0.9623256127145512,0.9317621056381423,0.990506329113924,"{""0"": 1, ""1"": 0}"
696,3,632,0.8050629696023515,0.793585746204133,0.9382911392405063,"{""0"": 1, ""1"": 2, ""2"": 0}"
696,4,632,0.964588567724411,0.946311023468876,0.9857594936708861,"{""0"": 0, ""1"": 1, ""2"": 2, ""3"": 3}"
696,5,632,0.5470031546867056,0.6295294414414849,0.7800632911392406,"{""0"": 4, ""1"": 3, ""2"": 1, ""3"": 2, ""4"": 0}"
696,6,632,0.5718371139341574,0.6564020640498374,0.7072784810126582,"{""0"": 0, ""1"": 3, ""2"": 5, ""3"": 4, ""4"": 1, ""5"": 2}"
697,2,632,0.9936708646186224,0.9845440179495617,0.9984177215189873,"{""0"": 0, ""1"": 1}"
697,3,632,0.9828710843474939,0.9636734408679797,0.9936708860759493,"{""0"": 2, ""1"": 1, ""2"": 0}"
697,4,632,0.9626811838362382,0.9580054371634449,0.9873417721518988,"{""0"": 2, ""1"": 1, ""2"": 3, ""3"": 0}"
697,5,632,0.6930444220157262,0.7309964818850289,0.8481012658227848,"{""0"": 0, ""1"": 4, ""2"": 2, ""3"": 3, ""4"": 1}"
697,6,632,0.9252457472779722,0.914020885059526,0.9667721518987342,"{""0"": 1, ""1"": 0, ""2"": 5, ""3"": 3, ""4"": 2, ""5"": 4}"
698,2,632,0.9936708779013222,0.9845510529189185,0.9984177215189873,"{""0"": 1, ""1"": 0}"
698,3,632,0.9809793758022896,0.9616520925486166,0.9920886075949367,"{""0"": 1, ""1"": 0, ""2"": 2}"
698,4,632,0.9862093082764801,0.9800243167041826,0.995253164556962,"{""0"": 2, ""1"": 1, ""2"": 0, ""3"": 3}"
698,5,632,0.5909721868971806,0.6543641031595945,0.7768987341772152,"{""0"": 0, ""1"": 1, ""2"": 4, ""3"": 3, ""4"": 2}"
698,6,632,0.4998786788253378,0.6258565901902929,0.6867088607594937,"{""0"": 3, ""1"": 1, ""2"": 2, ""3"": 4, ""4"": 0, ""5"": 5}"
699,2,632,0.9810725500730725,0.9611217761525888,0.995253164556962,"{""0"": 0, ""1"": 1}"
699,3,632,0.9846507059189501,0.9722843462198668,0.995253164556962,"{""0"": 0, ""1"": 1, ""2"": 2}"
699,4,632,0.9227995765344963,0.9055238929029057,0.9715189873417721,"{""0"": 1, ""1"": 2, ""2"": 0, ""3"": 3}"
699,5,632,0.6564705214188412,0.700582265818697,0.8306962025316456,"{""0"": 4, ""1"": 0, ""2"": 2, ""3"": 1, ""4"": 3}"
699,6,632,0.9380920218113842,0.9230035269707617,0.9715189873417721,"{""0"": 4, ""1"": 1, ""2"": 5, ""3"": 3, ""4"": 2, ""5"": 0}"
700,2,632,0.9685549732730548,0.9354527435199925,0.9920886075949367,"{""0"": 0, ""1"": 1}"
700,3,632,1.0,1.0,1.0,"{""0"": 1, ""1"": 0, ""2"": 2}"
700,4,632,0.9649710198156857,0.9501792958592634,0.9873417721518988,"{""0"": 3, ""1"": 2, ""2"": 1, ""3"": 0}"
700,5,632,0.6042412026920166,0.6775293937584537,0.7753164556962026,"{""0"": 4, ""1"": 1, ""2"": 3, ""3"": 0, ""4"": 2}"
700,6,632,0.4798890809335061,0.6188833156194413,0.6408227848101266,"{""0"": 2, ""1"": 3, ""2"": 1, ""3"": 4, ""4"": 0, ""5"": 5}"
701,2,632,0.9936708722291195,0.9845476369840697,0.9984177215189873,"{""0"": 0, ""1"": 1}"
701,3,632,1.0,1.0,1.0,"{""0"": 0, ""1"": 1, ""2"": 2}"
701,4,632,0.9322248616359168,0.9216164017135048,0.9762658227848101,"{""0"": 1, ""1"": 0, ""2"": 2, ""3"": 3}"
701,5,632,0.4746711377517297,0.5939642350626495,0.7341772151898734,"{""0"": 1, ""1"": 3, ""2"": 2, ""3"": 0, ""4"": 4}"
701,6,632,0.6191365975891339,0.6989304740088013,0.8117088607594937,"{""0"": 3, ""1"": 5, ""2"": 0, ""3"": 1, ""4"": 2, ""5"": 4}"
702,2,632,0.9936708273299782,0.984531938410481,0.9984177215189873,"{""0"": 1, ""1"": 0}"
702,3,632,0.9405898007841194,0.9144269527547969,0.9810126582278481,"{""0"": 1, ""1"": 0, ""2"": 2}"
702,4,632,0.9331232456678625,0.9191402875104991,0.9762658227848101,"{""0"": 1, ""1"": 0, ""2"": 2, ""3"": 3}"
702,5,632,0.7394192726760488,0.7843994864457325,0.8908227848101266,"{""0"": 4, ""1"": 2, ""2"": 0, ""3"": 3, ""4"": 1}"
702,6,632,0.8424702747388757,0.8568883901273431,0.935126582278481,"{""0"": 4, ""1"": 0, ""2"": 1, ""3"": 5, ""4"": 2, ""5"": 3}"
703,2,632,0.9936708722291195,0.9845476369840697,0.9984177215189873,"{""0"": 1, ""1"": 0}"
703,3,632,0.9869048576049361,0.973276128698152,0.995253164556962,"{""0"": 0, ""1"": 2, ""2"": 1}"
703,4,632,0.9952328164467388,0.9927739959091479,0.9984177215189873,"{""0"": 3, ""1"": 1, ""2"": 0, ""3"": 2}"
703,5,632,0.8799130283626899,0.8874028072203302,0.9525316455696202,"{""0"": 0, ""1"": 2, ""2"": 3, ""3"": 4, ""4"": 1}"
703,6,632,0.6419555804359426,0.7088291195387251,0.7943037974683544,"{""0"": 5, ""1"": 3, ""2"": 2, ""3"": 4, ""4"": 0, ""5"": 1}"
704,2,632,0.9936708861740091,0.9845626923798214,0.9984177215189873,"{""0"": 0, ""1"": 1}"
704,3,632,0.7642980070519165,0.7776057998378375,0.9256329113924051,"{""0"": 2, ""1"": 1, ""2"": 0}"
704,4,632,0.9380502176389865,0.9236564616997585,0.9778481012658228,"{""0"": 1, ""1"": 0, ""2"": 2, ""3"": 3}"
704,5,632,0.7732468813217764,0.7973822903562557,0.9034810126582279,"{""0"": 1, ""1"": 0, ""2"": 3, ""3"": 2, ""4"": 4}"
704,6,632,0.5358029361648753,0.6471215225992173,0.6867088607594937,"{""0"": 3, ""1"": 2, ""2"": 1, ""3"": 4, ""4"": 5, ""5"": 0}"
705,2,632,0.9873618279998477,0.9722811651523068,0.9968354430379747,"{""0"": 0, ""1"": 1}"
705,3,632,0.9794436866536456,0.9653784091194596,0.9936708860759493,"{""0"": 1, ""1"": 0, ""2"": 2}"
705,4,632,0.9458341951888696,0.9319903157099175,0.9810126582278481,"{""0"": 0, ""1"": 3, ""2"": 1, ""3"": 2}"
705,5,632,0.8991412465776493,0.8848153462221476,0.9604430379746836,"{""0"": 2, ""1"": 4, ""2"": 3, ""3"": 0, ""4"": 1}"
705,6,632,0.7146246841619163,0.7630174328527506,0.8607594936708861,"{""0"": 2, ""1"": 4, ""2"": 0, ""3"": 3, ""4"": 5, ""5"": 1}"
706,2,632,0.16438139391815113,0.22692014805920785,0.7041139240506329,"{""0"": 1, ""1"": 0}"
706,3,632,0.9737636189646485,0.9548887124628982,0.990506329113924,"{""0"": 0, ""1"": 1, ""2"": 2}"
706,4,632,0.9593770189668859,0.9514235444937691,0.9857594936708861,"{""0"": 1, ""1"": 2, ""2"": 0, ""3"": 3}"
706,5,632,0.7251121617856348,0.7570357323998914,0.8718354430379747,"{""0"": 0, ""1"": 1, ""2"": 2, ""3"": 3, ""4"": 4}"
706,6,632,0.5226720681053689,0.6553496145226809,0.6708860759493671,"{""0"": 0, ""1"": 1, ""2"": 4, ""3"": 5, ""4"": 3, ""5"": 2}"
707,2,632,1.0,1.0,1.0,"{""0"": 0, ""1"": 1}"
707,3,632,0.7971205119370692,0.8003485173918041,0.9367088607594937,"{""0"": 0, ""1"": 1, ""2"": 2}"
707,4,632,0.955397869386819,0.9346432706185401,0.9825949367088608,"{""0"": 0, ""1"": 1, ""2"": 3, ""3"": 2}"
707,5,632,0.6409153797176843,0.6930534419088323,0.8132911392405063,"{""0"": 0, ""1"": 1, ""2"": 3, ""3"": 2, ""4"": 4}"
707,6,632,0.8374829844665762,0.8583062776928735,0.9272151898734177,"{""0"": 2, ""1"": 4, ""2"": 1, ""3"": 0, ""4"": 3, ""5"": 5}"
708,2,632,0.9936708857461121,0.9845650976704768,0.9984177215189873,"{""0"": 0, ""1"": 1}"
708,3,632,0.9612253470913263,0.9300857847003076,0.9857594936708861,"{""0"": 2, ""1"": 1, ""2"": 0}"
708,4,632,0.9523875130733838,0.9391098313196113,0.9825949367088608,"{""0"": 1, ""1"": 3, ""2"": 2, ""3"": 0}"
708,5,632,0.5554120369349672,0.6712777948650733,0.7848101265822784,"{""0"": 2, ""1"": 1, ""2"": 4, ""3"": 3, ""4"": 0}"
708,6,632,0.4824831752743005,0.6207619375427429,0.6503164556962026,"{""0"": 3, ""1"": 5, ""2"": 0, ""3"": 4, ""4"": 2, ""5"": 1}"
709,2,632,0.1787311842267557,0.2483783676983714,0.7120253164556962,"{""0"": 0, ""1"": 1}"
709,3,632,0.894711818061529,0.8872645078664088,0.9683544303797469,"{""0"": 0, ""1"": 2, ""2"": 1}"
709,4,632,0.9741984416592919,0.9593013185005713,0.990506329113924,"{""0"": 2, ""1"": 3, ""2"": 1, ""3"": 0}"
709,5,632,0.5241961273419956,0.630766808242945,0.7579113924050633,"{""0"": 2, ""1"": 1, ""2"": 3, ""3"": 0, ""4"": 4}"
709,6,632,0.7363779916002259,0.7768553124760682,0.875,"{""0"": 4, ""1"": 5, ""2"": 1, ""3"": 2, ""4"": 3, ""5"": 0}"
710,2,632,0.18061580756439385,0.23642706488728002,0.7136075949367089,"{""0"": 1, ""1"": 0}"
710,3,632,0.9944286142780375,0.9899653571251824,0.9984177215189873,"{""0"": 0, ""1"": 2, ""2"": 1}"
710,4,632,0.9718308095945892,0.9662203750086908,0.990506329113924,"{""0"": 2, ""1"": 0, ""2"": 1, ""3"": 3}"
710,5,632,0.4799527760003065,0.5869458189406871,0.6724683544303798,"{""0"": 1, ""1"": 4, ""2"": 3, ""3"": 2, ""4"": 0}"
710,6,632,0.9301688001319728,0.9182242088707167,0.9667721518987342,"{""0"": 4, ""1"": 1, ""2"": 0, ""3"": 5, ""4"": 2, ""5"": 3}"
711,2,632,0.981072474024306,0.9611098726262466,0.995253164556962,"{""0"": 1, ""1"": 0}"
711,3,632,0.7649605260096978,0.776113051741461,0.9256329113924051,"{""0"": 1, ""1"": 0, ""2"": 2}"
711,4,632,0.9409189176688519,0.9182122316993904,0.9778481012658228,"{""0"": 3, ""1"": 0, ""2"": 2, ""3"": 1}"
711,5,632,0.5630903956377241,0.634115605216251,0.7721518987341772,"{""0"": 3, ""1"": 2, ""2"": 0, ""3"": 4, ""4"": 1}"
711,6,632,0.6638431572034391,0.7406220425518798,0.7658227848101266,"{""0"": 4, ""1"": 3, ""2"": 1, ""3"": 0, ""4"": 5, ""5"": 2}"
712,2,632,0.15538883911006518,0.24293067032917126,0.6977848101265823,"{""0"": 0, ""1"": 1}"
712,3,632,0.8884530155704176,0.8815897629304287,0.9667721518987342,"{""0"": 0, ""1"": 1, ""2"": 2}"
712,4,632,0.933463837275591,0.9205532547607453,0.9762658227848101,"{""0"": 1, ""1"": 0, ""2"": 3, ""3"": 2}"
712,5,632,0.6761677607283845,0.7190446147622181,0.8512658227848101,"{""0"": 2, ""1"": 4, ""2"": 1, ""3"": 0, ""4"": 3}"
712,6,632,0.8821160756193682,0.8709836468375385,0.9462025316455697,"{""0"": 0, ""1"": 4, ""2"": 1, ""3"": 2, ""4"": 5, ""5"": 3}"
713,2,632,0.9873618309941962,0.9691397502094888,0.9968354430379747,"{""0"": 0, ""1"": 1}"
713,3,632,0.9922988752006845,0.9833275477160301,0.9968354430379747,"{""0"": 0, ""1"": 2, ""2"": 1}"
713,4,632,0.9816315342439498,0.9727890790724185,0.9936708860759493,"{""0"": 2, ""1"": 3, ""2"": 1, ""3"": 0}"
713,5,632,0.6837918797440551,0.7229960278825025,0.8496835443037974,"{""0"": 4, ""1"": 0, ""2"": 3, ""3"": 1, ""4"": 2}"
713,6,632,0.918530668084536,0.9231744201641058,0.9667721518987342,"{""0"": 5, ""1"": 0, ""2"": 1, ""3"": 2, ""4"": 4, ""5"": 3}"
714,2,632,0.9685550118055117,0.9411587507007546,0.9920886075949367,"{""0"": 0, ""1"": 1}"
714,3,632,0.9492171469599231,0.9193868461710208,0.9841772151898734,"{""0"": 2, ""1"": 0, ""2"": 1}"
714,4,632,0.9646974272306157,0.9520831078841269,0.9873417721518988,"{""0"": 0, ""1"": 1, ""2"": 3, ""3"": 2}"
714,5,632,0.45790538243086765,0.5899849675797405,0.7072784810126582,"{""0"": 1, ""1"": 4, ""2"": 2, ""3"": 3, ""4"": 0}"
714,6,632,0.8976923749879291,0.9019899358527653,0.9588607594936709,"{""0"": 4, ""1"": 1, ""2"": 2, ""3"": 5, ""4"": 0, ""5"": 3}"
715,2,632,0.9810728155305785,0.9568384993115921,0.995253164556962,"{""0"": 0, ""1"": 1}"
715,3,632,0.81107063700294,0.805991916890649,0.9414556962025317,"{""0"": 1, ""1"": 2, ""2"": 0}"
715,4,632,0.9316707681824163,0.928146727021705,0.9762658227848101,"{""0"": 0, ""1"": 1, ""2"": 3, ""3"": 2}"
715,5,632,0.5982691152870385,0.6552258886578509,0.7974683544303798,"{""0"": 2, ""1"": 1, ""2"": 3, ""3"": 0, ""4"": 4}"
715,6,632,0.8772700764827874,0.8744680604150689,0.939873417721519,"{""0"": 3, ""1"": 5, ""2"": 1, ""3"": 2, ""4"": 0, ""5"": 4}"
716,2,632,0.9936708740502365,0.9845763093626713,0.9984177215189873,"{""0"": 1, ""1"": 0}"
716,3,632,0.7933590604839723,0.7901478881661111,0.935126582278481,"{""0"": 0, ""1"": 1, ""2"": 2}"
716,4,632,0.9189562411704831,0.8995679303272484,0.9715189873417721,"{""0"": 1, ""1"": 3, ""2"": 0, ""3"": 2}"
716,5,632,0.7111101940091616,0.7436869023732985,0.8670886075949367,"{""0"": 3, ""1"": 0, ""2"": 2, ""3"": 1, ""4"": 4}"
716,6,632,0.8491350571786151,0.8646961943348785,0.930379746835443,"{""0"": 4, ""1"": 5, ""2"": 3, ""3"": 0, ""4"": 1, ""5"": 2}"
717,2,632,1.0,1.0,1.0,"{""0"": 1, ""1"": 0}"
717,3,632,0.9885888423314221,0.9770155753018426,0.995253164556962,"{""0"": 0, ""1"": 2, ""2"": 1}"
717,4,632,0.964651246229963,0.9541142172524373,0.9873417721518988,"{""0"": 2, ""1"": 1, ""2"": 3, ""3"": 0}"
717,5,632,0.7635995770879149,0.80355177377692,0.8987341772151899,"{""0"": 2, ""1"": 4, ""2"": 3, ""3"": 1, ""4"": 0}"
717,6,632,0.8111620784699882,0.8318628232824082,0.9082278481012658,"{""0"": 2, ""1"": 3, ""2"": 5, ""3"": 4, ""4"": 1, ""5"": 0}"
718,2,632,0.9873615574218657,0.9722098157577119,0.9968354430379747,"{""0"": 0, ""1"": 1}"
718,3,632,0.7679183536174444,0.7806349042133073,0.9272151898734177,"{""0"": 2, ""1"": 0, ""2"": 1}"
718,4,632,0.961681333182446,0.9440027928397821,0.9857594936708861,"{""0"": 3, ""1"": 2, ""2"": 0, ""3"": 1}"
718,5,632,0.6367451849477225,0.687686429554461,0.8164556962025317,"{""0"": 4, ""1"": 2, ""2"": 3, ""3"": 1, ""4"": 0}"
718,6,632,0.7888729114878923,0.7995040069686175,0.8955696202531646,"{""0"": 5, ""1"": 4, ""2"": 1, ""3"": 2, ""4"": 0, ""5"": 3}"
719,2,632,0.9623261903450624,0.9318842906771503,0.990506329113924,"{""0"": 0, ""1"": 1}"
719,3,632,0.9887030717238423,0.9816715757133216,0.9968354430379747,"{""0"": 0, ""1"": 1, ""2"": 2}"
719,4,632,0.9655076940221496,0.9510423055748036,0.9873417721518988,"{""0"": 2, ""1"": 1, ""2"": 3, ""3"": 0}"
719,5,632,0.6241639774027644,0.6785812254712764,0.8037974683544303,"{""0"": 2, ""1"": 4, ""2"": 1, ""3"": 3, ""4"": 0}"
719,6,632,0.7749764259040602,0.8064501567246243,0.8987341772151899,"{""0"": 2, ""1"": 4, ""2"": 1, ""3"": 5, ""4"": 0, ""5"": 3}"
720,2,632,0.9748034686052768,0.945658546546153,0.9936708860759493,"{""0"": 1, ""1"": 0}"
720,3,632,0.9809508525697989,0.9630309721303916,0.9936708860759493,"{""0"": 1, ""1"": 2, ""2"": 0}"
720,4,632,0.9413351954100178,0.9312628722148847,0.9794303797468354,"{""0"": 2, ""1"": 0, ""2"": 1, ""3"": 3}"
720,5,632,0.6355908273017772,0.6912999830545075,0.8037974683544303,"{""0"": 2, ""1"": 1, ""2"": 4, ""3"": 0, ""4"": 3}"
720,6,632,0.8171826302790532,0.8345478797771425,0.9145569620253164,"{""0"": 0, ""1"": 1, ""2"": 4, ""3"": 3, ""4"": 2, ""5"": 5}"
721,2,632,0.9873617324240764,0.972242696739464,0.9968354430379747,"{""0"": 1, ""1"": 0}"
721,3,632,0.9753933348786484,0.9559104090653063,0.9920886075949367,"{""0"": 0, ""1"": 2, ""2"": 1}"
721,4,632,0.9477702273585547,0.9320762022537181,0.9810126582278481,"{""0"": 2, ""1"": 3, ""2"": 1, ""3"": 0}"
721,5,632,0.9512194921686739,0.9376932042039673,0.9810126582278481,"{""0"": 2, ""1"": 0, ""2"": 3, ""3"": 4, ""4"": 1}"
721,6,632,0.6565511920535626,0.7311492795627357,0.8338607594936709,"{""0"": 0, ""1"": 5, ""2"": 3, ""3"": 2, ""4"": 4, ""5"": 1}"
722,2,632,0.9936708424670813,0.9845361690679575,0.9984177215189873,"{""0"": 1, ""1"": 0}"
722,3,632,0.8794929388410996,0.869453177807025,0.9636075949367089,"{""0"": 2, ""1"": 1, ""2"": 0}"
722,4,632,0.9780361688378291,0.9659447598582455,0.9920886075949367,"{""0"": 2, ""1"": 3, ""2"": 0, ""3"": 1}"
722,5,632,0.632303764388293,0.6725576494765756,0.8117088607594937,"{""0"": 2, ""1"": 4, ""2"": 1, ""3"": 3, ""4"": 0}"
722,6,632,0.9579764725843593,0.9528859022644266,0.9825949367088608,"{""0"": 1, ""1"": 0, ""2"": 3, ""3"": 5, ""4"": 4, ""5"": 2}"
723,2,632,0.9810726147186137,0.9611331746145341,0.995253164556962,"{""0"": 0, ""1"": 1}"
723,3,632,0.9835613708194154,0.9667107034978738,0.9936708860759493,"{""0"": 2, ""1"": 0, ""2"": 1}"
723,4,632,0.9359889053999065,0.9248154380493053,0.9778481012658228,"{""0"": 0, ""1"": 3, ""2"": 1, ""3"": 2}"
723,5,632,0.6994033432470833,0.7361378771703196,0.8623417721518988,"{""0"": 4, ""1"": 0, ""2"": 2, ""3"": 3, ""4"": 1}"
723,6,632,0.4934981108136848,0.6140771136327353,0.6613924050632911,"{""0"": 4, ""1"": 0, ""2"": 1, ""3"": 5, ""4"": 2, ""5"": 3}"
724,2,632,0.15631174983556737,0.22466430140595955,0.6993670886075949,"{""0"": 1, ""1"": 0}"
724,3,632,1.0,1.0,1.0,"{""0"": 0, ""1"": 1, ""2"": 2}"
724,4,632,0.9374927108689931,0.9230785463278527,0.9778481012658228,"{""0"": 2, ""1"": 1, ""2"": 0, ""3"": 3}"
724,5,632,0.7244260587355184,0.7647718094423479,0.879746835443038,"{""0"": 4, ""1"": 2, ""2"": 3, ""3"": 1, ""4"": 0}"
724,6,632,0.7070811961707851,0.7527030409750469,0.8686708860759493,"{""0"": 4, ""1"": 2, ""2"": 5, ""3"": 1, ""4"": 0, ""5"": 3}"
725,2,632,0.9936708090624575,0.9845275030323606,0.9984177215189873,"{""0"": 1, ""1"": 0}"
725,3,632,0.7774633575611729,0.7906667288570404,0.930379746835443,"{""0"": 2, ""1"": 1, ""2"": 0}"
725,4,632,0.95034472084862,0.9329105819975868,0.9825949367088608,"{""0"": 2, ""1"": 3, ""2"": 0, ""3"": 1}"
725,5,632,0.7442441411492942,0.7617397545818049,0.8892405063291139,"{""0"": 0, ""1"": 1, ""2"": 2, ""3"": 3, ""4"": 4}"
725,6,632,0.8692726488328868,0.8661800147788721,0.944620253164557,"{""0"": 1, ""1"": 2, ""2"": 3, ""3"": 4, ""4"": 5, ""5"": 0}"
726,2,632,0.9873617989221709,0.9722635513107766,0.9968354430379747,"{""0"": 0, ""1"": 1}"
726,3,632,0.9756340650069201,0.9581145788660532,0.9920886075949367,"{""0"": 0, ""1"": 1, ""2"": 2}"
726,4,632,0.96442500222145,0.9537008933987395,0.9873417721518988,"{""0"": 1, ""1"": 2, ""2"": 3, ""3"": 0}"
726,5,632,0.9036965751527375,0.8910526703709667,0.9620253164556962,"{""0"": 4, ""1"": 3, ""2"": 1, ""3"": 0, ""4"": 2}"
726,6,632,0.8316437780563856,0.8502012855112779,0.9256329113924051,"{""0"": 0, ""1"": 3, ""2"": 1, ""3"": 4, ""4"": 5, ""5"": 2}"
727,2,632,0.9748033707950262,0.950776495526774,0.9936708860759493,"{""0"": 0, ""1"": 1}"
727,3,632,0.8560056708460196,0.8230154254097571,0.9541139240506329,"{""0"": 2, ""1"": 1, ""2"": 0}"
727,4,632,0.9714425912783708,0.955600353143298,0.9889240506329114,"{""0"": 3, ""1"": 1, ""2"": 0, ""3"": 2}"
727,5,632,0.6519791632773245,0.7010425405432368,0.8117088607594937,"{""0"": 1, ""1"": 4, ""2"": 0, ""3"": 3, ""4"": 2}"
727,6,632,0.8288980800778786,0.830562479189203,0.9208860759493671,"{""0"": 2, ""1"": 4, ""2"": 3, ""3"": 1, ""4"": 5, ""5"": 0}"
728,2,632,0.9936708858097872,0.984560085537352,0.9984177215189873,"{""0"": 1, ""1"": 0}"
728,3,632,0.9627787565090393,0.9394100045963633,0.9873417721518988,"{""0"": 0, ""1"": 1, ""2"": 2}"
728,4,632,0.9541893553415484,0.9490680107579097,0.9841772151898734,"{""0"": 2, ""1"": 0, ""2"": 1, ""3"": 3}"
728,5,632,0.7006129475541149,0.7355285567700157,0.8607594936708861,"{""0"": 1, ""1"": 2, ""2"": 0, ""3"": 3, ""4"": 4}"
728,6,632,0.887162868088886,0.8758898349783265,0.9509493670886076,"{""0"": 0, ""1"": 3, ""2"": 2, ""3"": 5, ""4"": 4, ""5"": 1}"
729,2,632,0.14970799802108933,0.21737084527942996,0.694620253164557,"{""0"": 1, ""1"": 0}"
729,3,632,0.9902455954443917,0.9804324793065434,0.9968354430379747,"{""0"": 0, ""1"": 2, ""2"": 1}"
729,4,632,0.9590697578920692,0.9389199544389447,0.9841772151898734,"{""0"": 3, ""1"": 2, ""2"": 1, ""3"": 0}"
729,5,632,0.6396135410905627,0.6965200175507035,0.810126582278481,"{""0"": 2, ""1"": 0, ""2"": 1, ""3"": 3, ""4"": 4}"
729,6,632,0.9610641845068105,0.953752192767196,0.9841772151898734,"{""0"": 5, ""1"": 2, ""2"": 1, ""3"": 3, ""4"": 0, ""5"": 4}"
730,2,632,0.9936708722291195,0.9845476369840697,0.9984177215189873,"{""0"": 1, ""1"": 0}"
730,3,632,0.7807637132641663,0.779546019951365,0.930379746835443,"{""0"": 1, ""1"": 2, ""2"": 0}"
730,4,632,0.9456657742908386,0.9359369133965442,0.9810126582278481,"{""0"": 1, ""1"": 2, ""2"": 3, ""3"": 0}"
730,5,632,0.5973882638600526,0.6600031513088529,0.7737341772151899,"{""0"": 4, ""1"": 0, ""2"": 1, ""3"": 2, ""4"": 3}"
730,6,632,0.6089214476918036,0.6963587878754302,0.8069620253164557,"{""0"": 2, ""1"": 3, ""2"": 0, ""3"": 1, ""4"": 4, ""5"": 5}"
731,2,632,0.9873618215750265,0.9722756528890932,0.9968354430379747,"{""0"": 0, ""1"": 1}"
731,3,632,0.9884239106329945,0.9738399675331534,0.995253164556962,"{""0"": 1, ""1"": 0, ""2"": 2}"
731,4,632,0.9760944423935852,0.9632227723935026,0.990506329113924,"{""0"": 3, ""1"": 2, ""2"": 1, ""3"": 0}"
731,5,632,0.6483443301298633,0.7032669009694966,0.819620253164557,"{""0"": 4, ""1"": 1, ""2"": 0, ""3"": 2, ""4"": 3}"
731,6,632,0.9455293105984595,0.9415434469386,0.9778481012658228,"{""0"": 2, ""1"": 5, ""2"": 3, ""3"": 0, ""4"": 1, ""5"": 4}"
732,2,632,0.9936708424670813,0.9845361690679575,0.9984177215189873,"{""0"": 0, ""1"": 1}"
732,3,632,0.9960039744125165,0.9904479384698576,0.9984177215189873,"{""0"": 1, ""1"": 2, ""2"": 0}"
732,4,632,0.9599021937590764,0.9494588521634892,0.9857594936708861,"{""0"": 1, ""1"": 0, ""2"": 3, ""3"": 2}"
732,5,632,0.7658358729332043,0.7849017930682289,0.8971518987341772,"{""0"": 2, ""1"": 1, ""2"": 0, ""3"": 4, ""4"": 3}"
732,6,632,0.8610319971108085,0.8547132525725578,0.935126582278481,"{""0"": 0, ""1"": 4, ""2"": 1, ""3"": 5, ""4"": 3, ""5"": 2}"
733,2,632,1.0,1.0,1.0,"{""0"": 1, ""1"": 0}"
733,3,632,0.779391782421752,0.7905744521299678,0.930379746835443,"{""0"": 0, ""1"": 2, ""2"": 1}"
733,4,632,0.9728032135561983,0.9634927888196176,0.990506329113924,"{""0"": 1, ""1"": 2, ""2"": 0, ""3"": 3}"
733,5,632,0.6374441732719495,0.6862306166072597,0.7927215189873418,"{""0"": 0, ""1"": 2, ""2"": 1, ""3"": 3, ""4"": 4}"
733,6,632,0.6022895585988114,0.6870912920307686,0.7183544303797469,"{""0"": 0, ""1"": 3, ""2"": 5, ""3"": 1, ""4"": 4, ""5"": 2}"
734,2,632,1.0,1.0,1.0,"{""0"": 1, ""1"": 0}"
734,3,632,0.9535612229977208,0.9237270278046502,0.9841772151898734,"{""0"": 1, ""1"": 0, ""2"": 2}"
734,4,632,0.9684063593409318,0.9593040463485212,0.9889240506329114,"{""0"": 3, ""1"": 2, ""2"": 1, ""3"": 0}"
734,5,632,0.6140174407347315,0.6692323469233467,0.805379746835443,"{""0"": 1, ""1"": 3, ""2"": 0, ""3"": 4, ""4"": 2}"
734,6,632,0.767126913880002,0.8045788851860034,0.9003164556962026,"{""0"": 2, ""1"": 0, ""2"": 1, ""3"": 5, ""4"": 3, ""5"": 4}"
735,2,632,1.0,1.0,1.0,"{""0"": 0, ""1"": 1}"
735,3,632,0.9906435930835654,0.9804267900155765,0.9968354430379747,"{""0"": 1, ""1"": 0, ""2"": 2}"
735,4,632,0.9640571987678316,0.958476558406475,0.9873417721518988,"{""0"": 1, ""1"": 2, ""2"": 0, ""3"": 3}"
735,5,632,0.8926126912007426,0.8828844225989584,0.9572784810126582,"{""0"": 4, ""1"": 1, ""2"": 3, ""3"": 2, ""4"": 0}"
735,6,632,0.9036989269892385,0.8870189136187843,0.9541139240506329,"{""0"": 4, ""1"": 5, ""2"": 0, ""3"": 3, ""4"": 2, ""5"": 1}"
736,2,632,0.9748038138249783,0.9508586146103629,0.9936708860759493,"{""0"": 1, ""1"": 0}"
736,3,632,0.977385252611536,0.9551921626261004,0.9920886075949367,"{""0"": 0, ""1"": 2, ""2"": 1}"
736,4,632,0.9723618228971769,0.9618971507216588,0.990506329113924,"{""0"": 1, ""1"": 3, ""2"": 0, ""3"": 2}"
736,5,632,0.9398633409753658,0.9253335333090137,0.9762658227848101,"{""0"": 3, ""1"": 0, ""2"": 1, ""3"": 2, ""4"": 4}"
736,6,632,0.6384616851088458,0.7259315601005354,0.8243670886075949,"{""0"": 0, ""1"": 2, ""2"": 4, ""3"": 3, ""4"": 5, ""5"": 1}"
737,2,632,0.9873618143021158,0.9723147095730469,0.9968354430379747,"{""0"": 0, ""1"": 1}"
737,3,632,0.8963925965227567,0.8772023676231824,0.9683544303797469,"{""0"": 1, ""1"": 0, ""2"": 2}"
737,4,632,0.9474164967904308,0.9259610414166624,0.9810126582278481,"{""0"": 3, ""1"": 1, ""2"": 0, ""3"": 2}"
737,5,632,0.6239996246897362,0.6855558392947588,0.8022151898734177,"{""0"": 0, ""1"": 1, ""2"": 4, ""3"": 2, ""4"": 3}"
737,6,632,0.7277447583946406,0.7633298848281603,0.8734177215189873,"{""0"": 5, ""1"": 0, ""2"": 2, ""3"": 3, ""4"": 4, ""5"": 1}"
738,2,632,0.16771905514025381,0.23462705686801857,0.7056962025316456,"{""0"": 1, ""1"": 0}"
738,3,632,0.9832804802014052,0.974833027603078,0.995253164556962,"{""0"": 2, ""1"": 0, ""2"": 1}"
738,4,632,0.9770159811959022,0.967915308657988,0.9920886075949367,"{""0"": 2, ""1"": 3, ""2"": 0, ""3"": 1}"
738,5,632,0.6406075371946616,0.697163516980031,0.8259493670886076,"{""0"": 1, ""1"": 0, ""2"": 3, ""3"": 4, ""4"": 2}"
738,6,632,0.9177312809088711,0.9115876435695474,0.9667721518987342,"{""0"": 2, ""1"": 4, ""2"": 1, ""3"": 0, ""4"": 5, ""5"": 3}"
739,2,632,0.9936708779013222,0.9845510529189185,0.9984177215189873,"{""0"": 1, ""1"": 0}"
739,3,632,0.9943683867544105,0.989850856999801,0.9984177215189873,"{""0"": 1, ""1"": 2, ""2"": 0}"
739,4,632,0.9923764227709722,0.987772106368899,0.9968354430379747,"{""0"": 2, ""1"": 3, ""2"": 0, ""3"": 1}"
739,5,632,0.8731450554380967,0.8645397396498788,0.9493670886075949,"{""0"": 1, ""1"": 4, ""2"": 3, ""3"": 0, ""4"": 2}"
739,6,632,0.8283211890566067,0.8343889335376803,0.9177215189873418,"{""0"": 3, ""1"": 1, ""2"": 0, ""3"": 5, ""4"": 4, ""5"": 2}"
740,2,632,0.9873617976977243,0.9690990320885211,0.9968354430379747,"{""0"": 1, ""1"": 0}"
740,3,632,0.996257252001675,0.9905921540579808,0.9984177215189873,"{""0"": 1, ""1"": 2, ""2"": 0}"
740,4,632,0.9760281656929876,0.9633687834014092,0.990506329113924,"{""0"": 3, ""1"": 2, ""2"": 0, ""3"": 1}"
740,5,632,0.5069362128547236,0.6316254179300288,0.7468354430379747,"{""0"": 4, ""1"": 3, ""2"": 1, ""3"": 0, ""4"": 2}"
740,6,632,0.9275426165222049,0.927379478189652,0.9715189873417721,"{""0"": 0, ""1"": 4, ""2"": 1, ""3"": 3, ""4"": 5, ""5"": 2}"
741,2,632,0.21110294305633814,0.25755331703393075,0.7310126582278481,"{""0"": 0, ""1"": 1}"
741,3,632,0.9944094150371315,0.9899180948866128,0.9984177215189873,"{""0"": 1, ""1"": 0, ""2"": 2}"
741,4,632,0.9497488683386235,0.9389263196783084,0.9825949367088608,"{""0"": 2, ""1"": 3, ""2"": 0, ""3"": 1}"
741,5,632,0.5319997195469122,0.6417883335174233,0.7768987341772152,"{""0"": 4, ""1"": 3, ""2"": 1, ""3"": 2, ""4"": 0}"
741,6,632,0.9472116046058757,0.945208565386338,0.9794303797468354,"{""0"": 5, ""1"": 4, ""2"": 1, ""3"": 2, ""4"": 3, ""5"": 0}"
742,2,632,0.974803891811421,0.9508911740936524,0.9936708860759493,"{""0"": 1, ""1"": 0}"
742,3,632,0.9847393028779409,0.967492957411927,0.9936708860759493,"{""0"": 0, ""1"": 2, ""2"": 1}"
742,4,632,0.926837320814038,0.9083820683278523,0.9731012658227848,"{""0"": 0, ""1"": 2, ""2"": 1, ""3"": 3}"
742,5,632,0.43559173338013396,0.5650341319352052,0.6613924050632911,"{""0"": 2, ""1"": 1, ""2"": 4, ""3"": 0, ""4"": 3}"
742,6,632,0.8436469771895029,0.8438641181059847,0.9240506329113924,"{""0"": 3, ""1"": 5, ""2"": 4, ""3"": 1, ""4"": 0, ""5"": 2}"
743,2,632,0.12419219215016007,0.20391897978353518,0.6772151898734177,"{""0"": 1, ""1"": 0}"
743,3,632,0.9619497134334444,0.9291793155170263,0.9857594936708861,"{""0"": 0, ""1"": 2, ""2"": 1}"
743,4,632,0.9493962171916334,0.9257361588567818,0.9810126582278481,"{""0"": 3, ""1"": 1, ""2"": 0, ""3"": 2}"
743,5,632,0.8677670757408669,0.8746800672796144,0.9477848101265823,"{""0"": 1, ""1"": 4, ""2"": 2, ""3"": 3, ""4"": 0}"
743,6,632,0.47260464540548136,0.607678792557456,0.6360759493670886,"{""0"": 5, ""1"": 1, ""2"": 4, ""3"": 0, ""4"": 2, ""5"": 3}"
744,2,632,0.9873617803380208,0.9690915953513722,0.9968354430379747,"{""0"": 1, ""1"": 0}"
744,3,632,0.7697288480589415,0.7754471009972781,0.9272151898734177,"{""0"": 0, ""1"": 1, ""2"": 2}"
744,4,632,0.98983872796942,0.9811541179455582,0.995253164556962,"{""0"": 3, ""1"": 0, ""2"": 1, ""3"": 2}"
744,5,632,0.6348594146458676,0.6861649471128428,0.7990506329113924,"{""0"": 4, ""1"": 2, ""2"": 0, ""3"": 1, ""4"": 3}"
744,6,632,0.8741694540816253,0.8671700116373349,0.9430379746835443,"{""0"": 3, ""1"": 0, ""2"": 5, ""3"": 2, ""4"": 4, ""5"": 1}"
745,2,632,0.981072839180774,0.9568635087446288,0.995253164556962,"{""0"": 1, ""1"": 0}"
745,3,632,0.9575149135061878,0.933018754864289,0.9857594936708861,"{""0"": 2, ""1"": 0, ""2"": 1}"
745,4,632,0.9827740632118258,0.9733071855880778,0.9936708860759493,"{""0"": 3, ""1"": 1, ""2"": 0, ""3"": 2}"
745,5,632,0.8326860568519965,0.8475445614752527,0.9287974683544303,"{""0"": 4, ""1"": 3, ""2"": 0, ""3"": 1, ""4"": 2}"
745,6,632,0.906716927356387,0.8918259798212433,0.9556962025316456,"{""0"": 4, ""1"": 5, ""2"": 0, ""3"": 1, ""4"": 3, ""5"": 2}"
746,2,632,0.9936708273299782,0.984531938410481,0.9984177215189873,"{""0"": 1, ""1"": 0}"
746,3,632,0.9758660544978623,0.9579889446451595,0.9920886075949367,"{""0"": 0, ""1"": 1, ""2"": 2}"
746,4,632,0.944501272106287,0.9363859765504334,0.9810126582278481,"{""0"": 1, ""1"": 3, ""2"": 0, ""3"": 2}"
746,5,632,0.683897837200764,0.7275118724129077,0.8575949367088608,"{""0"": 3, ""1"": 4, ""2"": 0, ""3"": 1, ""4"": 2}"
746,6,632,0.505006079568798,0.6268523798316618,0.6598101265822784,"{""0"": 4, ""1"": 3, ""2"": 0, ""3"": 5, ""4"": 2, ""5"": 1}"
747,2,632,0.147892420853457,0.21571451819697746,0.6930379746835443,"{""0"": 1, ""1"": 0}"
747,3,632,0.8566720810657276,0.8424018162765018,0.9556962025316456,"{""0"": 0, ""1"": 2, ""2"": 1}"
747,4,632,0.9858634882878476,0.979962933223569,0.995253164556962,"{""0"": 2, ""1"": 3, ""2"": 1, ""3"": 0}"
747,5,632,0.6927611711740371,0.7190306257458088,0.8512658227848101,"{""0"": 4, ""1"": 2, ""2"": 0, ""3"": 1, ""4"": 3}"
747,6,632,0.9124432029420131,0.9174140909700008,0.9620253164556962,"{""0"": 5, ""1"": 0, ""2"": 3, ""3"": 1, ""4"": 4, ""5"": 2}"
748,2,632,1.0,1.0,1.0,"{""0"": 0, ""1"": 1}"
748,3,632,0.778823712312551,0.7860468360592852,0.9287974683544303,"{""0"": 0, ""1"": 1, ""2"": 2}"
748,4,632,0.9539482919930714,0.9472645954864958,0.9841772151898734,"{""0"": 3, ""1"": 0, ""2"": 2, ""3"": 1}"
748,5,632,0.4661704943178667,0.5789682650846643,0.6566455696202531,"{""0"": 3, ""1"": 4, ""2"": 0, ""3"": 2, ""4"": 1}"
748,6,632,0.623562964209047,0.6731079841468168,0.7784810126582279,"{""0"": 1, ""1"": 3, ""2"": 5, ""3"": 2, ""4"": 0, ""5"": 4}"
749,2,632,0.9936708722291195,0.9845476369840697,0.9984177215189873,"{""0"": 0, ""1"": 1}"
749,3,632,0.7513417802315998,0.7612106320602081,0.9208860759493671,"{""0"": 2, ""1"": 0, ""2"": 1}"
749,4,632,0.9506574288592509,0.9256731032777603,0.9810126582278481,"{""0"": 0, ""1"": 2, ""2"": 1, ""3"": 3}"
749,5,632,0.8827155192498345,0.8814333287730222,0.9541139240506329,"{""0"": 2, ""1"": 0, ""2"": 4, ""3"": 3, ""4"": 1}"
749,6,632,0.8835264405216621,0.8737276798718392,0.9462025316455697,"{""0"": 3, ""1"": 1, ""2"": 5, ""3"": 4, ""4"": 0, ""5"": 2}"
750,2,632,0.9623261635404452,0.9232100190948629,0.990506329113924,"{""0"": 1, ""1"": 0}"
750,3,632,0.9681039069709239,0.9417906480532194,0.9889240506329114,"{""0"": 0, ""1"": 1, ""2"": 2}"
750,4,632,0.9402916578262931,0.9183121309565339,0.9762658227848101,"{""0"": 3, ""1"": 1, ""2"": 0, ""3"": 2}"
750,5,632,0.6314599810907976,0.6860362635749955,0.8085443037974683,"{""0"": 1, ""1"": 2, ""2"": 0, ""3"": 3, ""4"": 4}"
750,6,632,0.9009385589012185,0.9079415336397457,0.9620253164556962,"{""0"": 5, ""1"": 3, ""2"": 1, ""3"": 2, ""4"": 4, ""5"": 0}"
751,2,632,1.0,1.0,1.0,"{""0"": 1, ""1"": 0}"
751,3,632,0.962157545145997,0.934226949899288,0.9873417721518988,"{""0"": 1, ""1"": 2, ""2"": 0}"
751,4,632,0.9644337514980751,0.9509153888180535,0.9873417721518988,"{""0"": 3, ""1"": 1, ""2"": 0, ""3"": 2}"
751,5,632,0.7025993641885411,0.7405930542459797,0.8670886075949367,"{""0"": 4, ""1"": 3, ""2"": 0, ""3"": 1, ""4"": 2}"
751,6,632,0.420749373522236,0.5370215390730715,0.5981012658227848,"{""0"": 0, ""1"": 1, ""2"": 5, ""3"": 4, ""4"": 3, ""5"": 2}"
752,2,632,0.9623261702529738,0.9233329463011919,0.990506329113924,"{""0"": 1, ""1"": 0}"
752,3,632,0.7768026328743419,0.7920246577515024,0.930379746835443,"{""0"": 0, ""1"": 1, ""2"": 2}"
752,4,632,0.9812327372816364,0.972749211170408,0.9936708860759493,"{""0"": 0, ""1"": 2, ""2"": 1, ""3"": 3}"
752,5,632,0.6448248173914538,0.6941243830859077,0.8037974683544303,"{""0"": 4, ""1"": 0, ""2"": 3, ""3"": 1, ""4"": 2}"
752,6,632,0.7950503451883223,0.8039994400943632,0.9098101265822784,"{""0"": 0, ""1"": 5, ""2"": 3, ""3"": 1, ""4"": 4, ""5"": 2}"
753,2,632,0.9437601645080868,0.9062920852570365,0.9857594936708861,"{""0"": 1, ""1"": 0}"
753,3,632,0.992196390553309,0.9810933909827612,0.9968354430379747,"{""0"": 0, ""1"": 1, ""2"": 2}"
753,4,632,0.932896254145682,0.922785853584772,0.9762658227848101,"{""0"": 2, ""1"": 3, ""2"": 1, ""3"": 0}"
753,5,632,0.4763261375851246,0.593293382704711,0.7199367088607594,"{""0"": 2, ""1"": 1, ""2"": 3, ""3"": 0, ""4"": 4}"
753,6,632,0.7170009376885735,0.7705610528649335,0.865506329113924,"{""0"": 5, ""1"": 2, ""2"": 4, ""3"": 1, ""4"": 0, ""5"": 3}"
754,2,632,0.981072474024306,0.9611098726262466,0.995253164556962,"{""0"": 0, ""1"": 1}"
754,3,632,0.7792457413308416,0.7881547616703664,0.930379746835443,"{""0"": 2, ""1"": 0, ""2"": 1}"
754,4,632,0.9285332805811571,0.9222239385073989,0.9746835443037974,"{""0"": 2, ""1"": 1, ""2"": 3, ""3"": 0}"
754,5,632,0.6678705004970745,0.7052620865519006,0.8322784810126582,"{""0"": 4, ""1"": 2, ""2"": 0, ""3"": 1, ""4"": 3}"
754,6,632,0.9134272026455877,0.9029273199258436,0.9588607594936709,"{""0"": 2, ""1"": 4, ""2"": 5, ""3"": 1, ""4"": 0, ""5"": 3}"
755,2,632,0.9561174789149722,0.9135548136101439,0.9889240506329114,"{""0"": 0, ""1"": 1}"
755,3,632,0.9718935860237219,0.9612252782199653,0.9920886075949367,"{""0"": 1, ""1"": 0, ""2"": 2}"
755,4,632,0.9690135939386948,0.9592199775115605,0.9889240506329114,"{""0"": 2, ""1"": 0, ""2"": 3, ""3"": 1}"
755,5,632,0.9542999781328976,0.9504085723530031,0.9825949367088608,"{""0"": 4, ""1"": 3, ""2"": 0, ""3"": 1, ""4"": 2}"
755,6,632,0.5385811640027637,0.6596577497686527,0.6819620253164557,"{""0"": 2, ""1"": 4, ""2"": 3, ""3"": 0, ""4"": 1, ""5"": 5}"
756,2,632,0.16452697959617651,0.22786664084488872,0.7041139240506329,"{""0"": 1, ""1"": 0}"
756,3,632,1.0,1.0,1.0,"{""0"": 2, ""1"": 1, ""2"": 0}"
756,4,632,0.9680706966933306,0.9621533813893459,0.9889240506329114,"{""0"": 0, ""1"": 2, ""2"": 3, ""3"": 1}"
756,5,632,0.6199245164394093,0.6794599382020805,0.805379746835443,"{""0"": 0, ""1"": 3, ""2"": 1, ""3"": 2, ""4"": 4}"
756,6,632,0.8209094843235526,0.8355016779925274,0.9177215189873418,"{""0"": 5, ""1"": 2, ""2"": 1, ""3"": 3, ""4"": 4, ""5"": 0}"
757,2,632,0.9810728411916092,0.9612255204556784,0.995253164556962,"{""0"": 1, ""1"": 0}"
757,3,632,0.9502134850084014,0.9395507494606457,0.9857594936708861,"{""0"": 1, ""1"": 2, ""2"": 0}"
757,4,632,0.9646466938754934,0.954000929353825,0.9873417721518988,"{""0"": 2, ""1"": 3, ""2"": 0, ""3"": 1}"
757,5,632,0.6247340943875503,0.6769925360752309,0.810126582278481,"{""0"": 0, ""1"": 1, ""2"": 3, ""3"": 4, ""4"": 2}"
757,6,632,0.5156666389680854,0.6517253529933146,0.6598101265822784,"{""0"": 0, ""1"": 5, ""2"": 1, ""3"": 2, ""4"": 4, ""5"": 3}"
758,2,632,1.0,1.0,1.0,"{""0"": 0, ""1"": 1}"
758,3,632,0.9907271020582201,0.9804703568738236,0.9968354430379747,"{""0"": 0, ""1"": 2, ""2"": 1}"
758,4,632,0.9527528996593292,0.9360296893882191,0.9825949367088608,"{""0"": 2, ""1"": 3, ""2"": 0, ""3"": 1}"
758,5,632,0.8548564880618951,0.865981790834597,0.9430379746835443,"{""0"": 3, ""1"": 2, ""2"": 4, ""3"": 0, ""4"": 1}"
758,6,632,0.5382673230256944,0.6522426557906507,0.6835443037974683,"{""0"": 2, ""1"": 3, ""2"": 5, ""3"": 4, ""4"": 0, ""5"": 1}"
759,2,632,0.9810728187981936,0.9611910208541542,0.995253164556962,"{""0"": 0, ""1"": 1}"
759,3,632,0.9851304155421297,0.9704044249800324,0.995253164556962,"{""0"": 0, ""1"": 1, ""2"": 2}"
759,4,632,0.9768800681669664,0.9678940715346946,0.9920886075949367,"{""0"": 1, ""1"": 2, ""2"": 0, ""3"": 3}"
759,5,632,0.7324771041105709,0.7659120183711684,0.875,"{""0"": 2, ""1"": 4, ""2"": 3, ""3"": 0, ""4"": 1}"
759,6,632,0.9234985176314056,0.9284070354314123,0.9699367088607594,"{""0"": 5, ""1"": 3, ""2"": 1, ""3"": 4, ""4"": 2, ""5"": 0}"
760,2,632,0.9873617596889012,0.9722500094707324,0.9968354430379747,"{""0"": 0, ""1"": 1}"
760,3,632,1.0,1.0,1.0,"{""0"": 0, ""1"": 1, ""2"": 2}"
760,4,632,0.9466993906862597,0.9335123217324695,0.9810126582278481,"{""0"": 0, ""1"": 2, ""2"": 3, ""3"": 1}"
760,5,632,0.6573967755375617,0.6970915192238211,0.8354430379746836,"{""0"": 3, ""1"": 0, ""2"": 2, ""3"": 1, ""4"": 4}"
760,6,632,0.877778498457616,0.881279715201508,0.9477848101265823,"{""0"": 2, ""1"": 3, ""2"": 0, ""3"": 1, ""4"": 4, ""5"": 5}"
761,2,632,0.9873617803380208,0.9690915953513722,0.9968354430379747,"{""0"": 1, ""1"": 0}"
761,3,632,0.9846430659242962,0.9721838038558213,0.995253164556962,"{""0"": 2, ""1"": 1, ""2"": 0}"
761,4,632,0.9952424184667292,0.9927454279842327,0.9984177215189873,"{""0"": 3, ""1"": 0, ""2"": 2, ""3"": 1}"
761,5,632,0.4971648802086289,0.6126053027871048,0.7341772151898734,"{""0"": 1, ""1"": 0, ""2"": 2, ""3"": 4, ""4"": 3}"
761,6,632,0.6527524104383418,0.7181743725302904,0.810126582278481,"{""0"": 2, ""1"": 3, ""2"": 0, ""3"": 5, ""4"": 4, ""5"": 1}"
762,2,632,0.9936708861740091,0.9845626923798214,0.9984177215189873,"{""0"": 0, ""1"": 1}"
762,3,632,0.9827982291311493,0.9616074329898865,0.9936708860759493,"{""0"": 0, ""1"": 1, ""2"": 2}"
762,4,632,0.9675346883953511,0.9618914576881581,0.9889240506329114,"{""0"": 2, ""1"": 1, ""2"": 3, ""3"": 0}"
762,5,632,0.680771476718879,0.7187098923637746,0.8465189873417721,"{""0"": 2, ""1"": 4, ""2"": 0, ""3"": 3, ""4"": 1}"
762,6,632,0.963870939047047,0.9609540190904964,0.9841772151898734,"{""0"": 3, ""1"": 1, ""2"": 0, ""3"": 4, ""4"": 5, ""5"": 2}"
763,2,632,0.9936707320381766,0.9845129638718383,0.9984177215189873,"{""0"": 1, ""1"": 0}"
763,3,632,0.9773304944125204,0.9556615599422348,0.9920886075949367,"{""0"": 0, ""1"": 2, ""2"": 1}"
763,4,632,0.9485981881806678,0.941096817394924,0.9825949367088608,"{""0"": 2, ""1"": 1, ""2"": 0, ""3"": 3}"
763,5,632,0.6893910807073607,0.7319083219398065,0.8623417721518988,"{""0"": 1, ""1"": 2, ""2"": 4, ""3"": 0, ""4"": 3}"
763,6,632,0.9377876530597107,0.9268747130586344,0.9715189873417721,"{""0"": 3, ""1"": 2, ""2"": 5, ""3"": 0, ""4"": 1, ""5"": 4}"
764,2,632,0.9936708424670813,0.9845361690679575,0.9984177215189873,"{""0"": 1, ""1"": 0}"
764,3,632,0.9739799510181388,0.9587079964450256,0.9920886075949367,"{""0"": 0, ""1"": 1, ""2"": 2}"
764,4,632,0.9546641973138027,0.9456538687660057,0.9841772151898734,"{""0"": 3, ""1"": 0, ""2"": 2, ""3"": 1}"
764,5,632,0.6324623339735033,0.6822800874925445,0.814873417721519,"{""0"": 1, ""1"": 3, ""2"": 0, ""3"": 2, ""4"": 4}"
764,6,632,0.9227612469049953,0.9101532621417235,0.9651898734177216,"{""0"": 3, ""1"": 1, ""2"": 5, ""3"": 4, ""4"": 2, ""5"": 0}"
765,2,632,0.9936708740502365,0.9845763093626713,0.9984177215189873,"{""0"": 0, ""1"": 1}"
765,3,632,0.9737915485102007,0.9586789027658033,0.9920886075949367,"{""0"": 0, ""1"": 1, ""2"": 2}"
765,4,632,0.9517444057821924,0.9346195870097099,0.9825949367088608,"{""0"": 3, ""1"": 1, ""2"": 0, ""3"": 2}"
765,5,632,0.5832986430232743,0.6497819602153828,0.7753164556962026,"{""0"": 0, ""1"": 2, ""2"": 4, ""3"": 1, ""4"": 3}"
765,6,632,0.5019675835184008,0.6240894988064516,0.6582278481012658,"{""0"": 4, ""1"": 3, ""2"": 0, ""3"": 2, ""4"": 1, ""5"": 5}"
766,2,632,1.0,1.0,1.0,"{""0"": 0, ""1"": 1}"
766,3,632,0.977720644222256,0.9680774932651308,0.9936708860759493,"{""0"": 0, ""1"": 1, ""2"": 2}"
766,4,632,0.8444019336228349,0.8603849287194341,0.9430379746835443,"{""0"": 3, ""1"": 2, ""2"": 0, ""3"": 1}"
766,5,632,0.9296617915674618,0.9199035945751074,0.9731012658227848,"{""0"": 0, ""1"": 2, ""2"": 4, ""3"": 3, ""4"": 1}"
766,6,632,0.9733567498040965,0.9650101373484473,0.9889240506329114,"{""0"": 0, ""1"": 5, ""2"": 2, ""3"": 3, ""4"": 1, ""5"": 4}"
767,2,632,0.9873618317977748,0.9722863191620774,0.9968354430379747,"{""0"": 0, ""1"": 1}"
767,3,632,0.9626690695874278,0.9391150242931836,0.9873417721518988,"{""0"": 2, ""1"": 1, ""2"": 0}"
767,4,632,0.9769628560231589,0.9678230430394338,0.9920886075949367,"{""0"": 3, ""1"": 1, ""2"": 0, ""3"": 2}"
767,5,632,0.6574398464853611,0.7095329559719085,0.8338607594936709,"{""0"": 3, ""1"": 0, ""2"": 1, ""3"": 4, ""4"": 2}"
767,6,632,0.6749862425449353,0.7249504124037849,0.8465189873417721,"{""0"": 0, ""1"": 2, ""2"": 4, ""3"": 5, ""4"": 1, ""5"": 3}"
768,2,632,1.0,1.0,1.0,"{""0"": 1, ""1"": 0}"
768,3,632,0.9698026037256878,0.9487696815613709,0.990506329113924,"{""0"": 1, ""1"": 2, ""2"": 0}"
768,4,632,0.958801431870733,0.9475514881021754,0.9857594936708861,"{""0"": 1, ""1"": 2, ""2"": 3, ""3"": 0}"
768,5,632,0.466556730909174,0.5976238224143293,0.6977848101265823,"{""0"": 4, ""1"": 0, ""2"": 1, ""3"": 2, ""4"": 3}"
768,6,632,0.9467613527914188,0.9491813489122974,0.9778481012658228,"{""0"": 5, ""1"": 2, ""2"": 3, ""3"": 0, ""4"": 4, ""5"": 1}"
769,2,632,0.9873618181534536,0.9723124057232461,0.9968354430379747,"{""0"": 1, ""1"": 0}"
769,3,632,0.9683834437385941,0.9526497801950469,0.990506329113924,"{""0"": 0, ""1"": 1, ""2"": 2}"
769,4,632,0.881985767470208,0.8708023570611397,0.9556962025316456,"{""0"": 1, ""1"": 3, ""2"": 2, ""3"": 0}"
769,5,632,0.8974565261715272,0.8961533030246246,0.9588607594936709,"{""0"": 1, ""1"": 0, ""2"": 3, ""3"": 4, ""4"": 2}"
769,6,632,0.9025345426916598,0.9061018582391765,0.9604430379746836,"{""0"": 0, ""1"": 2, ""2"": 3, ""3"": 1, ""4"": 4, ""5"": 5}"
770,2,632,0.9376116750922887,0.8981884973603469,0.9841772151898734,"{""0"": 0, ""1"": 1}"
770,3,632,0.9722729672271898,0.9515010149266361,0.990506329113924,"{""0"": 0, ""1"": 1, ""2"": 2}"
770,4,632,0.9719998842864555,0.9539769899080015,0.9889240506329114,"{""0"": 1, ""1"": 3, ""2"": 0, ""3"": 2}"
770,5,632,0.6295237905877253,0.6915433186632822,0.8022151898734177,"{""0"": 1, ""1"": 0, ""2"": 2, ""3"": 4, ""4"": 3}"
770,6,632,0.8898504911931104,0.8911690365843044,0.9556962025316456,"{""0"": 2, ""1"": 0, ""2"": 1, ""3"": 5, ""4"": 3, ""5"": 4}"
771,2,632,0.9810717136172943,0.961027772811233,0.995253164556962,"{""0"": 0, ""1"": 1}"
771,3,632,0.9776419659117251,0.9678263183440434,0.9936708860759493,"{""0"": 0, ""1"": 1, ""2"": 2}"
771,4,632,0.9687192257092194,0.9576933124359838,0.9889240506329114,"{""0"": 1, ""1"": 3, ""2"": 0, ""3"": 2}"
771,5,632,0.6382443576550002,0.6988460030487337,0.8180379746835443,"{""0"": 2, ""1"": 4, ""2"": 1, ""3"": 0, ""4"": 3}"
771,6,632,0.8621603004776932,0.8689840710783966,0.9382911392405063,"{""0"": 5, ""1"": 1, ""2"": 2, ""3"": 3, ""4"": 0, ""5"": 4}"
772,2,632,0.9810728187981936,0.9611910208541542,0.995253164556962,"{""0"": 1, ""1"": 0}"
772,3,632,0.7473872247409185,0.7544132500827028,0.9193037974683544,"{""0"": 0, ""1"": 1, ""2"": 2}"
772,4,632,0.9464054012715241,0.9278336076286299,0.9794303797468354,"{""0"": 2, ""1"": 0, ""2"": 3, ""3"": 1}"
772,5,632,0.6289522159047656,0.6850933700141495,0.8006329113924051,"{""0"": 3, ""1"": 0, ""2"": 2, ""3"": 1, ""4"": 4}"
772,6,632,0.7448300925162133,0.778269374012745,0.884493670886076,"{""0"": 2, ""1"": 1, ""2"": 0, ""3"": 4, ""4"": 5, ""5"": 3}"
773,2,632,0.9748039140855685,0.9509181083647031,0.9936708860759493,"{""0"": 1, ""1"": 0}"
773,3,632,0.9960197065746745,0.990502531188752,0.9984177215189873,"{""0"": 2, ""1"": 0, ""2"": 1}"
773,4,632,0.9777875177994928,0.9657160391901275,0.9920886075949367,"{""0"": 2, ""1"": 1, ""2"": 0, ""3"": 3}"
773,5,632,0.6748203656155821,0.7307246597771384,0.8496835443037974,"{""0"": 0, ""1"": 1, ""2"": 3, ""3"": 4, ""4"": 2}"
773,6,632,0.8537632163789549,0.8629615036265592,0.935126582278481,"{""0"": 5, ""1"": 3, ""2"": 1, ""3"": 0, ""4"": 2, ""5"": 4}"
774,2,632,0.9810718827288698,0.9610427343141392,0.995253164556962,"{""0"": 1, ""1"": 0}"
774,3,632,0.9831611092966146,0.9744415975197825,0.995253164556962,"{""0"": 1, ""1"": 2, ""2"": 0}"
774,4,632,0.9904429682846789,0.9854359506257423,0.9968354430379747,"{""0"": 0, ""1"": 2, ""2"": 1, ""3"": 3}"
774,5,632,0.7671615718515402,0.7925981807165384,0.9018987341772152,"{""0"": 4, ""1"": 3, ""2"": 0, ""3"": 1, ""4"": 2}"
774,6,632,0.9089439179609073,0.8918719076962154,0.9572784810126582,"{""0"": 5, ""1"": 4, ""2"": 1, ""3"": 3, ""4"": 0, ""5"": 2}"
775,2,632,0.9936708844547795,0.9845572768755257,0.9984177215189873,"{""0"": 1, ""1"": 0}"
775,3,632,0.8347497832785691,0.8338808400798953,0.9493670886075949,"{""0"": 2, ""1"": 0, ""2"": 1}"
775,4,632,0.8580296950207194,0.8601250208534907,0.9477848101265823,"{""0"": 2, ""1"": 3, ""2"": 0, ""3"": 1}"
775,5,632,0.4893124581302306,0.5764211394878161,0.6661392405063291,"{""0"": 0, ""1"": 1, ""2"": 3, ""3"": 4, ""4"": 2}"
775,6,632,0.4865106769539811,0.5805534480412575,0.6455696202531646,"{""0"": 2, ""1"": 4, ""2"": 0, ""3"": 5, ""4"": 1, ""5"": 3}"
776,2,632,0.9936708818950358,0.9845542661058769,0.9984177215189873,"{""0"": 1, ""1"": 0}"
776,3,632,0.9886905984867287,0.9816899400578538,0.9968354430379747,"{""0"": 0, ""1"": 2, ""2"": 1}"
776,4,632,0.9555949964493226,0.9440745185117542,0.9841772151898734,"{""0"": 1, ""1"": 2, ""2"": 3, ""3"": 0}"
776,5,632,0.7312655002235786,0.7660326082549302,0.8829113924050633,"{""0"": 1, ""1"": 4, ""2"": 3, ""3"": 2, ""4"": 0}"
776,6,632,0.8053143307808848,0.8108222256083693,0.9098101265822784,"{""0"": 4, ""1"": 3, ""2"": 2, ""3"": 0, ""4"": 1, ""5"": 5}"
777,2,632,1.0,1.0,1.0,"{""0"": 0, ""1"": 1}"
777,3,632,0.8184862207741821,0.7893050829060254,0.939873417721519,"{""0"": 0, ""1"": 1, ""2"": 2}"
777,4,632,0.8973925145848075,0.8686044327003145,0.9604430379746836,"{""0"": 3, ""1"": 1, ""2"": 2, ""3"": 0}"
777,5,632,0.7117822984512674,0.7446202178338612,0.870253164556962,"{""0"": 0, ""1"": 2, ""2"": 3, ""3"": 1, ""4"": 4}"
777,6,632,0.5028276107652323,0.6206498783729771,0.6661392405063291,"{""0"": 0, ""1"": 1, ""2"": 3, ""3"": 5, ""4"": 4, ""5"": 2}"
778,2,632,0.9936708779013222,0.9845510529189185,0.9984177215189873,"{""0"": 0, ""1"": 1}"
778,3,632,0.9473448694715576,0.9275589311102395,0.9841772151898734,"{""0"": 1, ""1"": 0, ""2"": 2}"
778,4,632,0.9517572657513476,0.9355489513561316,0.9825949367088608,"{""0"": 1, ""1"": 0, ""2"": 3, ""3"": 2}"
778,5,632,0.6497487314502128,0.6895500479178662,0.8354430379746836,"{""0"": 2, ""1"": 4, ""2"": 1, ""3"": 0, ""4"": 3}"
778,6,632,0.9305496649610295,0.933802632795559,0.9715189873417721,"{""0"": 4, ""1"": 2, ""2"": 3, ""3"": 0, ""4"": 1, ""5"": 5}"
779,2,632,1.0,1.0,1.0,"{""0"": 1, ""1"": 0}"
779,3,632,0.8108850351516289,0.8182289486318439,0.9414556962025317,"{""0"": 0, ""1"": 2, ""2"": 1}"
779,4,632,0.9683483554747959,0.9568980356974687,0.9889240506329114,"{""0"": 2, ""1"": 0, ""2"": 1, ""3"": 3}"
779,5,632,0.691495524169177,0.7370643858455664,0.8607594936708861,"{""0"": 1, ""1"": 3, ""2"": 0, ""3"": 4, ""4"": 2}"
779,6,632,0.494278102671719,0.6150257445405872,0.6598101265822784,"{""0"": 2, ""1"": 3, ""2"": 1, ""3"": 4, ""4"": 0, ""5"": 5}"
780,2,632,0.9873614204195429,0.9721911852332777,0.9968354430379747,"{""0"": 0, ""1"": 1}"
780,3,632,0.9831134952277004,0.9744349492646106,0.995253164556962,"{""0"": 1, ""1"": 0, ""2"": 2}"
780,4,632,0.9771875158890734,0.9693635035527998,0.9920886075949367,"{""0"": 3, ""1"": 1, ""2"": 0, ""3"": 2}"
780,5,632,0.6720356113843085,0.7258572477141342,0.8322784810126582,"{""0"": 4, ""1"": 0, ""2"": 1, ""3"": 2, ""4"": 3}"
780,6,632,0.5115598005849867,0.6176983971541457,0.6693037974683544,"{""0"": 1, ""1"": 3, ""2"": 5, ""3"": 0, ""4"": 4, ""5"": 2}"
781,2,632,1.0,1.0,1.0,"{""0"": 1, ""1"": 0}"
781,3,632,0.9637806591164603,0.9445018376794945,0.9889240506329114,"{""0"": 2, ""1"": 0, ""2"": 1}"
781,4,632,0.9157139390475851,0.910859068262814,0.9699367088607594,"{""0"": 1, ""1"": 2, ""2"": 3, ""3"": 0}"
781,5,632,0.9429039752862872,0.9296250606834072,0.9778481012658228,"{""0"": 3, ""1"": 4, ""2"": 0, ""3"": 2, ""4"": 1}"
781,6,632,0.5958654944191741,0.6686067403993692,0.7658227848101266,"{""0"": 5, ""1"": 4, ""2"": 0, ""3"": 2, ""4"": 1, ""5"": 3}"
782,2,632,0.968554841376183,0.9411040844491017,0.9920886075949367,"{""0"": 0, ""1"": 1}"
782,3,632,0.9799801166380453,0.9610745097074685,0.9920886075949367,"{""0"": 1, ""1"": 0, ""2"": 2}"
782,4,632,0.9476541660944275,0.9235715813233575,0.9794303797468354,"{""0"": 3, ""1"": 1, ""2"": 2, ""3"": 0}"
782,5,632,0.7152977693983262,0.7532735162598992,0.8718354430379747,"{""0"": 0, ""1"": 1, ""2"": 3, ""3"": 4, ""4"": 2}"
782,6,632,0.47177951649366423,0.6005567408139655,0.6424050632911392,"{""0"": 3, ""1"": 0, ""2"": 4, ""3"": 2, ""4"": 1, ""5"": 5}"
783,2,632,0.9810728187981936,0.9611910208541542,0.995253164556962,"{""0"": 1, ""1"": 0}"
783,3,632,0.9888010410698708,0.9818780349887238,0.9968354430379747,"{""0"": 0, ""1"": 1, ""2"": 2}"
783,4,632,0.9398966071579412,0.9345814369177217,0.9794303797468354,"{""0"": 0, ""1"": 1, ""2"": 3, ""3"": 2}"
783,5,632,0.8910393295691436,0.8932220577100022,0.9572784810126582,"{""0"": 1, ""1"": 4, ""2"": 2, ""3"": 3, ""4"": 0}"
783,6,632,0.5636941795480804,0.6306006396194733,0.6914556962025317,"{""0"": 0, ""1"": 4, ""2"": 1, ""3"": 3, ""4"": 5, ""5"": 2}"
784,2,632,1.0,1.0,1.0,"{""0"": 1, ""1"": 0}"
784,3,632,0.7821282668640752,0.7913082788368417,0.9319620253164557,"{""0"": 0, ""1"": 1, ""2"": 2}"
784,4,632,0.9463125787562653,0.9336515781682022,0.9810126582278481,"{""0"": 3, ""1"": 2, ""2"": 0, ""3"": 1}"
784,5,632,0.6900518831567409,0.7307142863631949,0.8623417721518988,"{""0"": 2, ""1"": 0, ""2"": 1, ""3"": 4, ""4"": 3}"
784,6,632,0.587395467986134,0.6715538678127487,0.7199367088607594,"{""0"": 3, ""1"": 1, ""2"": 2, ""3"": 4, ""4"": 0, ""5"": 5}"
785,2,632,1.0,1.0,1.0,"{""0"": 1, ""1"": 0}"
785,3,632,0.9943574533772569,0.9897860808019104,0.9984177215189873,"{""0"": 2, ""1"": 1, ""2"": 0}"
785,4,632,0.9640032849603107,0.9534425138638831,0.9873417721518988,"{""0"": 1, ""1"": 0, ""2"": 3, ""3"": 2}"
785,5,632,0.705962172148056,0.7567823110789118,0.8686708860759493,"{""0"": 0, ""1"": 4, ""2"": 2, ""3"": 3, ""4"": 1}"
785,6,632,0.5082053640609931,0.6290679361391218,0.6629746835443038,"{""0"": 0, ""1"": 1, ""2"": 5, ""3"": 4, ""4"": 2, ""5"": 3}"
786,2,632,1.0,1.0,1.0,"{""0"": 1, ""1"": 0}"
786,3,632,0.9757959194422094,0.9579031557833683,0.9920886075949367,"{""0"": 1, ""1"": 0, ""2"": 2}"
786,4,632,0.922267323436038,0.9195399061704097,0.9731012658227848,"{""0"": 2, ""1"": 3, ""2"": 1, ""3"": 0}"
786,5,632,0.604094467392257,0.6728388050466868,0.7943037974683544,"{""0"": 2, ""1"": 1, ""2"": 4, ""3"": 0, ""4"": 3}"
786,6,632,0.49577606773872973,0.6121698786716143,0.6566455696202531,"{""0"": 0, ""1"": 4, ""2"": 5, ""3"": 2, ""4"": 1, ""5"": 3}"
787,2,632,0.9936708646186224,0.9845440179495617,0.9984177215189873,"{""0"": 1, ""1"": 0}"
787,3,632,0.9720578723523403,0.951829676951914,0.990506329113924,"{""0"": 2, ""1"": 1, ""2"": 0}"
787,4,632,0.929092564841602,0.9109419120388528,0.9746835443037974,"{""0"": 2, ""1"": 0, ""2"": 3, ""3"": 1}"
787,5,632,0.6544559011821945,0.7080638969976095,0.8259493670886076,"{""0"": 3, ""1"": 4, ""2"": 1, ""3"": 0, ""4"": 2}"
787,6,632,0.5354534136387004,0.6417134486578567,0.6835443037974683,"{""0"": 0, ""1"": 2, ""2"": 1, ""3"": 3, ""4"": 4, ""5"": 5}"
788,2,632,0.19393896747323872,0.2443682728300656,0.7215189873417721,"{""0"": 0, ""1"": 1}"
788,3,632,0.9885270539347187,0.973886789416965,0.995253164556962,"{""0"": 1, ""1"": 0, ""2"": 2}"
788,4,632,0.9659402694015025,0.9508992658130014,0.9873417721518988,"{""0"": 3, ""1"": 2, ""2"": 1, ""3"": 0}"
788,5,632,0.956457088006747,0.9445519245300872,0.9825949367088608,"{""0"": 1, ""1"": 4, ""2"": 3, ""3"": 0, ""4"": 2}"
788,6,632,0.888209249402227,0.8752455674706208,0.9477848101265823,"{""0"": 1, ""1"": 4, ""2"": 2, ""3"": 3, ""4"": 5, ""5"": 0}"
789,2,632,0.987361812050309,0.9722697818088512,0.9968354430379747,"{""0"": 0, ""1"": 1}"
789,3,632,1.0,1.0,1.0,"{""0"": 0, ""1"": 1, ""2"": 2}"
789,4,632,0.9818969217265133,0.9729444510326204,0.9936708860759493,"{""0"": 2, ""1"": 0, ""2"": 3, ""3"": 1}"
789,5,632,0.6411978979414501,0.6908654711098571,0.8164556962025317,"{""0"": 0, ""1"": 1, ""2"": 3, ""3"": 2, ""4"": 4}"
789,6,632,0.8840344720969449,0.8713910988622349,0.9462025316455697,"{""0"": 0, ""1"": 3, ""2"": 5, ""3"": 1, ""4"": 4, ""5"": 2}"
790,2,632,1.0,1.0,1.0,"{""0"": 1, ""1"": 0}"
790,3,632,0.9610851370035496,0.938540945059992,0.9873417721518988,"{""0"": 1, ""1"": 2, ""2"": 0}"
790,4,632,0.9165744180662974,0.9004287241673928,0.9699367088607594,"{""0"": 0, ""1"": 2, ""2"": 1, ""3"": 3}"
790,5,632,0.6575285258968414,0.6967052924370769,0.8227848101265823,"{""0"": 0, ""1"": 1, ""2"": 2, ""3"": 4, ""4"": 3}"
790,6,632,0.8647606444431849,0.8744511338770102,0.9462025316455697,"{""0"": 2, ""1"": 4, ""2"": 3, ""3"": 1, ""4"": 0, ""5"": 5}"
791,2,632,1.0,1.0,1.0,"{""0"": 1, ""1"": 0}"
791,3,632,0.9738477152813149,0.958690599141263,0.9920886075949367,"{""0"": 1, ""1"": 0, ""2"": 2}"
791,4,632,0.9686261928228488,0.9573930245266932,0.9889240506329114,"{""0"": 2, ""1"": 0, ""2"": 1, ""3"": 3}"
791,5,632,0.6257496988364862,0.6804986306402943,0.8069620253164557,"{""0"": 4, ""1"": 1, ""2"": 0, ""3"": 3, ""4"": 2}"
791,6,632,0.7968029600490028,0.8136644831862325,0.9066455696202531,"{""0"": 5, ""1"": 0, ""2"": 4, ""3"": 3, ""4"": 2, ""5"": 1}"
792,2,632,0.9873616124373602,0.9722185821678141,0.9968354430379747,"{""0"": 1, ""1"": 0}"
792,3,632,0.7786899402232542,0.779448838954501,0.930379746835443,"{""0"": 2, ""1"": 0, ""2"": 1}"
792,4,632,0.969025557016766,0.9590679031704981,0.9889240506329114,"{""0"": 1, ""1"": 0, ""2"": 2, ""3"": 3}"
792,5,632,0.6450459332539846,0.6900766608615878,0.8132911392405063,"{""0"": 3, ""1"": 4, ""2"": 1, ""3"": 2, ""4"": 0}"
792,6,632,0.7454056205146071,0.7912511307887503,0.879746835443038,"{""0"": 4, ""1"": 1, ""2"": 3, ""3"": 5, ""4"": 2, ""5"": 0}"
793,2,632,1.0,1.0,1.0,"{""0"": 0, ""1"": 1}"
793,3,632,0.9943738862973415,0.9898689358437329,0.9984177215189873,"{""0"": 2, ""1"": 1, ""2"": 0}"
793,4,632,0.9906153358719717,0.9871685130507954,0.9968354430379747,"{""0"": 1, ""1"": 2, ""2"": 0, ""3"": 3}"
793,5,632,0.632539091887849,0.6817195625505559,0.8132911392405063,"{""0"": 0, ""1"": 4, ""2"": 1, ""3"": 2, ""4"": 3}"
793,6,632,0.9380532129652931,0.926078049348242,0.9699367088607594,"{""0"": 3, ""1"": 1, ""2"": 5, ""3"": 4, ""4"": 0, ""5"": 2}"
794,2,632,0.9873616976050853,0.9690668394101866,0.9968354430379747,"{""0"": 1, ""1"": 0}"
794,3,632,0.9795731200465864,0.9651234459156218,0.9936708860759493,"{""0"": 0, ""1"": 1, ""2"": 2}"
794,4,632,0.9519181674005437,0.9356098710285325,0.9825949367088608,"{""0"": 3, ""1"": 1, ""2"": 0, ""3"": 2}"
794,5,632,0.6407401629081781,0.6883381948827748,0.8180379746835443,"{""0"": 3, ""1"": 2, ""2"": 4, ""3"": 0, ""4"": 1}"
794,6,632,0.8781979293443419,0.8708240826600966,0.9462025316455697,"{""0"": 0, ""1"": 2, ""2"": 4, ""3"": 5, ""4"": 1, ""5"": 3}"
795,2,632,0.9936708858097872,0.984560085537352,0.9984177215189873,"{""0"": 0, ""1"": 1}"
795,3,632,0.9667668992710408,0.9560365390096301,0.990506329113924,"{""0"": 1, ""1"": 2, ""2"": 0}"
795,4,632,0.9552046125055751,0.9426671257218752,0.9841772151898734,"{""0"": 1, ""1"": 3, ""2"": 0, ""3"": 2}"
795,5,632,0.9466975448597093,0.9377198510728905,0.9794303797468354,"{""0"": 2, ""1"": 4, ""2"": 0, ""3"": 3, ""4"": 1}"
795,6,632,0.4848091085089194,0.6083871513408206,0.6518987341772152,"{""0"": 2, ""1"": 0, ""2"": 4, ""3"": 3, ""4"": 1, ""5"": 5}"
796,2,632,0.9873618258027198,0.9723067325471408,0.9968354430379747,"{""0"": 1, ""1"": 0}"
796,3,632,0.9753685242522506,0.9561239528812403,0.9920886075949367,"{""0"": 1, ""1"": 2, ""2"": 0}"
796,4,632,0.948172207174066,0.9290767612534916,0.9810126582278481,"{""0"": 3, ""1"": 1, ""2"": 0, ""3"": 2}"
796,5,632,0.6232526042368998,0.6847462068068104,0.7990506329113924,"{""0"": 4, ""1"": 0, ""2"": 1, ""3"": 3, ""4"": 2}"
796,6,632,0.49455876272094823,0.6232567516415347,0.6487341772151899,"{""0"": 2, ""1"": 3, ""2"": 0, ""3"": 1, ""4"": 5, ""5"": 4}"
797,2,632,0.9936708818950358,0.9845542661058769,0.9984177215189873,"{""0"": 1, ""1"": 0}"
797,3,632,0.7821588652831472,0.7795753056704506,0.9287974683544303,"{""0"": 2, ""1"": 1, ""2"": 0}"
797,4,632,0.9106306804117074,0.9070587968249647,0.9683544303797469,"{""0"": 3, ""1"": 1, ""2"": 0, ""3"": 2}"
797,5,632,0.6010630366676335,0.6646860800592573,0.7895569620253164,"{""0"": 2, ""1"": 1, ""2"": 4, ""3"": 0, ""4"": 3}"
797,6,632,0.8923865181635747,0.9038483356418607,0.9493670886075949,"{""0"": 5, ""1"": 2, ""2"": 4, ""3"": 0, ""4"": 1, ""5"": 3}"
798,2,632,1.0,1.0,1.0,"{""0"": 0, ""1"": 1}"
798,3,632,0.9902960769594485,0.9804457574478639,0.9968354430379747,"{""0"": 0, ""1"": 1, ""2"": 2}"
798,4,632,0.960983524130856,0.9518732080616583,0.9857594936708861,"{""0"": 2, ""1"": 0, ""2"": 1, ""3"": 3}"
798,5,632,0.7664986992581213,0.7928802569904019,0.8955696202531646,"{""0"": 0, ""1"": 2, ""2"": 3, ""3"": 4, ""4"": 1}"
798,6,632,0.5044907479757569,0.6215451081067211,0.6566455696202531,"{""0"": 4, ""1"": 3, ""2"": 0, ""3"": 5, ""4"": 2, ""5"": 1}"
799,2,632,0.9314830881490326,0.8787208238370172,0.9825949367088608,"{""0"": 0, ""1"": 1}"
799,3,632,0.995892485133776,0.9905296779917024,0.9984177215189873,"{""0"": 0, ""1"": 1, ""2"": 2}"
799,4,632,0.9541430373922638,0.9427339408773944,0.9841772151898734,"{""0"": 3, ""1"": 2, ""2"": 1, ""3"": 0}"
799,5,632,0.8482034822158268,0.8503496611475875,0.9382911392405063,"{""0"": 4, ""1"": 2, ""2"": 3, ""3"": 1, ""4"": 0}"
799,6,632,0.8966847428576469,0.8817671054974633,0.9541139240506329,"{""0"": 0, ""1"": 4, ""2"": 5, ""3"": 2, ""4"": 1, ""5"": 3}"
800,2,632,1.0,1.0,1.0,"{""0"": 1, ""1"": 0}"
800,3,632,0.7812087108880518,0.7782894023270444,0.930379746835443,"{""0"": 2, ""1"": 1, ""2"": 0}"
800,4,632,0.9871706106430378,0.9803233449594503,0.995253164556962,"{""0"": 3, ""1"": 2, ""2"": 1, ""3"": 0}"
800,5,632,0.49552738297564325,0.6093370777891759,0.7373417721518988,"{""0"": 2, ""1"": 1, ""2"": 0, ""3"": 3, ""4"": 4}"
800,6,632,0.8807150381697859,0.8772639122087483,0.944620253164557,"{""0"": 3, ""1"": 2, ""2"": 0, ""3"": 4, ""4"": 1, ""5"": 5}"
801,2,632,0.98736088211015,0.9721381587970688,0.9968354430379747,"{""0"": 1, ""1"": 0}"
801,3,632,0.9760460950592793,0.9550366516123528,0.9920886075949367,"{""0"": 1, ""1"": 2, ""2"": 0}"
801,4,632,0.9809077679737501,0.9747981405885436,0.9936708860759493,"{""0"": 2, ""1"": 1, ""2"": 3, ""3"": 0}"
801,5,632,0.6648400468107706,0.7101271834710854,0.8259493670886076,"{""0"": 2, ""1"": 4, ""2"": 0, ""3"": 3, ""4"": 1}"
801,6,632,0.8137315755030892,0.8281157461786998,0.9098101265822784,"{""0"": 2, ""1"": 3, ""2"": 1, ""3"": 0, ""4"": 5, ""5"": 4}"
802,2,632,1.0,1.0,1.0,"{""0"": 0, ""1"": 1}"
802,3,632,0.9885549585725399,0.9738106089185801,0.995253164556962,"{""0"": 2, ""1"": 1, ""2"": 0}"
802,4,632,0.9610018859113465,0.9437360486389192,0.9857594936708861,"{""0"": 1, ""1"": 3, ""2"": 0, ""3"": 2}"
802,5,632,0.761857054478071,0.791605240050016,0.8971518987341772,"{""0"": 1, ""1"": 0, ""2"": 2, ""3"": 3, ""4"": 4}"
802,6,632,0.48299897104065825,0.5748168353277837,0.6408227848101266,"{""0"": 3, ""1"": 2, ""2"": 0, ""3"": 4, ""4"": 5, ""5"": 1}"
803,2,632,0.16771470057853682,0.2411923760933472,0.7056962025316456,"{""0"": 1, ""1"": 0}"
803,3,632,0.9698375532288969,0.9493299636542798,0.990506329113924,"{""0"": 0, ""1"": 2, ""2"": 1}"
803,4,632,0.9632670841813422,0.9439044917442982,0.9857594936708861,"{""0"": 1, ""1"": 0, ""2"": 3, ""3"": 2}"
803,5,632,0.9424019962253932,0.9303902220295442,0.9778481012658228,"{""0"": 0, ""1"": 2, ""2"": 1, ""3"": 4, ""4"": 3}"
803,6,632,0.5436437315102596,0.6535044697976988,0.6882911392405063,"{""0"": 3, ""1"": 1, ""2"": 4, ""3"": 0, ""4"": 5, ""5"": 2}"
804,2,632,1.0,1.0,1.0,"{""0"": 0, ""1"": 1}"
804,3,632,0.9790040525984528,0.9648964584504036,0.9936708860759493,"{""0"": 1, ""1"": 2, ""2"": 0}"
804,4,632,0.9419734495882738,0.9274118069095243,0.9794303797468354,"{""0"": 2, ""1"": 1, ""2"": 3, ""3"": 0}"
804,5,632,0.7766639273029583,0.8096104230914968,0.9050632911392406,"{""0"": 2, ""1"": 0, ""2"": 3, ""3"": 4, ""4"": 1}"
804,6,632,0.4595083014596315,0.5937479641104966,0.6661392405063291,"{""0"": 4, ""1"": 1, ""2"": 0, ""3"": 3, ""4"": 2, ""5"": 5}"
805,2,632,0.157106473725009,0.21721487363603828,0.6993670886075949,"{""0"": 0, ""1"": 1}"
805,3,632,0.8227915459747532,0.8351999818983266,0.9462025316455697,"{""0"": 1, ""1"": 2, ""2"": 0}"
805,4,632,0.9875998244460724,0.9805675801939101,0.995253164556962,"{""0"": 0, ""1"": 2, ""2"": 3, ""3"": 1}"
805,5,632,0.6090430044722381,0.6726343922642372,0.7927215189873418,"{""0"": 4, ""1"": 1, ""2"": 3, ""3"": 2, ""4"": 0}"
805,6,632,0.8324712488253908,0.8384294575963303,0.9287974683544303,"{""0"": 1, ""1"": 0, ""2"": 4, ""3"": 5, ""4"": 2, ""5"": 3}"
806,2,632,0.9685543014644238,0.9410188595172887,0.9920886075949367,"{""0"": 1, ""1"": 0}"
806,3,632,0.9647923823639827,0.9401676453004074,0.9873417721518988,"{""0"": 1, ""1"": 0, ""2"": 2}"
806,4,632,0.94857711842734,0.9254602699525624,0.9810126582278481,"{""0"": 2, ""1"": 3, ""2"": 1, ""3"": 0}"
806,5,632,0.6490330647400148,0.6934241449133374,0.8164556962025317,"{""0"": 4, ""1"": 2, ""2"": 0, ""3"": 3, ""4"": 1}"
806,6,632,0.9337214115582771,0.9302458318482103,0.9715189873417721,"{""0"": 5, ""1"": 4, ""2"": 0, ""3"": 3, ""4"": 2, ""5"": 1}"
807,2,632,0.9936708814671382,0.9845711065944318,0.9984177215189873,"{""0"": 1, ""1"": 0}"
807,3,632,0.9700734916119673,0.9516629629816376,0.990506329113924,"{""0"": 1, ""1"": 2, ""2"": 0}"
807,4,632,0.9516016050736329,0.9373650898455584,0.9825949367088608,"{""0"": 2, ""1"": 3, ""2"": 1, ""3"": 0}"
807,5,632,0.6476095870297248,0.7020409824249737,0.8069620253164557,"{""0"": 4, ""1"": 2, ""2"": 1, ""3"": 0, ""4"": 3}"
807,6,632,0.9271610328039473,0.9282801820625612,0.9715189873417721,"{""0"": 2, ""1"": 0, ""2"": 1, ""3"": 4, ""4"": 3, ""5"": 5}"
808,2,632,0.968553164912675,0.9351955083796442,0.9920886075949367,"{""0"": 0, ""1"": 1}"
808,3,632,0.795810211593717,0.7943439149071214,0.935126582278481,"{""0"": 1, ""1"": 0, ""2"": 2}"
808,4,632,0.9276702412652521,0.9172317267568595,0.9746835443037974,"{""0"": 1, ""1"": 0, ""2"": 3, ""3"": 2}"
808,5,632,0.6127667388499978,0.690159205603862,0.819620253164557,"{""0"": 2, ""1"": 4, ""2"": 3, ""3"": 1, ""4"": 0}"
808,6,632,0.6314582681253494,0.7195403621974733,0.745253164556962,"{""0"": 3, ""1"": 1, ""2"": 5, ""3"": 0, ""4"": 4, ""5"": 2}"
809,2,632,1.0,1.0,1.0,"{""0"": 1, ""1"": 0}"
809,3,632,0.9927228283742381,0.9834011446571157,0.9968354430379747,"{""0"": 2, ""1"": 1, ""2"": 0}"
809,4,632,0.8793582917838348,0.8826202661913622,0.9572784810126582,"{""0"": 3, ""1"": 1, ""2"": 0, ""3"": 2}"
809,5,632,0.8708791940759091,0.8728025803946498,0.9493670886075949,"{""0"": 1, ""1"": 3, ""2"": 0, ""3"": 2, ""4"": 4}"
809,6,632,0.7089203818862876,0.7635002227838249,0.8575949367088608,"{""0"": 0, ""1"": 4, ""2"": 1, ""3"": 2, ""4"": 5, ""5"": 3}"
810,2,632,0.9936706138160126,0.9844965643722311,0.9984177215189873,"{""0"": 1, ""1"": 0}"
810,3,632,0.9725170966077168,0.9517426783619394,0.990506329113924,"{""0"": 2, ""1"": 0, ""2"": 1}"
810,4,632,0.9598758360684758,0.9409320650735272,0.9857594936708861,"{""0"": 2, ""1"": 3, ""2"": 1, ""3"": 0}"
810,5,632,0.8325120444093411,0.8529363013707667,0.9319620253164557,"{""0"": 2, ""1"": 4, ""2"": 1, ""3"": 3, ""4"": 0}"
810,6,632,0.5028003533187473,0.63687727590456,0.6661392405063291,"{""0"": 0, ""1"": 4, ""2"": 5, ""3"": 3, ""4"": 1, ""5"": 2}"
811,2,632,0.9936708844547795,0.9845572768755257,0.9984177215189873,"{""0"": 1, ""1"": 0}"
811,3,632,0.7966515450117825,0.8044452851690784,0.9367088607594937,"{""0"": 2, ""1"": 1, ""2"": 0}"
811,4,632,0.9635091806224713,0.9423777117020241,0.9857594936708861,"{""0"": 1, ""1"": 3, ""2"": 0, ""3"": 2}"
811,5,632,0.7240757951206936,0.7616942823844847,0.875,"{""0"": 1, ""1"": 2, ""2"": 0, ""3"": 3, ""4"": 4}"
811,6,632,0.5014621842185847,0.6211216729318885,0.6661392405063291,"{""0"": 2, ""1"": 0, ""2"": 3, ""3"": 5, ""4"": 1, ""5"": 4}"
812,2,632,0.9936708857461121,0.9845650976704768,0.9984177215189873,"{""0"": 1, ""1"": 0}"
812,3,632,1.0,1.0,1.0,"{""0"": 1, ""1"": 0, ""2"": 2}"
812,4,632,0.9767778653065485,0.969536228067286,0.9920886075949367,"{""0"": 0, ""1"": 2, ""2"": 1, ""3"": 3}"
812,5,632,0.8151624854281391,0.8301849875259192,0.9208860759493671,"{""0"": 0, ""1"": 2, ""2"": 4, ""3"": 3, ""4"": 1}"
812,6,632,0.7786890394917763,0.7975386071232738,0.9018987341772152,"{""0"": 3, ""1"": 1, ""2"": 0, ""3"": 4, ""4"": 5, ""5"": 2}"
813,2,632,0.9873618308988348,0.9691247229848707,0.9968354430379747,"{""0"": 0, ""1"": 1}"
813,3,632,0.960132262867429,0.9252194509103667,0.9841772151898734,"{""0"": 2, ""1"": 0, ""2"": 1}"
813,4,632,0.924563798066442,0.9013586920134068,0.9715189873417721,"{""0"": 2, ""1"": 3, ""2"": 1, ""3"": 0}"
813,5,632,0.851792032096317,0.8593700720705704,0.9414556962025317,"{""0"": 1, ""1"": 4, ""2"": 3, ""3"": 0, ""4"": 2}"
813,6,632,0.7583724938637191,0.7957220860601967,0.8955696202531646,"{""0"": 3, ""1"": 5, ""2"": 1, ""3"": 4, ""4"": 2, ""5"": 0}"
814,2,632,0.9561174272961662,0.9229902267140723,0.9889240506329114,"{""0"": 0, ""1"": 1}"
814,3,632,0.9347199322591282,0.9064238529315677,0.9794303797468354,"{""0"": 1, ""1"": 0, ""2"": 2}"
814,4,632,0.9309160247021685,0.911265359354973,0.9746835443037974,"{""0"": 1, ""1"": 0, ""2"": 3, ""3"": 2}"
814,5,632,0.6053058150355787,0.6760168057232767,0.7737341772151899,"{""0"": 2, ""1"": 4, ""2"": 0, ""3"": 3, ""4"": 1}"
814,6,632,0.6776913387070791,0.7333924141599305,0.8481012658227848,"{""0"": 5, ""1"": 2, ""2"": 1, ""3"": 3, ""4"": 4, ""5"": 0}"
815,2,632,0.9437601645080868,0.9062920852570365,0.9857594936708861,"{""0"": 1, ""1"": 0}"
815,3,632,0.9887424411869163,0.9769273250970957,0.995253164556962,"{""0"": 0, ""1"": 2, ""2"": 1}"
815,4,632,0.9461452751440242,0.9349296817684878,0.9810126582278481,"{""0"": 2, ""1"": 3, ""2"": 1, ""3"": 0}"
815,5,632,0.9129680646137737,0.9006448724261655,0.9651898734177216,"{""0"": 1, ""1"": 4, ""2"": 2, ""3"": 3, ""4"": 0}"
815,6,632,0.6357506835542319,0.7005419859419156,0.7943037974683544,"{""0"": 1, ""1"": 4, ""2"": 5, ""3"": 2, ""4"": 0, ""5"": 3}"
816,2,632,0.9314829971578441,0.8787657920074522,0.9825949367088608,"{""0"": 0, ""1"": 1}"
816,3,632,0.9682755651188512,0.9522481764241195,0.990506329113924,"{""0"": 0, ""1"": 1, ""2"": 2}"
816,4,632,0.9413292380098259,0.9221430905856577,0.9794303797468354,"{""0"": 2, ""1"": 1, ""2"": 3, ""3"": 0}"
816,5,632,0.6215893190938548,0.6826807943129121,0.805379746835443,"{""0"": 4, ""1"": 2, ""2"": 0, ""3"": 3, ""4"": 1}"
816,6,632,0.8402264628897779,0.8354503025375183,0.930379746835443,"{""0"": 1, ""1"": 3, ""2"": 5, ""3"": 0, ""4"": 2, ""5"": 4}"
817,2,632,0.9873617816565615,0.9722569607566607,0.9968354430379747,"{""0"": 0, ""1"": 1}"
817,3,632,0.9684636211001407,0.9431132898424708,0.9889240506329114,"{""0"": 1, ""1"": 0, ""2"": 2}"
817,4,632,0.9190715119950967,0.9096833384168141,0.9715189873417721,"{""0"": 0, ""1"": 2, ""2"": 3, ""3"": 1}"
817,5,632,0.6254088916792981,0.7065134096956482,0.8275316455696202,"{""0"": 2, ""1"": 0, ""2"": 3, ""3"": 1, ""4"": 4}"
817,6,632,0.874798398541147,0.8680387666101,0.9462025316455697,"{""0"": 4, ""1"": 2, ""2"": 5, ""3"": 3, ""4"": 0, ""5"": 1}"
818,2,632,0.1573251013820477,0.23143204663734931,0.6993670886075949,"{""0"": 1, ""1"": 0}"
818,3,632,0.990642101246003,0.9805019836000448,0.9968354430379747,"{""0"": 0, ""1"": 2, ""2"": 1}"
818,4,632,0.9774107615419767,0.9680723716723818,0.9920886075949367,"{""0"": 0, ""1"": 3, ""2"": 1, ""3"": 2}"
818,5,632,0.6371162229528257,0.6888189492742601,0.7911392405063291,"{""0"": 2, ""1"": 3, ""2"": 4, ""3"": 0, ""4"": 1}"
818,6,632,0.7498416286948815,0.7863922132813692,0.8813291139240507,"{""0"": 4, ""1"": 2, ""2"": 5, ""3"": 1, ""4"": 3, ""5"": 0}"
819,2,632,0.15709526102886823,0.22304847440288048,0.6993670886075949,"{""0"": 0, ""1"": 1}"
819,3,632,1.0,1.0,1.0,"{""0"": 2, ""1"": 1, ""2"": 0}"
819,4,632,0.972873264461248,0.9608600161046669,0.990506329113924,"{""0"": 0, ""1"": 1, ""2"": 3, ""3"": 2}"
819,5,632,0.7909301640514704,0.8157843786469635,0.9129746835443038,"{""0"": 3, ""1"": 4, ""2"": 1, ""3"": 0, ""4"": 2}"
819,6,632,0.8498894968929174,0.8436963378531123,0.9256329113924051,"{""0"": 2, ""1"": 4, ""2"": 5, ""3"": 0, ""4"": 3, ""5"": 1}"
820,2,632,1.0,1.0,1.0,"{""0"": 0, ""1"": 1}"
820,3,632,0.7798565973479936,0.7767823974502037,0.9287974683544303,"{""0"": 0, ""1"": 2, ""2"": 1}"
820,4,632,0.9549700178593221,0.9458982080712522,0.9841772151898734,"{""0"": 3, ""1"": 0, ""2"": 2, ""3"": 1}"
820,5,632,0.5857645697777208,0.6539815385466919,0.7800632911392406,"{""0"": 1, ""1"": 0, ""2"": 3, ""3"": 2, ""4"": 4}"
820,6,632,0.5953965002100677,0.69080414809577,0.7246835443037974,"{""0"": 0, ""1"": 4, ""2"": 5, ""3"": 1, ""4"": 2, ""5"": 3}"
821,2,632,0.9936708273299782,0.984531938410481,0.9984177215189873,"{""0"": 1, ""1"": 0}"
821,3,632,0.7779943567874874,0.7867063900240594,0.930379746835443,"{""0"": 2, ""1"": 0, ""2"": 1}"
821,4,632,0.9642825535592924,0.9519181833760774,0.9873417721518988,"{""0"": 3, ""1"": 2, ""2"": 0, ""3"": 1}"
821,5,632,0.6633122791851733,0.7065763327927519,0.8322784810126582,"{""0"": 1, ""1"": 2, ""2"": 3, ""3"": 4, ""4"": 0}"
821,6,632,0.7438594793698179,0.7743541157298945,0.8781645569620253,"{""0"": 2, ""1"": 0, ""2"": 4, ""3"": 3, ""4"": 1, ""5"": 5}"
822,2,632,1.0,1.0,1.0,"{""0"": 0, ""1"": 1}"
822,3,632,1.0,1.0,1.0,"{""0"": 1, ""1"": 0, ""2"": 2}"
822,4,632,0.9737251712359664,0.9626826337132286,0.990506329113924,"{""0"": 1, ""1"": 0, ""2"": 2, ""3"": 3}"
822,5,632,0.6927993478149413,0.732645661379804,0.8449367088607594,"{""0"": 0, ""1"": 2, ""2"": 1, ""3"": 3, ""4"": 4}"
822,6,632,0.9460294642493483,0.9468690369485974,0.9778481012658228,"{""0"": 4, ""1"": 0, ""2"": 1, ""3"": 5, ""4"": 3, ""5"": 2}"
823,2,632,0.9936708424670813,0.9845361690679575,0.9984177215189873,"{""0"": 1, ""1"": 0}"
823,3,632,0.9918057058961692,0.9831453402117817,0.9968354430379747,"{""0"": 2, ""1"": 0, ""2"": 1}"
823,4,632,0.9544175351032452,0.9474445074643761,0.9841772151898734,"{""0"": 3, ""1"": 1, ""2"": 0, ""3"": 2}"
823,5,632,0.6142980250173108,0.6649724116604523,0.7990506329113924,"{""0"": 3, ""1"": 1, ""2"": 0, ""3"": 2, ""4"": 4}"
823,6,632,0.8844027342900601,0.8699946940740271,0.9477848101265823,"{""0"": 5, ""1"": 2, ""2"": 1, ""3"": 3, ""4"": 4, ""5"": 0}"
824,2,632,0.9936706977332406,0.9845077047990085,0.9984177215189873,"{""0"": 1, ""1"": 0}"
824,3,632,0.8906933919146923,0.8701821292879467,0.9667721518987342,"{""0"": 1, ""1"": 0, ""2"": 2}"
824,4,632,0.9467716449275706,0.9297572822594409,0.9810126582278481,"{""0"": 0, ""1"": 1, ""2"": 3, ""3"": 2}"
824,5,632,0.9449924881382271,0.930531132085284,0.9778481012658228,"{""0"": 3, ""1"": 4, ""2"": 1, ""3"": 0, ""4"": 2}"
824,6,632,0.5116756241444768,0.6325464429623422,0.6708860759493671,"{""0"": 1, ""1"": 3, ""2"": 2, ""3"": 5, ""4"": 0, ""5"": 4}"
825,2,632,0.9810727505207991,0.9611643510492339,0.995253164556962,"{""0"": 0, ""1"": 1}"
825,3,632,0.7772550251262781,0.77518848762981,0.9272151898734177,"{""0"": 2, ""1"": 1, ""2"": 0}"
825,4,632,0.9766593550388989,0.9732652871991845,0.9920886075949367,"{""0"": 2, ""1"": 3, ""2"": 1, ""3"": 0}"
825,5,632,0.8895326511872769,0.8860769822108955,0.9572784810126582,"{""0"": 0, ""1"": 1, ""2"": 3, ""3"": 2, ""4"": 4}"
825,6,632,0.5503963041039256,0.6434020928992316,0.7041139240506329,"{""0"": 4, ""1"": 0, ""2"": 5, ""3"": 1, ""4"": 2, ""5"": 3}"
826,2,632,0.9685550118055117,0.9411587507007546,0.9920886075949367,"{""0"": 0, ""1"": 1}"
826,3,632,0.9848273426500099,0.9674012336168426,0.9936708860759493,"{""0"": 0, ""1"": 2, ""2"": 1}"
826,4,632,0.9601292815272873,0.9448421034074905,0.9857594936708861,"{""0"": 3, ""1"": 1, ""2"": 0, ""3"": 2}"
826,5,632,0.8749887407672619,0.8779069317015298,0.9509493670886076,"{""0"": 2, ""1"": 1, ""2"": 0, ""3"": 3, ""4"": 4}"
826,6,632,0.9409329347164115,0.9334527737685112,0.9746835443037974,"{""0"": 4, ""1"": 5, ""2"": 2, ""3"": 3, ""4"": 1, ""5"": 0}"
827,2,632,0.9873618215750265,0.9722756528890932,0.9968354430379747,"{""0"": 0, ""1"": 1}"
827,3,632,0.9850330901331361,0.9725852278879014,0.995253164556962,"{""0"": 2, ""1"": 0, ""2"": 1}"
827,4,632,0.9681228053546657,0.9552245476120023,0.9889240506329114,"{""0"": 0, ""1"": 1, ""2"": 3, ""3"": 2}"
827,5,632,0.6028407932841199,0.6818410990918984,0.8117088607594937,"{""0"": 3, ""1"": 2, ""2"": 0, ""3"": 4, ""4"": 1}"
827,6,632,0.5878273178269108,0.6722988561261672,0.7183544303797469,"{""0"": 3, ""1"": 1, ""2"": 5, ""3"": 4, ""4"": 0, ""5"": 2}"
828,2,632,0.9873618279998477,0.9722811651523068,0.9968354430379747,"{""0"": 0, ""1"": 1}"
828,3,632,0.9647110428666594,0.9451014991707071,0.9889240506329114,"{""0"": 1, ""1"": 2, ""2"": 0}"
828,4,632,0.9502791123385642,0.9428196603111236,0.9825949367088608,"{""0"": 3, ""1"": 1, ""2"": 0, ""3"": 2}"
828,5,632,0.5659760736403617,0.6685318889492614,0.7927215189873418,"{""0"": 0, ""1"": 4, ""2"": 3, ""3"": 2, ""4"": 1}"
828,6,632,0.8195480190057463,0.8118646755572355,0.9208860759493671,"{""0"": 0, ""1"": 3, ""2"": 5, ""3"": 4, ""4"": 2, ""5"": 1}"
829,2,632,0.9810728161703913,0.9612476557567943,0.995253164556962,"{""0"": 1, ""1"": 0}"
829,3,632,0.9848964267334966,0.9704259282845069,0.995253164556962,"{""0"": 1, ""1"": 2, ""2"": 0}"
829,4,632,0.9490153545757523,0.9307855460839202,0.9810126582278481,"{""0"": 3, ""1"": 2, ""2"": 1, ""3"": 0}"
829,5,632,0.5936230451000741,0.6519431961666458,0.7658227848101266,"{""0"": 1, ""1"": 2, ""2"": 3, ""3"": 4, ""4"": 0}"
829,6,632,0.9387337704518044,0.9244965855706105,0.9715189873417721,"{""0"": 0, ""1"": 2, ""2"": 5, ""3"": 1, ""4"": 4, ""5"": 3}"
830,2,632,0.147892420853457,0.21571451819697746,0.6930379746835443,"{""0"": 1, ""1"": 0}"
830,3,632,0.9381188910739162,0.9166494002705194,0.9810126582278481,"{""0"": 1, ""1"": 2, ""2"": 0}"
830,4,632,0.9334445824795755,0.9184107581695825,0.9762658227848101,"{""0"": 1, ""1"": 3, ""2"": 2, ""3"": 0}"
830,5,632,0.672906679833052,0.7093033982012412,0.8386075949367089,"{""0"": 4, ""1"": 1, ""2"": 3, ""3"": 2, ""4"": 0}"
830,6,632,0.5197480558822285,0.6344194403248739,0.6724683544303798,"{""0"": 4, ""1"": 5, ""2"": 3, ""3"": 1, ""4"": 0, ""5"": 2}"
831,2,632,1.0,1.0,1.0,"{""0"": 1, ""1"": 0}"
831,3,632,0.9963146165381631,0.990631536465512,0.9984177215189873,"{""0"": 0, ""1"": 2, ""2"": 1}"
831,4,632,0.9584144223708357,0.950943366561075,0.9857594936708861,"{""0"": 3, ""1"": 2, ""2"": 1, ""3"": 0}"
831,5,632,0.6020749986867652,0.7008930741409161,0.810126582278481,"{""0"": 0, ""1"": 2, ""2"": 3, ""3"": 1, ""4"": 4}"
831,6,632,0.8682577215972269,0.8523896025994419,0.9335443037974683,"{""0"": 4, ""1"": 2, ""2"": 5, ""3"": 1, ""4"": 0, ""5"": 3}"
832,2,632,0.9748036513789226,0.9508204001167526,0.9936708860759493,"{""0"": 1, ""1"": 0}"
832,3,632,0.787092615936173,0.7919164758991467,0.9335443037974683,"{""0"": 1, ""1"": 2, ""2"": 0}"
832,4,632,0.9649961479279309,0.9491793243534721,0.9873417721518988,"{""0"": 3, ""1"": 1, ""2"": 2, ""3"": 0}"
832,5,632,0.9160353957075063,0.8963261975881077,0.9667721518987342,"{""0"": 0, ""1"": 2, ""2"": 3, ""3"": 1, ""4"": 4}"
832,6,632,0.5032452013404126,0.6269828377551445,0.6613924050632911,"{""0"": 2, ""1"": 0, ""2"": 1, ""3"": 3, ""4"": 4, ""5"": 5}"
833,2,632,1.0,1.0,1.0,"{""0"": 0, ""1"": 1}"
833,3,632,0.9885294875533094,0.9738144440964298,0.995253164556962,"{""0"": 2, ""1"": 0, ""2"": 1}"
833,4,632,0.9544353928561196,0.9472216452101441,0.9841772151898734,"{""0"": 2, ""1"": 3, ""2"": 1, ""3"": 0}"
833,5,632,0.6319937729700481,0.6826530890842856,0.8212025316455697,"{""0"": 4, ""1"": 2, ""2"": 1, ""3"": 0, ""4"": 3}"
833,6,632,0.8579816587565865,0.8699605944420568,0.9414556962025317,"{""0"": 2, ""1"": 5, ""2"": 4, ""3"": 3, ""4"": 0, ""5"": 1}"
834,2,632,0.987361802990943,0.972320378428233,0.9968354430379747,"{""0"": 0, ""1"": 1}"
834,3,632,0.9887221035247847,0.979657024740313,0.9968354430379747,"{""0"": 1, ""1"": 0, ""2"": 2}"
834,4,632,0.9678557465790909,0.958831770348581,0.9889240506329114,"{""0"": 3, ""1"": 2, ""2"": 1, ""3"": 0}"
834,5,632,0.7416186401156163,0.7793551299981755,0.8860759493670886,"{""0"": 0, ""1"": 2, ""2"": 4, ""3"": 3, ""4"": 1}"
834,6,632,0.5148331317851804,0.6381947598061364,0.6724683544303798,"{""0"": 2, ""1"": 3, ""2"": 0, ""3"": 1, ""4"": 5, ""5"": 4}"
835,2,632,1.0,1.0,1.0,"{""0"": 0, ""1"": 1}"
835,3,632,0.9468796508758708,0.9211425223727486,0.9825949367088608,"{""0"": 2, ""1"": 1, ""2"": 0}"
835,4,632,0.9186146443551607,0.9020575156470225,0.9699367088607594,"{""0"": 3, ""1"": 2, ""2"": 1, ""3"": 0}"
835,5,632,0.6627585211452895,0.7006082184781743,0.8433544303797469,"{""0"": 3, ""1"": 1, ""2"": 2, ""3"": 0, ""4"": 4}"
835,6,632,0.9231099543495754,0.9156019280263704,0.9636075949367089,"{""0"": 0, ""1"": 1, ""2"": 3, ""3"": 2, ""4"": 5, ""5"": 4}"
836,2,632,0.9873618279998477,0.9722811651523068,0.9968354430379747,"{""0"": 0, ""1"": 1}"
836,3,632,0.9962544070963159,0.9906347778472633,0.9984177215189873,"{""0"": 0, ""1"": 1, ""2"": 2}"
836,4,632,0.9766371171725766,0.9704004686926844,0.9920886075949367,"{""0"": 3, ""1"": 2, ""2"": 0, ""3"": 1}"
836,5,632,0.8381330089986455,0.8487326114885889,0.9319620253164557,"{""0"": 0, ""1"": 2, ""2"": 3, ""3"": 1, ""4"": 4}"
836,6,632,0.45973414829963055,0.571074514275958,0.634493670886076,"{""0"": 3, ""1"": 0, ""2"": 2, ""3"": 5, ""4"": 4, ""5"": 1}"
837,2,632,0.987361812050309,0.9722697818088512,0.9968354430379747,"{""0"": 1, ""1"": 0}"
837,3,632,0.8826222150392633,0.8763471580272194,0.9651898734177216,"{""0"": 0, ""1"": 2, ""2"": 1}"
837,4,632,0.9799236936107968,0.9648188153882251,0.9920886075949367,"{""0"": 1, ""1"": 2, ""2"": 0, ""3"": 3}"
837,5,632,0.9629449699514876,0.9566550787499207,0.9857594936708861,"{""0"": 2, ""1"": 3, ""2"": 0, ""3"": 4, ""4"": 1}"
837,6,632,0.7316102598706318,0.7618059063260659,0.8765822784810127,"{""0"": 2, ""1"": 4, ""2"": 3, ""3"": 1, ""4"": 5, ""5"": 0}"
838,2,632,1.0,1.0,1.0,"{""0"": 1, ""1"": 0}"
838,3,632,0.9958629232523958,0.9904541327471392,0.9984177215189873,"{""0"": 2, ""1"": 1, ""2"": 0}"
838,4,632,0.9557164073426364,0.943891674437778,0.9841772151898734,"{""0"": 1, ""1"": 3, ""2"": 0, ""3"": 2}"
838,5,632,0.9845638005283015,0.9768752648304646,0.9936708860759493,"{""0"": 0, ""1"": 4, ""2"": 3, ""3"": 1, ""4"": 2}"
838,6,632,0.7762803586078489,0.8065971370571954,0.9018987341772152,"{""0"": 5, ""1"": 4, ""2"": 1, ""3"": 3, ""4"": 2, ""5"": 0}"
839,2,632,0.9685541330015797,0.9409995454493706,0.9920886075949367,"{""0"": 0, ""1"": 1}"
839,3,632,0.9484228791793208,0.915164421493865,0.9825949367088608,"{""0"": 2, ""1"": 1, ""2"": 0}"
839,4,632,0.9331331629353097,0.9173993254347802,0.9762658227848101,"{""0"": 3, ""1"": 2, ""2"": 1, ""3"": 0}"
839,5,632,0.7046536113749411,0.7533840708975004,0.8670886075949367,"{""0"": 2, ""1"": 4, ""2"": 3, ""3"": 0, ""4"": 1}"
839,6,632,0.9127027671512015,0.9015512903728812,0.9604430379746836,"{""0"": 4, ""1"": 5, ""2"": 1, ""3"": 3, ""4"": 2, ""5"": 0}"
840,2,632,0.13984090358975654,0.20762371595469106,0.6882911392405063,"{""0"": 0, ""1"": 1}"
840,3,632,0.8074351061684986,0.7955085280913436,0.939873417721519,"{""0"": 2, ""1"": 0, ""2"": 1}"
840,4,632,0.978278417330236,0.9676180372830786,0.9920886075949367,"{""0"": 1, ""1"": 3, ""2"": 0, ""3"": 2}"
840,5,632,0.6474394814516793,0.6873509637008821,0.819620253164557,"{""0"": 2, ""1"": 3, ""2"": 0, ""3"": 4, ""4"": 1}"
840,6,632,0.9572993843216538,0.944026171832015,0.9810126582278481,"{""0"": 0, ""1"": 1, ""2"": 5, ""3"": 4, ""4"": 2, ""5"": 3}"
841,2,632,0.9873618109148693,0.9691060625175858,0.9968354430379747,"{""0"": 0, ""1"": 1}"
841,3,632,0.9849962219007189,0.9723919916336173,0.995253164556962,"{""0"": 0, ""1"": 1, ""2"": 2}"
841,4,632,0.961611550440093,0.9425831754002234,0.9857594936708861,"{""0"": 3, ""1"": 0, ""2"": 2, ""3"": 1}"
841,5,632,0.6307898040690108,0.6911488749943387,0.8085443037974683,"{""0"": 2, ""1"": 1, ""2"": 3, ""3"": 0, ""4"": 4}"
841,6,632,0.5255936429829278,0.6610738356714436,0.6787974683544303,"{""0"": 4, ""1"": 0, ""2"": 5, ""3"": 1, ""4"": 2, ""5"": 3}"
842,2,632,0.9936708646186224,0.9845440179495617,0.9984177215189873,"{""0"": 1, ""1"": 0}"
842,3,632,0.9684228660998855,0.9523227891346421,0.990506329113924,"{""0"": 0, ""1"": 1, ""2"": 2}"
842,4,632,0.9760587999879378,0.9612738957084977,0.990506329113924,"{""0"": 1, ""1"": 2, ""2"": 0, ""3"": 3}"
842,5,632,0.5824077537047875,0.6534500770817165,0.7610759493670886,"{""0"": 1, ""1"": 2, ""2"": 3, ""3"": 0, ""4"": 4}"
842,6,632,0.49764055495112575,0.621058026500079,0.6582278481012658,"{""0"": 4, ""1"": 3, ""2"": 1, ""3"": 0, ""4"": 2, ""5"": 5}"
843,2,632,1.0,1.0,1.0,"{""0"": 1, ""1"": 0}"
843,3,632,0.7612050522043218,0.7697734213903655,0.9240506329113924,"{""0"": 1, ""1"": 2, ""2"": 0}"
843,4,632,0.986359770284166,0.9799771000167969,0.995253164556962,"{""0"": 1, ""1"": 2, ""2"": 0, ""3"": 3}"
843,5,632,0.9337118385310937,0.928055597795308,0.9746835443037974,"{""0"": 0, ""1"": 4, ""2"": 2, ""3"": 3, ""4"": 1}"
843,6,632,0.47290244470669857,0.5788779133896941,0.6487341772151899,"{""0"": 1, ""1"": 4, ""2"": 3, ""3"": 0, ""4"": 2, ""5"": 5}"
844,2,632,0.9873616992364351,0.9722350218113758,0.9968354430379747,"{""0"": 1, ""1"": 0}"
844,3,632,0.9832518957714382,0.9747367748869408,0.995253164556962,"{""0"": 2, ""1"": 1, ""2"": 0}"
844,4,632,0.972592544461276,0.9624164789253737,0.990506329113924,"{""0"": 3, ""1"": 1, ""2"": 2, ""3"": 0}"
844,5,632,0.6010687807206551,0.6622762685141158,0.7895569620253164,"{""0"": 4, ""1"": 0, ""2"": 1, ""3"": 2, ""4"": 3}"
844,6,632,0.6019687577440683,0.7001593291236916,0.7753164556962026,"{""0"": 3, ""1"": 1, ""2"": 5, ""3"": 0, ""4"": 2, ""5"": 4}"
845,2,632,0.981072474024306,0.9611098726262466,0.995253164556962,"{""0"": 0, ""1"": 1}"
845,3,632,0.9539178001338686,0.9204245570942063,0.9810126582278481,"{""0"": 0, ""1"": 1, ""2"": 2}"
845,4,632,0.9453851066665853,0.9211184278743331,0.9794303797468354,"{""0"": 1, ""1"": 0, ""2"": 2, ""3"": 3}"
845,5,632,0.8635960076588012,0.8554921637619339,0.9462025316455697,"{""0"": 3, ""1"": 2, ""2"": 4, ""3"": 1, ""4"": 0}"
845,6,632,0.9632328027111128,0.9583470944989116,0.9857594936708861,"{""0"": 5, ""1"": 0, ""2"": 4, ""3"": 1, ""4"": 3, ""5"": 2}"
846,2,632,0.1335842453719714,0.20301256446706714,0.6835443037974683,"{""0"": 1, ""1"": 0}"
846,3,632,0.9717702457861239,0.9520403654588203,0.990506329113924,"{""0"": 2, ""1"": 0, ""2"": 1}"
846,4,632,0.9811877335764836,0.9744045100154696,0.9936708860759493,"{""0"": 2, ""1"": 0, ""2"": 1, ""3"": 3}"
846,5,632,0.5987771648076291,0.6618843733693154,0.7816455696202531,"{""0"": 1, ""1"": 3, ""2"": 0, ""3"": 2, ""4"": 4}"
846,6,632,0.8142838063910777,0.8316670180666128,0.9208860759493671,"{""0"": 4, ""1"": 0, ""2"": 2, ""3"": 5, ""4"": 3, ""5"": 1}"
847,2,632,0.13558151528158996,0.2071995687463005,0.685126582278481,"{""0"": 1, ""1"": 0}"
847,3,632,0.9832079118425187,0.974726031959539,0.995253164556962,"{""0"": 1, ""1"": 2, ""2"": 0}"
847,4,632,0.9827375263400965,0.9732374392798615,0.9936708860759493,"{""0"": 0, ""1"": 3, ""2"": 1, ""3"": 2}"
847,5,632,0.6191713603525801,0.6750556343120905,0.7943037974683544,"{""0"": 1, ""1"": 0, ""2"": 2, ""3"": 3, ""4"": 4}"
847,6,632,0.8899390314817915,0.8849548089325049,0.9493670886075949,"{""0"": 3, ""1"": 0, ""2"": 4, ""3"": 5, ""4"": 1, ""5"": 2}"
848,2,632,0.9810726690123007,0.9611440691821523,0.995253164556962,"{""0"": 1, ""1"": 0}"
848,3,632,0.9333915026539776,0.8957969456100765,0.9778481012658228,"{""0"": 0, ""1"": 1, ""2"": 2}"
848,4,632,0.9760711683550778,0.9612472628833028,0.990506329113924,"{""0"": 0, ""1"": 1, ""2"": 3, ""3"": 2}"
848,5,632,0.9299039903854479,0.9245112247181737,0.9731012658227848,"{""0"": 1, ""1"": 0, ""2"": 3, ""3"": 2, ""4"": 4}"
848,6,632,0.9338808951953117,0.9216695602586176,0.9667721518987342,"{""0"": 4, ""1"": 1, ""2"": 2, ""3"": 3, ""4"": 5, ""5"": 0}"
849,2,632,1.0,1.0,1.0,"{""0"": 1, ""1"": 0}"
849,3,632,0.9790115301101676,0.9574634201018422,0.9920886075949367,"{""0"": 2, ""1"": 1, ""2"": 0}"
849,4,632,0.9535042082835162,0.9379752295201101,0.9825949367088608,"{""0"": 0, ""1"": 1, ""2"": 3, ""3"": 2}"
849,5,632,0.6094979128419237,0.6710952676977147,0.7753164556962026,"{""0"": 3, ""1"": 0, ""2"": 2, ""3"": 1, ""4"": 4}"
849,6,632,0.8347872250440862,0.841030050398128,0.9240506329113924,"{""0"": 5, ""1"": 2, ""2"": 0, ""3"": 1, ""4"": 3, ""5"": 4}"
850,2,632,0.9376116341369407,0.8908266588438218,0.9841772151898734,"{""0"": 0, ""1"": 1}"
850,3,632,0.7861249677636181,0.7854397271381647,0.9319620253164557,"{""0"": 1, ""1"": 0, ""2"": 2}"
850,4,632,0.9192142881549256,0.9119069541908145,0.9715189873417721,"{""0"": 3, ""1"": 2, ""2"": 1, ""3"": 0}"
850,5,632,0.6403923820011224,0.6996861729816457,0.8227848101265823,"{""0"": 1, ""1"": 0, ""2"": 4, ""3"": 2, ""4"": 3}"
850,6,632,0.9083444256512457,0.9123594384533876,0.9636075949367089,"{""0"": 3, ""1"": 0, ""2"": 1, ""3"": 2, ""4"": 5, ""5"": 4}"
851,2,632,0.9873616992364351,0.9722350218113758,0.9968354430379747,"{""0"": 1, ""1"": 0}"
851,3,632,0.9845518876143664,0.9621489404914463,0.9936708860759493,"{""0"": 0, ""1"": 1, ""2"": 2}"
851,4,632,0.9793588920613595,0.966320406564118,0.9920886075949367,"{""0"": 1, ""1"": 2, ""2"": 3, ""3"": 0}"
851,5,632,0.8290298863715589,0.8352154149868518,0.9319620253164557,"{""0"": 3, ""1"": 4, ""2"": 1, ""3"": 0, ""4"": 2}"
851,6,632,0.9487080242850072,0.9375865109127641,0.9762658227848101,"{""0"": 2, ""1"": 5, ""2"": 0, ""3"": 4, ""4"": 3, ""5"": 1}"
852,2,632,0.9748030992423713,0.9507440448790007,0.9936708860759493,"{""0"": 1, ""1"": 0}"
852,3,632,0.962627840047956,0.9349497877569878,0.9873417721518988,"{""0"": 1, ""1"": 0, ""2"": 2}"
852,4,632,0.9505247685313863,0.9245904243136397,0.9810126582278481,"{""0"": 2, ""1"": 1, ""2"": 3, ""3"": 0}"
852,5,632,0.45454612718669163,0.5639532276080581,0.6550632911392406,"{""0"": 4, ""1"": 1, ""2"": 3, ""3"": 0, ""4"": 2}"
852,6,632,0.8378268856599224,0.8314418217916352,0.9240506329113924,"{""0"": 3, ""1"": 0, ""2"": 5, ""3"": 4, ""4"": 2, ""5"": 1}"
853,2,632,0.9873618317977748,0.9722863191620774,0.9968354430379747,"{""0"": 1, ""1"": 0}"
853,3,632,0.801385247906723,0.8081881914867772,0.9382911392405063,"{""0"": 2, ""1"": 0, ""2"": 1}"
853,4,632,0.9466818272019498,0.9204916230068739,0.9794303797468354,"{""0"": 2, ""1"": 0, ""2"": 3, ""3"": 1}"
853,5,632,0.6065672414516851,0.662296994933544,0.7784810126582279,"{""0"": 2, ""1"": 0, ""2"": 4, ""3"": 3, ""4"": 1}"
853,6,632,0.8809298197185597,0.8810788240916941,0.9509493670886076,"{""0"": 0, ""1"": 5, ""2"": 4, ""3"": 1, ""4"": 3, ""5"": 2}"
854,2,632,0.9685549674140884,0.9334937167607057,0.9920886075949367,"{""0"": 0, ""1"": 1}"
854,3,632,0.9739315801125277,0.9588543166342619,0.9920886075949367,"{""0"": 1, ""1"": 2, ""2"": 0}"
854,4,632,0.9128536692534921,0.9023377380489476,0.9683544303797469,"{""0"": 3, ""1"": 2, ""2"": 1, ""3"": 0}"
854,5,632,0.7228400332535891,0.7450614188034981,0.8781645569620253,"{""0"": 0, ""1"": 1, ""2"": 2, ""3"": 3, ""4"": 4}"
854,6,632,0.6392308992535235,0.7038627162606108,0.7784810126582279,"{""0"": 5, ""1"": 0, ""2"": 2, ""3"": 3, ""4"": 4, ""5"": 1}"
855,2,632,1.0,1.0,1.0,"{""0"": 1, ""1"": 0}"
855,3,632,0.9851521018890582,0.972574791180417,0.995253164556962,"{""0"": 0, ""1"": 1, ""2"": 2}"
855,4,632,0.9494816802670174,0.9432164028815935,0.9825949367088608,"{""0"": 2, ""1"": 0, ""2"": 3, ""3"": 1}"
855,5,632,0.6253986132852235,0.6762596601953788,0.7958860759493671,"{""0"": 0, ""1"": 1, ""2"": 3, ""3"": 4, ""4"": 2}"
855,6,632,0.605872183575147,0.6859930333821564,0.7310126582278481,"{""0"": 3, ""1"": 0, ""2"": 2, ""3"": 4, ""4"": 1, ""5"": 5}"
856,2,632,0.9873618205235065,0.9691126873626225,0.9968354430379747,"{""0"": 1, ""1"": 0}"
856,3,632,0.9906458192617444,0.9805262118791925,0.9968354430379747,"{""0"": 1, ""1"": 0, ""2"": 2}"
856,4,632,0.9672052038919402,0.9619904489312607,0.9889240506329114,"{""0"": 2, ""1"": 3, ""2"": 0, ""3"": 1}"
856,5,632,0.6850226745581426,0.7225234243141389,0.8512658227848101,"{""0"": 3, ""1"": 1, ""2"": 0, ""3"": 4, ""4"": 2}"
856,6,632,0.979890114852952,0.9727259223977974,0.990506329113924,"{""0"": 0, ""1"": 5, ""2"": 3, ""3"": 2, ""4"": 1, ""5"": 4}"
857,2,632,0.9873618109148693,0.9691060625175858,0.9968354430379747,"{""0"": 1, ""1"": 0}"
857,3,632,0.8800456191792753,0.8635957963790468,0.9636075949367089,"{""0"": 1, ""1"": 2, ""2"": 0}"
857,4,632,0.9548458370079486,0.9423735621196986,0.9841772151898734,"{""0"": 1, ""1"": 3, ""2"": 0, ""3"": 2}"
857,5,632,0.8209597747232675,0.8288081668945184,0.9256329113924051,"{""0"": 1, ""1"": 3, ""2"": 0, ""3"": 2, ""4"": 4}"
857,6,632,0.9290005161506862,0.9130227808978891,0.9651898734177216,"{""0"": 4, ""1"": 1, ""2"": 5, ""3"": 3, ""4"": 2, ""5"": 0}"
858,2,632,0.9936708273299782,0.984531938410481,0.9984177215189873,"{""0"": 1, ""1"": 0}"
858,3,632,0.8780542263051053,0.8514679691986196,0.9620253164556962,"{""0"": 0, ""1"": 1, ""2"": 2}"
858,4,632,0.9789119342133157,0.9647430311281424,0.9920886075949367,"{""0"": 3, ""1"": 0, ""2"": 1, ""3"": 2}"
858,5,632,0.5540260771778648,0.6606326571446602,0.7863924050632911,"{""0"": 4, ""1"": 0, ""2"": 3, ""3"": 1, ""4"": 2}"
858,6,632,0.4724001207793464,0.6043454709546255,0.6329113924050633,"{""0"": 2, ""1"": 3, ""2"": 0, ""3"": 4, ""4"": 5, ""5"": 1}"
859,2,632,0.9936708646186224,0.9845440179495617,0.9984177215189873,"{""0"": 0, ""1"": 1}"
859,3,632,0.9840616449041264,0.9672777183819102,0.9936708860759493,"{""0"": 0, ""1"": 2, ""2"": 1}"
859,4,632,0.9434327804054324,0.9263823224089063,0.9794303797468354,"{""0"": 3, ""1"": 1, ""2"": 2, ""3"": 0}"
859,5,632,0.841168332766338,0.8329989888533206,0.935126582278481,"{""0"": 0, ""1"": 4, ""2"": 1, ""3"": 3, ""4"": 2}"
859,6,632,0.9068118621578766,0.8967286438829845,0.9588607594936709,"{""0"": 5, ""1"": 1, ""2"": 4, ""3"": 3, ""4"": 0, ""5"": 2}"
860,2,632,0.1721228142304216,0.23277213314821804,0.7088607594936709,"{""0"": 1, ""1"": 0}"
860,3,632,0.9906718261051685,0.9806594906648265,0.9968354430379747,"{""0"": 0, ""1"": 2, ""2"": 1}"
860,4,632,0.9507421028858782,0.9408200186247678,0.9825949367088608,"{""0"": 3, ""1"": 0, ""2"": 2, ""3"": 1}"
860,5,632,0.42304590591844393,0.5329532958899748,0.6329113924050633,"{""0"": 0, ""1"": 2, ""2"": 1, ""3"": 4, ""4"": 3}"
860,6,632,0.8296478352606416,0.8200284234643306,0.9193037974683544,"{""0"": 2, ""1"": 0, ""2"": 5, ""3"": 1, ""4"": 3, ""5"": 4}"
861,2,632,0.8891405427331597,0.8314979614368551,0.9715189873417721,"{""0"": 1, ""1"": 0}"
861,3,632,0.9084429099369203,0.8602226588039619,0.9683544303797469,"{""0"": 0, ""1"": 2, ""2"": 1}"
861,4,632,0.9285510769054581,0.901443755191121,0.9731012658227848,"{""0"": 1, ""1"": 0, ""2"": 3, ""3"": 2}"
861,5,632,0.7321815454661933,0.7574317611982202,0.8876582278481012,"{""0"": 2, ""1"": 0, ""2"": 3, ""3"": 4, ""4"": 1}"
861,6,632,0.5546535364114087,0.6784354305335487,0.6930379746835443,"{""0"": 5, ""1"": 4, ""2"": 0, ""3"": 3, ""4"": 1, ""5"": 2}"
862,2,632,0.9376094189405475,0.8978387573902488,0.9841772151898734,"{""0"": 0, ""1"": 1}"
862,3,632,0.7905086401658729,0.7891029086857296,0.935126582278481,"{""0"": 0, ""1"": 1, ""2"": 2}"
862,4,632,0.97773477705916,0.9677600186672866,0.9920886075949367,"{""0"": 3, ""1"": 0, ""2"": 1, ""3"": 2}"
862,5,632,0.6672507528529366,0.7101667352688762,0.8354430379746836,"{""0"": 2, ""1"": 1, ""2"": 0, ""3"": 4, ""4"": 3}"
862,6,632,0.7165860084450476,0.7502738562364388,0.8639240506329114,"{""0"": 4, ""1"": 1, ""2"": 5, ""3"": 0, ""4"": 2, ""5"": 3}"
863,2,632,0.9685544473113945,0.9410374147739448,0.9920886075949367,"{""0"": 1, ""1"": 0}"
863,3,632,0.9612837229427285,0.9271346739326396,0.9857594936708861,"{""0"": 2, ""1"": 0, ""2"": 1}"
863,4,632,0.9206704854297476,0.8896644934608315,0.9667721518987342,"{""0"": 1, ""1"": 3, ""2"": 0, ""3"": 2}"
863,5,632,0.6369662924916538,0.6985246189553231,0.8022151898734177,"{""0"": 2, ""1"": 1, ""2"": 3, ""3"": 0, ""4"": 4}"
863,6,632,0.7283853088841074,0.7653778925511002,0.8765822784810127,"{""0"": 5, ""1"": 2, ""2"": 4, ""3"": 0, ""4"": 3, ""5"": 1}"
864,2,632,0.15003532518660634,0.22016776429058627,0.694620253164557,"{""0"": 0, ""1"": 1}"
864,3,632,0.7735137911201675,0.7827843183762633,0.9287974683544303,"{""0"": 2, ""1"": 0, ""2"": 1}"
864,4,632,0.9100740307221218,0.8934808695232865,0.9667721518987342,"{""0"": 1, ""1"": 0, ""2"": 2, ""3"": 3}"
864,5,632,0.6387898461259574,0.7141616818798532,0.8322784810126582,"{""0"": 2, ""1"": 3, ""2"": 0, ""3"": 1, ""4"": 4}"
864,6,632,0.5540714031861688,0.6745899598600936,0.7120253164556962,"{""0"": 4, ""1"": 1, ""2"": 0, ""3"": 5, ""4"": 2, ""5"": 3}"
865,2,632,0.9873615574218657,0.9722098157577119,0.9968354430379747,"{""0"": 1, ""1"": 0}"
865,3,632,0.9238662070280006,0.8927552939507298,0.9762658227848101,"{""0"": 1, ""1"": 0, ""2"": 2}"
865,4,632,0.9726891236745459,0.963146453927135,0.990506329113924,"{""0"": 3, ""1"": 2, ""2"": 1, ""3"": 0}"
865,5,632,0.6376766290784142,0.6865423767314744,0.819620253164557,"{""0"": 0, ""1"": 1, ""2"": 3, ""3"": 2, ""4"": 4}"
865,6,632,0.9299393872372816,0.9094124881570493,0.9667721518987342,"{""0"": 5, ""1"": 3, ""2"": 2, ""3"": 0, ""4"": 1, ""5"": 4}"
866,2,632,0.1755701110895927,0.2196206673313621,0.7104430379746836,"{""0"": 0, ""1"": 1}"
866,3,632,0.9944330302342769,0.9900089026740656,0.9984177215189873,"{""0"": 1, ""1"": 0, ""2"": 2}"
866,4,632,0.9746573148920387,0.9594474562798639,0.990506329113924,"{""0"": 3, ""1"": 2, ""2"": 0, ""3"": 1}"
866,5,632,0.644589499244848,0.6988297242463082,0.810126582278481,"{""0"": 2, ""1"": 0, ""2"": 4, ""3"": 1, ""4"": 3}"
866,6,632,0.9186414736468828,0.9129571887351369,0.9636075949367089,"{""0"": 0, ""1"": 2, ""2"": 5, ""3"": 3, ""4"": 4, ""5"": 1}"
867,2,632,0.9936708646186224,0.9845440179495617,0.9984177215189873,"{""0"": 0, ""1"": 1}"
867,3,632,0.9958221350715915,0.9904693999467881,0.9984177215189873,"{""0"": 2, ""1"": 1, ""2"": 0}"
867,4,632,0.8913811349900717,0.8896696750634275,0.9620253164556962,"{""0"": 2, ""1"": 0, ""2"": 3, ""3"": 1}"
867,5,632,0.9196029808028413,0.9084147471998554,0.9683544303797469,"{""0"": 3, ""1"": 2, ""2"": 1, ""3"": 4, ""4"": 0}"
867,6,632,0.7331443008027,0.7741948017407465,0.8718354430379747,"{""0"": 0, ""1"": 4, ""2"": 5, ""3"": 1, ""4"": 2, ""5"": 3}"
868,2,632,1.0,1.0,1.0,"{""0"": 1, ""1"": 0}"
868,3,632,0.8792330389892318,0.8694955919670871,0.9636075949367089,"{""0"": 0, ""1"": 2, ""2"": 1}"
868,4,632,0.9858170357789128,0.979928212805211,0.995253164556962,"{""0"": 3, ""1"": 2, ""2"": 0, ""3"": 1}"
868,5,632,0.6819375662123097,0.7324782738324969,0.8465189873417721,"{""0"": 0, ""1"": 2, ""2"": 3, ""3"": 1, ""4"": 4}"
868,6,632,0.4935352237225852,0.6175773702961518,0.6550632911392406,"{""0"": 4, ""1"": 0, ""2"": 3, ""3"": 5, ""4"": 1, ""5"": 2}"
869,2,632,0.987361812050309,0.9722697818088512,0.9968354430379747,"{""0"": 1, ""1"": 0}"
869,3,632,0.9532261635621312,0.9230611472500666,0.9841772151898734,"{""0"": 0, ""1"": 1, ""2"": 2}"
869,4,632,0.9706452831080846,0.9535042057678602,0.9889240506329114,"{""0"": 1, ""1"": 2, ""2"": 0, ""3"": 3}"
869,5,632,0.671686005125665,0.7083345738851484,0.8275316455696202,"{""0"": 1, ""1"": 2, ""2"": 3, ""3"": 0, ""4"": 4}"
869,6,632,0.8479974252479957,0.8689375238701413,0.9319620253164557,"{""0"": 4, ""1"": 3, ""2"": 5, ""3"": 1, ""4"": 0, ""5"": 2}"
870,2,632,0.9936708818950358,0.9845542661058769,0.9984177215189873,"{""0"": 1, ""1"": 0}"
870,3,632,0.9962346732391802,0.9906568332602326,0.9984177215189873,"{""0"": 2, ""1"": 1, ""2"": 0}"
870,4,632,0.9687402313990864,0.9580344067987299,0.9889240506329114,"{""0"": 3, ""1"": 0, ""2"": 1, ""3"": 2}"
870,5,632,0.6523902826894903,0.6992509543554433,0.8275316455696202,"{""0"": 0, ""1"": 4, ""2"": 2, ""3"": 3, ""4"": 1}"
870,6,632,0.8904210696167077,0.888657361556567,0.9493670886075949,"{""0"": 0, ""1"": 5, ""2"": 2, ""3"": 4, ""4"": 1, ""5"": 3}"
871,2,632,1.0,1.0,1.0,"{""0"": 0, ""1"": 1}"
871,3,632,0.969517966634546,0.9436367065571549,0.9889240506329114,"{""0"": 1, ""1"": 2, ""2"": 0}"
871,4,632,0.9512859778764543,0.9300962556870471,0.9810126582278481,"{""0"": 3, ""1"": 2, ""2"": 1, ""3"": 0}"
871,5,632,0.9708750580348922,0.961867023191461,0.9889240506329114,"{""0"": 3, ""1"": 4, ""2"": 1, ""3"": 2, ""4"": 0}"
871,6,632,0.6441493076915512,0.7083388185455459,0.8227848101265823,"{""0"": 4, ""1"": 0, ""2"": 1, ""3"": 2, ""4"": 3, ""5"": 5}"
872,2,632,0.9936708722291195,0.9845476369840697,0.9984177215189873,"{""0"": 0, ""1"": 1}"
872,3,632,0.9832567181071135,0.974797165387862,0.995253164556962,"{""0"": 1, ""1"": 0, ""2"": 2}"
872,4,632,0.9317551216943125,0.9205606182881749,0.9762658227848101,"{""0"": 1, ""1"": 3, ""2"": 0, ""3"": 2}"
872,5,632,0.6019314538252178,0.6613441899546362,0.8085443037974683,"{""0"": 0, ""1"": 1, ""2"": 3, ""3"": 4, ""4"": 2}"
872,6,632,0.5554326069671875,0.6509452505137501,0.7041139240506329,"{""0"": 5, ""1"": 4, ""2"": 3, ""3"": 2, ""4"": 0, ""5"": 1}"
873,2,632,0.9437602279919647,0.9062288156969166,0.9857594936708861,"{""0"": 1, ""1"": 0}"
873,3,632,0.9811137636286245,0.9615517086555738,0.9920886075949367,"{""0"": 1, ""1"": 0, ""2"": 2}"
873,4,632,0.9918983037287021,0.9859422860851899,0.9968354430379747,"{""0"": 2, ""1"": 0, ""2"": 3, ""3"": 1}"
873,5,632,0.6033509777068408,0.6656721636457301,0.7800632911392406,"{""0"": 2, ""1"": 1, ""2"": 3, ""3"": 4, ""4"": 0}"
873,6,632,0.8656061472449269,0.8614301746303088,0.9367088607594937,"{""0"": 1, ""1"": 4, ""2"": 2, ""3"": 0, ""4"": 3, ""5"": 5}"
874,2,632,0.9810727505207991,0.9611643510492339,0.995253164556962,"{""0"": 0, ""1"": 1}"
874,3,632,0.9574508399839312,0.9244057975671458,0.9841772151898734,"{""0"": 1, ""1"": 2, ""2"": 0}"
874,4,632,0.9088843744213406,0.895231777336484,0.9667721518987342,"{""0"": 2, ""1"": 0, ""2"": 3, ""3"": 1}"
874,5,632,0.7806417147738338,0.7925670832576469,0.9113924050632911,"{""0"": 4, ""1"": 1, ""2"": 3, ""3"": 2, ""4"": 0}"
874,6,632,0.8315738857970003,0.8369394261812395,0.9287974683544303,"{""0"": 2, ""1"": 4, ""2"": 3, ""3"": 1, ""4"": 5, ""5"": 0}"
875,2,632,1.0,1.0,1.0,"{""0"": 0, ""1"": 1}"
875,3,632,0.9902965069888274,0.9802795739920835,0.9968354430379747,"{""0"": 0, ""1"": 1, ""2"": 2}"
875,4,632,0.954715169797048,0.9452855664364395,0.9841772151898734,"{""0"": 3, ""1"": 1, ""2"": 0, ""3"": 2}"
875,5,632,0.9232734000429533,0.907909744300067,0.9699367088607594,"{""0"": 4, ""1"": 3, ""2"": 0, ""3"": 1, ""4"": 2}"
875,6,632,0.7896819303631915,0.8195493319770136,0.9098101265822784,"{""0"": 0, ""1"": 3, ""2"": 5, ""3"": 4, ""4"": 2, ""5"": 1}"
876,2,632,0.13592278147510303,0.21094486206504562,0.685126582278481,"{""0"": 0, ""1"": 1}"
876,3,632,0.9756244030708585,0.9582786504722376,0.9920886075949367,"{""0"": 2, ""1"": 1, ""2"": 0}"
876,4,632,0.9046231838369275,0.8847110847101035,0.9651898734177216,"{""0"": 1, ""1"": 2, ""2"": 3, ""3"": 0}"
876,5,632,0.5551552329450159,0.6237332087015144,0.7626582278481012,"{""0"": 2, ""1"": 3, ""2"": 0, ""3"": 4, ""4"": 1}"
876,6,632,0.5106636435800451,0.6373017354255345,0.6629746835443038,"{""0"": 2, ""1"": 5, ""2"": 0, ""3"": 3, ""4"": 4, ""5"": 1}"
877,2,632,0.13135031527640878,0.22155643283122428,0.6819620253164557,"{""0"": 1, ""1"": 0}"
877,3,632,0.774490404465085,0.7571254193797742,0.9272151898734177,"{""0"": 0, ""1"": 1, ""2"": 2}"
877,4,632,0.9684438331089801,0.9470711602975151,0.9873417721518988,"{""0"": 0, ""1"": 1, ""2"": 2, ""3"": 3}"
877,5,632,0.636515437927463,0.6961008242907137,0.8037974683544303,"{""0"": 1, ""1"": 0, ""2"": 2, ""3"": 4, ""4"": 3}"
877,6,632,0.8842188044226196,0.8859654406260057,0.9525316455696202,"{""0"": 4, ""1"": 2, ""2"": 5, ""3"": 1, ""4"": 0, ""5"": 3}"
878,2,632,0.9873618258027198,0.9723067325471408,0.9968354430379747,"{""0"": 0, ""1"": 1}"
878,3,632,0.9918746253188042,0.9833051144674358,0.9968354430379747,"{""0"": 0, ""1"": 1, ""2"": 2}"
878,4,632,0.9386952734695586,0.9210262676481271,0.9778481012658228,"{""0"": 2, ""1"": 1, ""2"": 0, ""3"": 3}"
878,5,632,0.7493482372997705,0.769936666198671,0.8829113924050633,"{""0"": 0, ""1"": 4, ""2"": 1, ""3"": 2, ""4"": 3}"
878,6,632,0.8705712128175345,0.8632349411817273,0.9382911392405063,"{""0"": 3, ""1"": 0, ""2"": 1, ""3"": 5, ""4"": 2, ""5"": 4}"
879,2,632,1.0,1.0,1.0,"{""0"": 1, ""1"": 0}"
879,3,632,0.8234738513473313,0.8280024087631982,0.9462025316455697,"{""0"": 1, ""1"": 2, ""2"": 0}"
879,4,632,0.9773721082424103,0.9696541160452047,0.9920886075949367,"{""0"": 1, ""1"": 0, ""2"": 2, ""3"": 3}"
879,5,632,0.7129872349925349,0.7572756643947428,0.865506329113924,"{""0"": 3, ""1"": 1, ""2"": 0, ""3"": 4, ""4"": 2}"
879,6,632,0.4849824926968924,0.6112182807536103,0.6455696202531646,"{""0"": 4, ""1"": 2, ""2"": 1, ""3"": 0, ""4"": 3, ""5"": 5}"
880,2,632,0.1402186082250694,0.2047593611896134,0.6882911392405063,"{""0"": 1, ""1"": 0}"
880,3,632,0.9639145025099303,0.9449272878498783,0.9889240506329114,"{""0"": 2, ""1"": 0, ""2"": 1}"
880,4,632,0.9341862686215181,0.9177771283842694,0.9762658227848101,"{""0"": 1, ""1"": 0, ""2"": 3, ""3"": 2}"
880,5,632,0.9399692461108866,0.9270006391704073,0.9762658227848101,"{""0"": 1, ""1"": 4, ""2"": 2, ""3"": 3, ""4"": 0}"
880,6,632,0.5034660705229949,0.6222169519051874,0.6598101265822784,"{""0"": 4, ""1"": 3, ""2"": 0, ""3"": 2, ""4"": 5, ""5"": 1}"
881,2,632,0.9873618279998477,0.9722811651523068,0.9968354430379747,"{""0"": 1, ""1"": 0}"
881,3,632,0.9850709338916456,0.9723917311004113,0.995253164556962,"{""0"": 2, ""1"": 0, ""2"": 1}"
881,4,632,0.9787301614142045,0.9678286535368186,0.9920886075949367,"{""0"": 3, ""1"": 2, ""2"": 0, ""3"": 1}"
881,5,632,0.8326264442243075,0.8350926830172976,0.9319620253164557,"{""0"": 4, ""1"": 0, ""2"": 1, ""3"": 3, ""4"": 2}"
881,6,632,0.8792060712634503,0.8676022840006016,0.9462025316455697,"{""0"": 4, ""1"": 5, ""2"": 1, ""3"": 3, ""4"": 0, ""5"": 2}"
882,2,632,1.0,1.0,1.0,"{""0"": 0, ""1"": 1}"
882,3,632,0.9682637606552604,0.9458959378530888,0.9889240506329114,"{""0"": 1, ""1"": 0, ""2"": 2}"
882,4,632,0.9722084891078526,0.9661096803882631,0.990506329113924,"{""0"": 2, ""1"": 0, ""2"": 3, ""3"": 1}"
882,5,632,0.7085567955929308,0.7516622857132287,0.8670886075949367,"{""0"": 4, ""1"": 1, ""2"": 0, ""3"": 2, ""4"": 3}"
882,6,632,0.49338134775073644,0.6211751062785054,0.6503164556962026,"{""0"": 0, ""1"": 3, ""2"": 1, ""3"": 5, ""4"": 2, ""5"": 4}"
883,2,632,0.9936708814671382,0.9845711065944318,0.9984177215189873,"{""0"": 0, ""1"": 1}"
883,3,632,0.9864792171949782,0.9711396914972721,0.995253164556962,"{""0"": 1, ""1"": 0, ""2"": 2}"
883,4,632,0.9498337165652351,0.9407225859405329,0.9825949367088608,"{""0"": 0, ""1"": 2, ""2"": 3, ""3"": 1}"
883,5,632,0.6701017067573353,0.7179098966809767,0.8417721518987342,"{""0"": 0, ""1"": 3, ""2"": 4, ""3"": 2, ""4"": 1}"
883,6,632,0.8466945671937067,0.8417358404251094,0.9272151898734177,"{""0"": 5, ""1"": 3, ""2"": 1, ""3"": 4, ""4"": 0, ""5"": 2}"
884,2,632,0.9499284055382217,0.9041518588729083,0.9873417721518988,"{""0"": 1, ""1"": 0}"
884,3,632,0.785386962629636,0.7801475465134633,0.9319620253164557,"{""0"": 0, ""1"": 2, ""2"": 1}"
884,4,632,0.9711964207218645,0.9585589783946351,0.9889240506329114,"{""0"": 3, ""1"": 2, ""2"": 1, ""3"": 0}"
884,5,632,0.8066950186672995,0.8282188318597071,0.9177215189873418,"{""0"": 1, ""1"": 3, ""2"": 4, ""3"": 0, ""4"": 2}"
884,6,632,0.8790075503657007,0.8736370926974325,0.9462025316455697,"{""0"": 1, ""1"": 5, ""2"": 0, ""3"": 4, ""4"": 3, ""5"": 2}"
885,2,632,1.0,1.0,1.0,"{""0"": 0, ""1"": 1}"
885,3,632,0.9906506692658825,0.9806162061734572,0.9968354430379747,"{""0"": 0, ""1"": 1, ""2"": 2}"
885,4,632,0.9700489664775299,0.9538504722561046,0.9889240506329114,"{""0"": 2, ""1"": 1, ""2"": 3, ""3"": 0}"
885,5,632,0.5101086638146803,0.5914242446739809,0.6708860759493671,"{""0"": 1, ""1"": 2, ""2"": 0, ""3"": 3, ""4"": 4}"
885,6,632,0.50144873171657,0.5890363545988327,0.6613924050632911,"{""0"": 4, ""1"": 0, ""2"": 2, ""3"": 1, ""4"": 5, ""5"": 3}"
886,2,632,0.14682787206671932,0.21224130578307912,0.6930379746835443,"{""0"": 0, ""1"": 1}"
886,3,632,0.98324787200408,0.9747419402791254,0.995253164556962,"{""0"": 0, ""1"": 2, ""2"": 1}"
886,4,632,0.9380216977239534,0.9169206042415581,0.9762658227848101,"{""0"": 1, ""1"": 2, ""2"": 0, ""3"": 3}"
886,5,632,0.910709681890058,0.897130329546828,0.9651898734177216,"{""0"": 3, ""1"": 1, ""2"": 2, ""3"": 0, ""4"": 4}"
886,6,632,0.8504102135684101,0.8432837739197128,0.9335443037974683,"{""0"": 2, ""1"": 4, ""2"": 1, ""3"": 5, ""4"": 3, ""5"": 0}"
887,2,632,0.14271819657075505,0.2136657010825979,0.689873417721519,"{""0"": 1, ""1"": 0}"
887,3,632,0.9777529620299834,0.9682072687927965,0.9936708860759493,"{""0"": 1, ""1"": 2, ""2"": 0}"
887,4,632,0.9648025108546691,0.9511707132248898,0.9873417721518988,"{""0"": 1, ""1"": 0, ""2"": 3, ""3"": 2}"
887,5,632,0.7576300030068163,0.7705423053320772,0.8971518987341772,"{""0"": 0, ""1"": 1, ""2"": 2, ""3"": 3, ""4"": 4}"
887,6,632,0.9334197329757737,0.9286432594820667,0.9699367088607594,"{""0"": 2, ""1"": 0, ""2"": 5, ""3"": 1, ""4"": 4, ""5"": 3}"
888,2,632,0.974803891811421,0.9508911740936524,0.9936708860759493,"{""0"": 0, ""1"": 1}"
888,3,632,0.9753638592922136,0.9559565520188374,0.9920886075949367,"{""0"": 1, ""1"": 2, ""2"": 0}"
888,4,632,0.970142973597715,0.9536183158463277,0.9889240506329114,"{""0"": 2, ""1"": 1, ""2"": 3, ""3"": 0}"
888,5,632,0.895633076626812,0.8804972251391736,0.9588607594936709,"{""0"": 2, ""1"": 4, ""2"": 1, ""3"": 3, ""4"": 0}"
888,6,632,0.5021206238811334,0.6383003267690143,0.6566455696202531,"{""0"": 4, ""1"": 5, ""2"": 1, ""3"": 2, ""4"": 3, ""5"": 0}"
889,2,632,0.9810728187981936,0.9611910208541542,0.995253164556962,"{""0"": 1, ""1"": 0}"
889,3,632,0.7693046113374276,0.7477905274036833,0.9240506329113924,"{""0"": 0, ""1"": 1, ""2"": 2}"
889,4,632,0.9524167388099117,0.9344783915786016,0.9825949367088608,"{""0"": 0, ""1"": 1, ""2"": 3, ""3"": 2}"
889,5,632,0.650289147924977,0.6994422162732606,0.8164556962025317,"{""0"": 2, ""1"": 1, ""2"": 3, ""3"": 0, ""4"": 4}"
889,6,632,0.8538498257304427,0.8678354425564597,0.9335443037974683,"{""0"": 0, ""1"": 2, ""2"": 4, ""3"": 1, ""4"": 5, ""5"": 3}"
890,2,632,0.9873618215000087,0.9691511580643961,0.9968354430379747,"{""0"": 1, ""1"": 0}"
890,3,632,0.9791810307689519,0.9621016185581316,0.9936708860759493,"{""0"": 2, ""1"": 1, ""2"": 0}"
890,4,632,0.974137552344472,0.9610873129632902,0.990506329113924,"{""0"": 0, ""1"": 3, ""2"": 1, ""3"": 2}"
890,5,632,0.7319459897797088,0.7761461870938223,0.879746835443038,"{""0"": 4, ""1"": 0, ""2"": 3, ""3"": 2, ""4"": 1}"
890,6,632,0.5057518799782155,0.6273909397338451,0.6550632911392406,"{""0"": 4, ""1"": 5, ""2"": 1, ""3"": 2, ""4"": 3, ""5"": 0}"
891,2,632,0.9936708646186224,0.9845440179495617,0.9984177215189873,"{""0"": 1, ""1"": 0}"
891,3,632,0.7718137647479968,0.7931660765642293,0.9287974683544303,"{""0"": 0, ""1"": 2, ""2"": 1}"
891,4,632,0.987041850355646,0.9787047065213051,0.995253164556962,"{""0"": 2, ""1"": 3, ""2"": 1, ""3"": 0}"
891,5,632,0.9797243819055631,0.9723091899611,0.9920886075949367,"{""0"": 2, ""1"": 0, ""2"": 3, ""3"": 1, ""4"": 4}"
891,6,632,0.5892850200536236,0.6824499230309272,0.7167721518987342,"{""0"": 0, ""1"": 5, ""2"": 3, ""3"": 1, ""4"": 2, ""5"": 4}"
892,2,632,0.9936707617757824,0.9845180162551812,0.9984177215189873,"{""0"": 1, ""1"": 0}"
892,3,632,0.8112824305689308,0.8097663534337325,0.9414556962025317,"{""0"": 1, ""1"": 0, ""2"": 2}"
892,4,632,0.9767979189972638,0.9676800987671196,0.9920886075949367,"{""0"": 2, ""1"": 1, ""2"": 0, ""3"": 3}"
892,5,632,0.6228793036373139,0.6893279509993759,0.7943037974683544,"{""0"": 1, ""1"": 3, ""2"": 2, ""3"": 4, ""4"": 0}"
892,6,632,0.9797898624892564,0.969383886731691,0.990506329113924,"{""0"": 3, ""1"": 1, ""2"": 0, ""3"": 5, ""4"": 4, ""5"": 2}"
893,2,632,1.0,1.0,1.0,"{""0"": 1, ""1"": 0}"
893,3,632,0.7756674596375146,0.7757347864005105,0.9287974683544303,"{""0"": 2, ""1"": 0, ""2"": 1}"
893,4,632,0.9732632125202383,0.9608415244616296,0.990506329113924,"{""0"": 1, ""1"": 3, ""2"": 0, ""3"": 2}"
893,5,632,0.9399543566384678,0.9255839565892691,0.9762658227848101,"{""0"": 0, ""1"": 4, ""2"": 3, ""3"": 2, ""4"": 1}"
893,6,632,0.8163239134983057,0.8199234066930126,0.9208860759493671,"{""0"": 4, ""1"": 5, ""2"": 1, ""3"": 3, ""4"": 0, ""5"": 2}"
894,2,632,0.12428835872355579,0.1984741701971825,0.6772151898734177,"{""0"": 1, ""1"": 0}"
894,3,632,0.9849935064052494,0.9725885593134307,0.995253164556962,"{""0"": 1, ""1"": 0, ""2"": 2}"
894,4,632,0.9271849462304963,0.913177499067728,0.9746835443037974,"{""0"": 1, ""1"": 3, ""2"": 2, ""3"": 0}"
894,5,632,0.6176296156376548,0.6736194406682288,0.7863924050632911,"{""0"": 1, ""1"": 4, ""2"": 0, ""3"": 3, ""4"": 2}"
894,6,632,0.9029331893212612,0.8947514825073081,0.9588607594936709,"{""0"": 4, ""1"": 2, ""2"": 3, ""3"": 5, ""4"": 1, ""5"": 0}"
895,2,632,1.0,1.0,1.0,"{""0"": 1, ""1"": 0}"
895,3,632,0.9790523787488365,0.9574242318216258,0.9920886075949367,"{""0"": 2, ""1"": 1, ""2"": 0}"
895,4,632,0.9961247436869972,0.9930645536386837,0.9984177215189873,"{""0"": 2, ""1"": 3, ""2"": 1, ""3"": 0}"
895,5,632,0.6522561285406758,0.6996321221457081,0.8085443037974683,"{""0"": 2, ""1"": 1, ""2"": 0, ""3"": 3, ""4"": 4}"
895,6,632,0.839620503578615,0.8517281990739685,0.9256329113924051,"{""0"": 4, ""1"": 5, ""2"": 2, ""3"": 3, ""4"": 0, ""5"": 1}"
896,2,632,0.9810728274737442,0.9568473959361106,0.995253164556962,"{""0"": 1, ""1"": 0}"
896,3,632,0.8314439042319229,0.8478697585295116,0.9493670886075949,"{""0"": 1, ""1"": 2, ""2"": 0}"
896,4,632,0.9540443089452945,0.9310688435753189,0.9825949367088608,"{""0"": 3, ""1"": 2, ""2"": 1, ""3"": 0}"
896,5,632,0.6905131856361035,0.7420427356557675,0.8481012658227848,"{""0"": 1, ""1"": 3, ""2"": 0, ""3"": 4, ""4"": 2}"
896,6,632,0.5378484144582294,0.6494252230881971,0.6867088607594937,"{""0"": 1, ""1"": 4, ""2"": 2, ""3"": 5, ""4"": 0, ""5"": 3}"
897,2,632,0.9437579536859967,0.9058642118573591,0.9857594936708861,"{""0"": 1, ""1"": 0}"
897,3,632,0.9323728778136097,0.9107963581958552,0.9794303797468354,"{""0"": 0, ""1"": 2, ""2"": 1}"
897,4,632,0.8984904960482323,0.8837503774769173,0.9636075949367089,"{""0"": 2, ""1"": 1, ""2"": 3, ""3"": 0}"
897,5,632,0.6745931867031829,0.713594963768417,0.8449367088607594,"{""0"": 4, ""1"": 1, ""2"": 2, ""3"": 3, ""4"": 0}"
897,6,632,0.9371611833405571,0.9376302308424587,0.9746835443037974,"{""0"": 2, ""1"": 5, ""2"": 1, ""3"": 0, ""4"": 3, ""5"": 4}"
898,2,632,1.0,1.0,1.0,"{""0"": 0, ""1"": 1}"
898,3,632,0.9438044468070684,0.9009545432709932,0.9794303797468354,"{""0"": 0, ""1"": 1, ""2"": 2}"
898,4,632,0.9419330955091731,0.9190427373304055,0.9778481012658228,"{""0"": 3, ""1"": 0, ""2"": 1, ""3"": 2}"
898,5,632,0.8631052123224403,0.8694334427712812,0.9462025316455697,"{""0"": 2, ""1"": 4, ""2"": 3, ""3"": 0, ""4"": 1}"
898,6,632,0.4652141100160412,0.6021223129105662,0.6313291139240507,"{""0"": 5, ""1"": 0, ""2"": 4, ""3"": 3, ""4"": 1, ""5"": 2}"
899,2,632,0.9936708090624575,0.9845275030323606,0.9984177215189873,"{""0"": 0, ""1"": 1}"
899,3,632,0.9884843683899834,0.973870463174363,0.995253164556962,"{""0"": 0, ""1"": 2, ""2"": 1}"
899,4,632,0.9736886298561628,0.956862954019105,0.9889240506329114,"{""0"": 2, ""1"": 0, ""2"": 3, ""3"": 1}"
899,5,632,0.616648904024397,0.687457482179825,0.7958860759493671,"{""0"": 4, ""1"": 1, ""2"": 0, ""3"": 2, ""4"": 3}"
899,6,632,0.9754568405093085,0.9734461708658022,0.990506329113924,"{""0"": 3, ""1"": 5, ""2"": 0, ""3"": 4, ""4"": 1, ""5"": 2}"
900,2,632,1.0,1.0,1.0,"{""0"": 0, ""1"": 1}"
900,3,632,0.9902640835951179,0.9803121213845782,0.9968354430379747,"{""0"": 1, ""1"": 2, ""2"": 0}"
900,4,632,0.9815107560797381,0.9727405815989059,0.9936708860759493,"{""0"": 3, ""1"": 1, ""2"": 0, ""3"": 2}"
900,5,632,0.8446016981278247,0.857884745803756,0.9367088607594937,"{""0"": 1, ""1"": 0, ""2"": 2, ""3"": 4, ""4"": 3}"
900,6,632,0.6189283955375644,0.6787264113732595,0.7784810126582279,"{""0"": 5, ""1"": 3, ""2"": 1, ""3"": 4, ""4"": 0, ""5"": 2}"
901,2,632,1.0,1.0,1.0,"{""0"": 1, ""1"": 0}"
901,3,632,0.7722797535325084,0.78460761769178,0.9287974683544303,"{""0"": 0, ""1"": 1, ""2"": 2}"
901,4,632,0.9820154975186344,0.9751903839334458,0.9936708860759493,"{""0"": 0, ""1"": 1, ""2"": 3, ""3"": 2}"
901,5,632,0.5051030551896922,0.6228878418811021,0.740506329113924,"{""0"": 3, ""1"": 1, ""2"": 2, ""3"": 0, ""4"": 4}"
901,6,632,0.7032098690000224,0.7519596658672069,0.8639240506329114,"{""0"": 0, ""1"": 1, ""2"": 3, ""3"": 5, ""4"": 4, ""5"": 2}"
902,2,632,0.9873617989221709,0.9722635513107766,0.9968354430379747,"{""0"": 0, ""1"": 1}"
902,3,632,0.9721205428360925,0.9617060689306579,0.9920886075949367,"{""0"": 1, ""1"": 0, ""2"": 2}"
902,4,632,0.959605147448537,0.9465295235825456,0.9857594936708861,"{""0"": 0, ""1"": 2, ""2"": 3, ""3"": 1}"
902,5,632,0.6170418010732727,0.6867680083535355,0.8132911392405063,"{""0"": 1, ""1"": 4, ""2"": 0, ""3"": 3, ""4"": 2}"
902,6,632,0.574205623156763,0.6716962131954352,0.7041139240506329,"{""0"": 1, ""1"": 3, ""2"": 2, ""3"": 0, ""4"": 5, ""5"": 4}"
903,2,632,1.0,1.0,1.0,"{""0"": 0, ""1"": 1}"
903,3,632,0.9777788210472524,0.9683414992673248,0.9936708860759493,"{""0"": 2, ""1"": 0, ""2"": 1}"
903,4,632,0.9249272377954867,0.9039953109075662,0.9731012658227848,"{""0"": 3, ""1"": 2, ""2"": 0, ""3"": 1}"
903,5,632,0.8360354989571983,0.8309802554386084,0.9319620253164557,"{""0"": 3, ""1"": 4, ""2"": 1, ""3"": 0, ""4"": 2}"
903,6,632,0.9040657474355489,0.9085596319373495,0.9636075949367089,"{""0"": 1, ""1"": 3, ""2"": 4, ""3"": 5, ""4"": 0, ""5"": 2}"
904,2,632,0.9936708779013222,0.9845510529189185,0.9984177215189873,"{""0"": 0, ""1"": 1}"
904,3,632,0.9773148251485977,0.9539705640744144,0.990506329113924,"{""0"": 1, ""1"": 2, ""2"": 0}"
904,4,632,0.9635256531500057,0.9437551459557085,0.9857594936708861,"{""0"": 1, ""1"": 0, ""2"": 3, ""3"": 2}"
904,5,632,0.7092253574821938,0.7333691792728695,0.8575949367088608,"{""0"": 0, ""1"": 4, ""2"": 1, ""3"": 2, ""4"": 3}"
904,6,632,0.927977868757739,0.924320593219526,0.9699367088607594,"{""0"": 4, ""1"": 5, ""2"": 1, ""3"": 0, ""4"": 3, ""5"": 2}"
905,2,632,0.9936708424670813,0.9845361690679575,0.9984177215189873,"{""0"": 1, ""1"": 0}"
905,3,632,0.9795542822865015,0.965511981805396,0.9936708860759493,"{""0"": 1, ""1"": 2, ""2"": 0}"
905,4,632,0.9696099920831496,0.9540449307506742,0.9889240506329114,"{""0"": 3, ""1"": 2, ""2"": 0, ""3"": 1}"
905,5,632,0.6158692516646908,0.6756147158786201,0.7958860759493671,"{""0"": 0, ""1"": 1, ""2"": 4, ""3"": 3, ""4"": 2}"
905,6,632,0.8777632151718335,0.8759099038654506,0.9477848101265823,"{""0"": 5, ""1"": 0, ""2"": 3, ""3"": 4, ""4"": 2, ""5"": 1}"
906,2,632,0.9873618317024134,0.9722996367512691,0.9968354430379747,"{""0"": 0, ""1"": 1}"
906,3,632,0.7795793055489192,0.7866419233189028,0.930379746835443,"{""0"": 0, ""1"": 1, ""2"": 2}"
906,4,632,0.9194771723212503,0.9066814313270266,0.9715189873417721,"{""0"": 3, ""1"": 2, ""2"": 0, ""3"": 1}"
906,5,632,0.6489862287278066,0.6891218385113338,0.8259493670886076,"{""0"": 1, ""1"": 2, ""2"": 4, ""3"": 0, ""4"": 3}"
906,6,632,0.91842119535312,0.9083810565970843,0.9620253164556962,"{""0"": 5, ""1"": 4, ""2"": 0, ""3"": 3, ""4"": 2, ""5"": 1}"
907,2,632,0.9810728417628691,0.9612132085321339,0.995253164556962,"{""0"": 0, ""1"": 1}"
907,3,632,0.9888085844685722,0.9820092531118181,0.9968354430379747,"{""0"": 0, ""1"": 1, ""2"": 2}"
907,4,632,0.9650908777449556,0.9479202313109073,0.9873417721518988,"{""0"": 2, ""1"": 3, ""2"": 1, ""3"": 0}"
907,5,632,0.6066211600576803,0.6667288951353292,0.7816455696202531,"{""0"": 1, ""1"": 4, ""2"": 3, ""3"": 2, ""4"": 0}"
907,6,632,0.8549840238880541,0.8565047579313096,0.9319620253164557,"{""0"": 5, ""1"": 4, ""2"": 0, ""3"": 3, ""4"": 2, ""5"": 1}"
908,2,632,0.1651139908371259,0.2389746751107911,0.7041139240506329,"{""0"": 1, ""1"": 0}"
908,3,632,0.7911651171595957,0.8049003392520875,0.935126582278481,"{""0"": 1, ""1"": 2, ""2"": 0}"
908,4,632,0.9415926669595663,0.930254218869899,0.9794303797468354,"{""0"": 1, ""1"": 3, ""2"": 2, ""3"": 0}"
908,5,632,0.465996158911812,0.5900300880220354,0.6882911392405063,"{""0"": 3, ""1"": 0, ""2"": 1, ""3"": 4, ""4"": 2}"
908,6,632,0.951503055486309,0.9424288007046979,0.9794303797468354,"{""0"": 2, ""1"": 1, ""2"": 5, ""3"": 4, ""4"": 0, ""5"": 3}"
909,2,632,0.9873618291123978,0.9723033626436738,0.9968354430379747,"{""0"": 1, ""1"": 0}"
909,3,632,0.9795461500950227,0.9656659160648956,0.9936708860759493,"{""0"": 1, ""1"": 0, ""2"": 2}"
909,4,632,0.9773540420810966,0.9706986633426933,0.9920886075949367,"{""0"": 1, ""1"": 2, ""2"": 3, ""3"": 0}"
909,5,632,0.6240362259983794,0.6865769781349929,0.8022151898734177,"{""0"": 0, ""1"": 1, ""2"": 2, ""3"": 3, ""4"": 4}"
909,6,632,0.5170273729556057,0.6407602550391102,0.6693037974683544,"{""0"": 1, ""1"": 2, ""2"": 3, ""3"": 0, ""4"": 5, ""5"": 4}"
910,2,632,0.9623261244060903,0.9231929720348507,0.990506329113924,"{""0"": 1, ""1"": 0}"
910,3,632,0.7743311352398335,0.7773317985094632,0.9287974683544303,"{""0"": 2, ""1"": 1, ""2"": 0}"
910,4,632,0.9328264743582492,0.9147886683581504,0.9762658227848101,"{""0"": 3, ""1"": 2, ""2"": 0, ""3"": 1}"
910,5,632,0.6703974096701865,0.7027611060636781,0.8401898734177216,"{""0"": 4, ""1"": 2, ""2"": 0, ""3"": 1, ""4"": 3}"
910,6,632,0.8180942331866585,0.8368429424985232,0.9240506329113924,"{""0"": 2, ""1"": 0, ""2"": 4, ""3"": 3, ""4"": 1, ""5"": 5}"
911,2,632,0.9936706977332406,0.9845077047990085,0.9984177215189873,"{""0"": 1, ""1"": 0}"
911,3,632,1.0,1.0,1.0,"{""0"": 0, ""1"": 1, ""2"": 2}"
911,4,632,0.9731480871694687,0.9622806608289147,0.990506329113924,"{""0"": 0, ""1"": 2, ""2"": 1, ""3"": 3}"
911,5,632,0.6002546315122504,0.6703576614111584,0.7784810126582279,"{""0"": 2, ""1"": 0, ""2"": 1, ""3"": 4, ""4"": 3}"
911,6,632,0.9069277022165211,0.8965830078471684,0.9556962025316456,"{""0"": 4, ""1"": 2, ""2"": 0, ""3"": 5, ""4"": 3, ""5"": 1}"
912,2,632,0.9936708090624575,0.9845275030323606,0.9984177215189873,"{""0"": 1, ""1"": 0}"
912,3,632,0.8103817165632904,0.814876155696689,0.9414556962025317,"{""0"": 0, ""1"": 2, ""2"": 1}"
912,4,632,0.9298720865427156,0.9097300646853478,0.9746835443037974,"{""0"": 1, ""1"": 0, ""2"": 2, ""3"": 3}"
912,5,632,0.9061952353330739,0.8956773619653242,0.9636075949367089,"{""0"": 0, ""1"": 4, ""2"": 2, ""3"": 1, ""4"": 3}"
912,6,632,0.4517842661049205,0.5602956585391418,0.6170886075949367,"{""0"": 3, ""1"": 2, ""2"": 1, ""3"": 5, ""4"": 4, ""5"": 0}"
913,2,632,0.9623262467437931,0.9319352044624378,0.990506329113924,"{""0"": 0, ""1"": 1}"
913,3,632,0.981374642523391,0.965217643082244,0.9936708860759493,"{""0"": 0, ""1"": 1, ""2"": 2}"
913,4,632,0.9657034165763191,0.9481481136886033,0.9873417721518988,"{""0"": 1, ""1"": 2, ""2"": 3, ""3"": 0}"
913,5,632,0.9311494490873043,0.9193347422047864,0.9731012658227848,"{""0"": 2, ""1"": 3, ""2"": 1, ""3"": 0, ""4"": 4}"
913,6,632,0.4959256527745357,0.6110383119892205,0.6582278481012658,"{""0"": 0, ""1"": 2, ""2"": 3, ""3"": 5, ""4"": 1, ""5"": 4}"
914,2,632,0.9132177915411952,0.8602730446882759,0.9778481012658228,"{""0"": 0, ""1"": 1}"
914,3,632,0.9810864634706771,0.9651444162567723,0.9936708860759493,"{""0"": 2, ""1"": 1, ""2"": 0}"
914,4,632,0.9545744364012977,0.9412708648391067,0.9841772151898734,"{""0"": 3, ""1"": 0, ""2"": 1, ""3"": 2}"
914,5,632,0.6238309469635952,0.6848980246206445,0.7895569620253164,"{""0"": 3, ""1"": 2, ""2"": 4, ""3"": 0, ""4"": 1}"
914,6,632,0.7497559424615741,0.7883770063887545,0.8765822784810127,"{""0"": 2, ""1"": 3, ""2"": 1, ""3"": 0, ""4"": 5, ""5"": 4}"
915,2,632,0.9873616992364351,0.9722350218113758,0.9968354430379747,"{""0"": 1, ""1"": 0}"
915,3,632,0.9776246309177299,0.9679358357317978,0.9936708860759493,"{""0"": 1, ""1"": 0, ""2"": 2}"
915,4,632,0.9407043653919135,0.9313927883678119,0.9794303797468354,"{""0"": 3, ""1"": 2, ""2"": 0, ""3"": 1}"
915,5,632,0.6875387527208416,0.7284295698346365,0.8481012658227848,"{""0"": 0, ""1"": 3, ""2"": 2, ""3"": 4, ""4"": 1}"
915,6,632,0.866408681272128,0.8625799134285039,0.935126582278481,"{""0"": 3, ""1"": 1, ""2"": 4, ""3"": 0, ""4"": 5, ""5"": 2}"
916,2,632,1.0,1.0,1.0,"{""0"": 0, ""1"": 1}"
916,3,632,0.9921373236820853,0.9811564864650313,0.9968354430379747,"{""0"": 0, ""1"": 1, ""2"": 2}"
916,4,632,0.9924952114774271,0.9877946274056163,0.9968354430379747,"{""0"": 1, ""1"": 3, ""2"": 2, ""3"": 0}"
916,5,632,0.6303785473251271,0.688341366251033,0.7848101265822784,"{""0"": 0, ""1"": 3, ""2"": 1, ""3"": 4, ""4"": 2}"
916,6,632,0.6185837170243847,0.6959137621667495,0.7958860759493671,"{""0"": 2, ""1"": 3, ""2"": 1, ""3"": 5, ""4"": 4, ""5"": 0}"
917,2,632,0.14437938745284984,0.21002534687728927,0.6914556962025317,"{""0"": 0, ""1"": 1}"
917,3,632,0.9540526359729996,0.9214173180168317,0.9841772151898734,"{""0"": 1, ""1"": 0, ""2"": 2}"
917,4,632,0.8827766993029459,0.8826117993390391,0.9588607594936709,"{""0"": 2, ""1"": 0, ""2"": 3, ""3"": 1}"
917,5,632,0.6408574238211849,0.6965538470674658,0.8069620253164557,"{""0"": 0, ""1"": 4, ""2"": 1, ""3"": 2, ""4"": 3}"
917,6,632,0.9189625491212186,0.8994533888496381,0.9604430379746836,"{""0"": 3, ""1"": 1, ""2"": 5, ""3"": 4, ""4"": 2, ""5"": 0}"
918,2,632,1.0,1.0,1.0,"{""0"": 1, ""1"": 0}"
918,3,632,0.762957439592109,0.7623848362723845,0.9240506329113924,"{""0"": 1, ""1"": 2, ""2"": 0}"
918,4,632,0.9685805273345168,0.9589821509978015,0.9889240506329114,"{""0"": 1, ""1"": 2, ""2"": 0, ""3"": 3}"
918,5,632,0.7408567871699604,0.7578345719471483,0.8860759493670886,"{""0"": 2, ""1"": 3, ""2"": 0, ""3"": 1, ""4"": 4}"
918,6,632,0.8487326233570751,0.8407318139744733,0.930379746835443,"{""0"": 4, ""1"": 0, ""2"": 5, ""3"": 3, ""4"": 2, ""5"": 1}"
919,2,632,1.0,1.0,1.0,"{""0"": 0, ""1"": 1}"
919,3,632,0.9944150943268905,0.9899608628256401,0.9984177215189873,"{""0"": 2, ""1"": 1, ""2"": 0}"
919,4,632,0.976850179162482,0.9705653646795371,0.9920886075949367,"{""0"": 3, ""1"": 2, ""2"": 0, ""3"": 1}"
919,5,632,0.5883202849262614,0.6417079211858481,0.7943037974683544,"{""0"": 2, ""1"": 3, ""2"": 0, ""3"": 4, ""4"": 1}"
919,6,632,0.9256269996936785,0.9307395868683283,0.9715189873417721,"{""0"": 3, ""1"": 1, ""2"": 2, ""3"": 4, ""4"": 0, ""5"": 5}"
920,2,632,0.9936708861740091,0.9845626923798214,0.9984177215189873,"{""0"": 1, ""1"": 0}"
920,3,632,0.9906554322109205,0.9805695395118242,0.9968354430379747,"{""0"": 1, ""1"": 0, ""2"": 2}"
920,4,632,0.9880948897814873,0.9790983684454515,0.995253164556962,"{""0"": 0, ""1"": 1, ""2"": 3, ""3"": 2}"
920,5,632,0.6566215629326543,0.6960687332983807,0.819620253164557,"{""0"": 4, ""1"": 0, ""2"": 1, ""3"": 3, ""4"": 2}"
920,6,632,0.8534880763328854,0.8480351611166269,0.9335443037974683,"{""0"": 3, ""1"": 5, ""2"": 2, ""3"": 0, ""4"": 1, ""5"": 4}"
921,2,632,0.9873617816565615,0.9722569607566607,0.9968354430379747,"{""0"": 1, ""1"": 0}"
921,3,632,0.9737570367197207,0.9582730182264404,0.9920886075949367,"{""0"": 1, ""1"": 2, ""2"": 0}"
921,4,632,0.9544607927672273,0.9419798618502381,0.9841772151898734,"{""0"": 3, ""1"": 1, ""2"": 0, ""3"": 2}"
921,5,632,0.6333796669819135,0.6800630510584307,0.8069620253164557,"{""0"": 1, ""1"": 2, ""2"": 4, ""3"": 3, ""4"": 0}"
921,6,632,0.7528270592542264,0.7971147296498211,0.8924050632911392,"{""0"": 1, ""1"": 5, ""2"": 2, ""3"": 0, ""4"": 3, ""5"": 4}"
922,2,632,0.9623262345960969,0.9257950736877893,0.990506329113924,"{""0"": 1, ""1"": 0}"
922,3,632,0.7818249048235675,0.7839144103794923,0.930379746835443,"{""0"": 1, ""1"": 0, ""2"": 2}"
922,4,632,0.9325308051553954,0.9208110847726387,0.9762658227848101,"{""0"": 1, ""1"": 3, ""2"": 0, ""3"": 2}"
922,5,632,0.8435144643174245,0.8577357919110234,0.935126582278481,"{""0"": 1, ""1"": 0, ""2"": 3, ""3"": 2, ""4"": 4}"
922,6,632,0.5328275904184142,0.6407119585474824,0.685126582278481,"{""0"": 4, ""1"": 5, ""2"": 0, ""3"": 3, ""4"": 1, ""5"": 2}"
923,2,632,0.93761163283139,0.8908968300288889,0.9841772151898734,"{""0"": 1, ""1"": 0}"
923,3,632,0.9963024712878483,0.9905972546162767,0.9984177215189873,"{""0"": 1, ""1"": 0, ""2"": 2}"
923,4,632,0.9453589305649324,0.9355581775952718,0.9810126582278481,"{""0"": 0, ""1"": 1, ""2"": 2, ""3"": 3}"
923,5,632,0.7163744994493147,0.7611755943078532,0.8734177215189873,"{""0"": 0, ""1"": 1, ""2"": 3, ""3"": 4, ""4"": 2}"
923,6,632,0.9257012418317833,0.9074387166392927,0.9636075949367089,"{""0"": 2, ""1"": 3, ""2"": 1, ""3"": 5, ""4"": 0, ""5"": 4}"
924,2,632,0.9376111514623445,0.8867218999070424,0.9841772151898734,"{""0"": 0, ""1"": 1}"
924,3,632,0.9920212115395883,0.9812487739682163,0.9968354430379747,"{""0"": 1, ""1"": 0, ""2"": 2}"
924,4,632,0.9596932754567544,0.9469065233888506,0.9857594936708861,"{""0"": 0, ""1"": 3, ""2"": 1, ""3"": 2}"
924,5,632,0.6696841797326156,0.7188487549981398,0.8322784810126582,"{""0"": 1, ""1"": 2, ""2"": 3, ""3"": 0, ""4"": 4}"
924,6,632,0.5135847605798306,0.6367708778689637,0.6613924050632911,"{""0"": 2, ""1"": 3, ""2"": 1, ""3"": 4, ""4"": 5, ""5"": 0}"
925,2,632,0.14553243847806904,0.23433513944176504,0.6914556962025317,"{""0"": 0, ""1"": 1}"
925,3,632,0.9356068407578098,0.9060905575455455,0.9794303797468354,"{""0"": 1, ""1"": 2, ""2"": 0}"
925,4,632,0.9679586179199444,0.9510891030709799,0.9873417721518988,"{""0"": 1, ""1"": 3, ""2"": 0, ""3"": 2}"
925,5,632,0.6740739550902044,0.7084944283561472,0.8386075949367089,"{""0"": 2, ""1"": 1, ""2"": 4, ""3"": 3, ""4"": 0}"
925,6,632,0.6914870673732156,0.7509371482621997,0.8528481012658228,"{""0"": 3, ""1"": 5, ""2"": 1, ""3"": 0, ""4"": 2, ""5"": 4}"
926,2,632,0.15445049475525374,0.21406422969463296,0.6977848101265823,"{""0"": 1, ""1"": 0}"
926,3,632,0.996186101567553,0.9906593211743943,0.9984177215189873,"{""0"": 2, ""1"": 0, ""2"": 1}"
926,4,632,0.9697454644424323,0.9557371655148863,0.9889240506329114,"{""0"": 1, ""1"": 3, ""2"": 0, ""3"": 2}"
926,5,632,0.6316269462174755,0.6948244638133065,0.8037974683544303,"{""0"": 3, ""1"": 0, ""2"": 4, ""3"": 1, ""4"": 2}"
926,6,632,0.6532096479766295,0.7406722361765803,0.7863924050632911,"{""0"": 0, ""1"": 3, ""2"": 5, ""3"": 1, ""4"": 2, ""5"": 4}"
927,2,632,0.9623261903450624,0.9318842906771503,0.990506329113924,"{""0"": 0, ""1"": 1}"
927,3,632,0.8866321227616577,0.8655498086712549,0.9651898734177216,"{""0"": 1, ""1"": 2, ""2"": 0}"
927,4,632,0.9774957355098964,0.9674418704733773,0.9920886075949367,"{""0"": 2, ""1"": 0, ""2"": 3, ""3"": 1}"
927,5,632,0.5322626760298376,0.637311603612116,0.7705696202531646,"{""0"": 3, ""1"": 0, ""2"": 1, ""3"": 2, ""4"": 4}"
927,6,632,0.8926423192277443,0.8796285199955655,0.9509493670886076,"{""0"": 0, ""1"": 5, ""2"": 1, ""3"": 2, ""4"": 4, ""5"": 3}"
928,2,632,0.9748038453187327,0.9446711612848114,0.9936708860759493,"{""0"": 0, ""1"": 1}"
928,3,632,0.982806804925955,0.9669480345131811,0.9936708860759493,"{""0"": 1, ""1"": 0, ""2"": 2}"
928,4,632,0.9815655872974928,0.9728982142720224,0.9936708860759493,"{""0"": 1, ""1"": 2, ""2"": 3, ""3"": 0}"
928,5,632,0.6192018437088049,0.6841919268994366,0.7848101265822784,"{""0"": 3, ""1"": 2, ""2"": 1, ""3"": 0, ""4"": 4}"
928,6,632,0.9265751516747759,0.9200462765997754,0.9699367088607594,"{""0"": 1, ""1"": 3, ""2"": 5, ""3"": 4, ""4"": 0, ""5"": 2}"
929,2,632,0.9748039099486182,0.9509329517801174,0.9936708860759493,"{""0"": 1, ""1"": 0}"
929,3,632,0.9720164888120929,0.9615122019584417,0.9920886075949367,"{""0"": 2, ""1"": 0, ""2"": 1}"
929,4,632,0.9454178630373552,0.9325668268918273,0.9810126582278481,"{""0"": 1, ""1"": 0, ""2"": 2, ""3"": 3}"
929,5,632,0.9000406122426867,0.885334798096702,0.9604430379746836,"{""0"": 0, ""1"": 4, ""2"": 3, ""3"": 1, ""4"": 2}"
929,6,632,0.8816624545292577,0.882854165073747,0.9477848101265823,"{""0"": 1, ""1"": 3, ""2"": 2, ""3"": 4, ""4"": 5, ""5"": 0}"
930,2,632,1.0,1.0,1.0,"{""0"": 0, ""1"": 1}"
930,3,632,0.9697538602778725,0.9442122347887576,0.990506329113924,"{""0"": 1, ""1"": 2, ""2"": 0}"
930,4,632,0.9654895808398286,0.9461108762099515,0.9873417721518988,"{""0"": 0, ""1"": 3, ""2"": 1, ""3"": 2}"
930,5,632,0.4730876752505377,0.5957381672577621,0.7136075949367089,"{""0"": 2, ""1"": 0, ""2"": 1, ""3"": 3, ""4"": 4}"
930,6,632,0.8897720502462771,0.8784574398162776,0.9509493670886076,"{""0"": 4, ""1"": 1, ""2"": 5, ""3"": 0, ""4"": 2, ""5"": 3}"
931,2,632,0.9873617596889012,0.9722500094707324,0.9968354430379747,"{""0"": 1, ""1"": 0}"
931,3,632,0.9790754277702107,0.9573066974787933,0.9920886075949367,"{""0"": 1, ""1"": 2, ""2"": 0}"
931,4,632,0.9580897712159402,0.9418331405459589,0.9841772151898734,"{""0"": 0, ""1"": 2, ""2"": 1, ""3"": 3}"
931,5,632,0.6961260816819194,0.7353680893801054,0.8512658227848101,"{""0"": 4, ""1"": 0, ""2"": 2, ""3"": 3, ""4"": 1}"
931,6,632,0.8699735187940851,0.8729002538396751,0.939873417721519,"{""0"": 1, ""1"": 4, ""2"": 3, ""3"": 2, ""4"": 0, ""5"": 5}"
932,2,632,0.14736438060839707,0.21612827059361664,0.6930379746835443,"{""0"": 1, ""1"": 0}"
932,3,632,0.7966501767906412,0.7980242576514134,0.9367088607594937,"{""0"": 2, ""1"": 1, ""2"": 0}"
932,4,632,0.9711767414626002,0.9539002933467728,0.9889240506329114,"{""0"": 1, ""1"": 2, ""2"": 0, ""3"": 3}"
932,5,632,0.9414434813841064,0.9319468280563984,0.9778481012658228,"{""0"": 2, ""1"": 0, ""2"": 3, ""3"": 1, ""4"": 4}"
932,6,632,0.9300590005450597,0.9140297829969788,0.9667721518987342,"{""0"": 4, ""1"": 2, ""2"": 0, ""3"": 1, ""4"": 5, ""5"": 3}"
933,2,632,0.17572657731287142,0.24872520225213476,0.7104430379746836,"{""0"": 1, ""1"": 0}"
933,3,632,0.9754224523567901,0.9562860547520691,0.9920886075949367,"{""0"": 1, ""1"": 2, ""2"": 0}"
933,4,632,0.9317892370449365,0.9247681863917065,0.9762658227848101,"{""0"": 0, ""1"": 1, ""2"": 3, ""3"": 2}"
933,5,632,0.882885412632037,0.8759014492798526,0.9525316455696202,"{""0"": 4, ""1"": 3, ""2"": 1, ""3"": 2, ""4"": 0}"
933,6,632,0.9801423583464594,0.9752382443327062,0.9920886075949367,"{""0"": 2, ""1"": 0, ""2"": 4, ""3"": 1, ""4"": 3, ""5"": 5}"
934,2,632,0.9376116160914638,0.8909109844572595,0.9841772151898734,"{""0"": 0, ""1"": 1}"
934,3,632,0.9959100929878176,0.9905146636370395,0.9984177215189873,"{""0"": 2, ""1"": 1, ""2"": 0}"
934,4,632,0.9602998495510271,0.9481191172619713,0.9857594936708861,"{""0"": 1, ""1"": 0, ""2"": 3, ""3"": 2}"
934,5,632,0.6508536738150358,0.6966966429738931,0.8180379746835443,"{""0"": 2, ""1"": 3, ""2"": 0, ""3"": 4, ""4"": 1}"
934,6,632,0.7989281759359756,0.8211373989250311,0.9113924050632911,"{""0"": 1, ""1"": 2, ""2"": 3, ""3"": 0, ""4"": 4, ""5"": 5}"
935,2,632,0.9936708832322156,0.984569304562261,0.9984177215189873,"{""0"": 1, ""1"": 0}"
935,3,632,0.9961747331830604,0.9906578300582903,0.9984177215189873,"{""0"": 1, ""1"": 2, ""2"": 0}"
935,4,632,0.9569646958959465,0.9388490563335178,0.9841772151898734,"{""0"": 1, ""1"": 0, ""2"": 2, ""3"": 3}"
935,5,632,0.6277626382342434,0.6767234702118285,0.7911392405063291,"{""0"": 1, ""1"": 4, ""2"": 0, ""3"": 2, ""4"": 3}"
935,6,632,0.8723740914258574,0.863186758976863,0.9414556962025317,"{""0"": 3, ""1"": 0, ""2"": 5, ""3"": 4, ""4"": 1, ""5"": 2}"
936,2,632,1.0,1.0,1.0,"{""0"": 1, ""1"": 0}"
936,3,632,0.9760605829011509,0.9579567092997467,0.9920886075949367,"{""0"": 1, ""1"": 2, ""2"": 0}"
936,4,632,0.9456327778564461,0.9166054194478972,0.9794303797468354,"{""0"": 2, ""1"": 3, ""2"": 1, ""3"": 0}"
936,5,632,0.8087414418877871,0.8124227443393386,0.9224683544303798,"{""0"": 3, ""1"": 2, ""2"": 1, ""3"": 4, ""4"": 0}"
936,6,632,0.9314813150212456,0.9332293914612909,0.9731012658227848,"{""0"": 4, ""1"": 1, ""2"": 5, ""3"": 0, ""4"": 3, ""5"": 2}"
937,2,632,0.9623233824754369,0.9220763603448036,0.990506329113924,"{""0"": 1, ""1"": 0}"
937,3,632,0.9850130614307483,0.9721797541947057,0.995253164556962,"{""0"": 0, ""1"": 1, ""2"": 2}"
937,4,632,0.9334028904066363,0.917421133113493,0.9762658227848101,"{""0"": 2, ""1"": 0, ""2"": 1, ""3"": 3}"
937,5,632,0.683444583243061,0.7261698321793162,0.8496835443037974,"{""0"": 1, ""1"": 0, ""2"": 4, ""3"": 3, ""4"": 2}"
937,6,632,0.4591189701869443,0.5829022701790821,0.6329113924050633,"{""0"": 3, ""1"": 1, ""2"": 0, ""3"": 5, ""4"": 2, ""5"": 4}"
938,2,632,1.0,1.0,1.0,"{""0"": 1, ""1"": 0}"
938,3,632,0.79669815992698,0.8046363407792527,0.9367088607594937,"{""0"": 1, ""1"": 2, ""2"": 0}"
938,4,632,0.977299088623307,0.965508901168828,0.9920886075949367,"{""0"": 3, ""1"": 2, ""2"": 1, ""3"": 0}"
938,5,632,0.9007484440517509,0.8937369231758399,0.9620253164556962,"{""0"": 2, ""1"": 4, ""2"": 1, ""3"": 3, ""4"": 0}"
938,6,632,0.48698023852081723,0.6125881448904428,0.6503164556962026,"{""0"": 2, ""1"": 4, ""2"": 3, ""3"": 0, ""4"": 1, ""5"": 5}"
939,2,632,0.9314829535922805,0.882978901560918,0.9825949367088608,"{""0"": 1, ""1"": 0}"
939,3,632,0.9805061834317398,0.9616640011083244,0.9920886075949367,"{""0"": 1, ""1"": 2, ""2"": 0}"
939,4,632,0.9774500527634707,0.9706388975656134,0.9920886075949367,"{""0"": 1, ""1"": 3, ""2"": 2, ""3"": 0}"
939,5,632,0.6850554311139841,0.7292642707020026,0.8417721518987342,"{""0"": 4, ""1"": 0, ""2"": 1, ""3"": 2, ""4"": 3}"
939,6,632,0.9480954159847823,0.9353098957401872,0.9746835443037974,"{""0"": 5, ""1"": 4, ""2"": 2, ""3"": 3, ""4"": 0, ""5"": 1}"
940,2,632,0.9873617989221709,0.9722635513107766,0.9968354430379747,"{""0"": 1, ""1"": 0}"
940,3,632,0.9143329823021841,0.8911089323417363,0.9731012658227848,"{""0"": 2, ""1"": 0, ""2"": 1}"
940,4,632,0.9115778969921978,0.8925745016596096,0.9683544303797469,"{""0"": 0, ""1"": 2, ""2"": 3, ""3"": 1}"
940,5,632,0.7808581966239607,0.8141291513042107,0.9066455696202531,"{""0"": 0, ""1"": 1, ""2"": 3, ""3"": 2, ""4"": 4}"
940,6,632,0.4980594676962374,0.5986462579011742,0.6677215189873418,"{""0"": 3, ""1"": 2, ""2"": 5, ""3"": 4, ""4"": 0, ""5"": 1}"
941,2,632,0.9685550420113487,0.9411816110601684,0.9920886075949367,"{""0"": 0, ""1"": 1}"
941,3,632,0.9906515160350059,0.9805461508743641,0.9968354430379747,"{""0"": 1, ""1"": 0, ""2"": 2}"
941,4,632,0.9099610109984245,0.8913597796765037,0.9667721518987342,"{""0"": 3, ""1"": 0, ""2"": 1, ""3"": 2}"
941,5,632,0.6615251457312207,0.708620607492565,0.8449367088607594,"{""0"": 2, ""1"": 3, ""2"": 1, ""3"": 0, ""4"": 4}"
941,6,632,0.8646834067236806,0.8670572889689954,0.9367088607594937,"{""0"": 3, ""1"": 1, ""2"": 4, ""3"": 2, ""4"": 5, ""5"": 0}"
942,2,632,0.9873618317977748,0.9722863191620774,0.9968354430379747,"{""0"": 0, ""1"": 1}"
942,3,632,0.983213847862838,0.9747184630397953,0.995253164556962,"{""0"": 1, ""1"": 0, ""2"": 2}"
942,4,632,0.9604549831247894,0.948352945090546,0.9857594936708861,"{""0"": 2, ""1"": 3, ""2"": 0, ""3"": 1}"
942,5,632,0.6755023542752756,0.7180259699545102,0.8338607594936709,"{""0"": 0, ""1"": 4, ""2"": 1, ""3"": 3, ""4"": 2}"
942,6,632,0.9209277962734679,0.9105492594593317,0.9636075949367089,"{""0"": 0, ""1"": 5, ""2"": 4, ""3"": 1, ""4"": 3, ""5"": 2}"
943,2,632,0.17024789089069578,0.23007979903133596,0.7072784810126582,"{""0"": 1, ""1"": 0}"
943,3,632,0.7525334194580404,0.7740476035524546,0.9208860759493671,"{""0"": 0, ""1"": 1, ""2"": 2}"
943,4,632,0.9749656354895149,0.9608709886056211,0.990506329113924,"{""0"": 3, ""1"": 0, ""2"": 2, ""3"": 1}"
943,5,632,0.6629262553870958,0.7106339126290664,0.8291139240506329,"{""0"": 4, ""1"": 3, ""2"": 1, ""3"": 0, ""4"": 2}"
943,6,632,0.7318259179410174,0.7750517959771959,0.8765822784810127,"{""0"": 2, ""1"": 0, ""2"": 3, ""3"": 5, ""4"": 1, ""5"": 4}"
944,2,632,0.1699096786762006,0.227421837984415,0.7072784810126582,"{""0"": 1, ""1"": 0}"
944,3,632,0.8531591837147495,0.8559977096658292,0.9556962025316456,"{""0"": 1, ""1"": 2, ""2"": 0}"
944,4,632,0.9543752722309221,0.9440563467319909,0.9841772151898734,"{""0"": 3, ""1"": 1, ""2"": 0, ""3"": 2}"
944,5,632,0.48638353386729954,0.6125946374117356,0.745253164556962,"{""0"": 1, ""1"": 3, ""2"": 0, ""3"": 2, ""4"": 4}"
944,6,632,0.932299234491553,0.9279321930342571,0.9715189873417721,"{""0"": 5, ""1"": 1, ""2"": 2, ""3"": 3, ""4"": 4, ""5"": 0}"
945,2,632,0.9873616992364351,0.9722350218113758,0.9968354430379747,"{""0"": 1, ""1"": 0}"
945,3,632,0.7834143275783927,0.7825197292085126,0.9319620253164557,"{""0"": 2, ""1"": 1, ""2"": 0}"
945,4,632,0.922332823467483,0.9121102827812325,0.9731012658227848,"{""0"": 0, ""1"": 2, ""2"": 3, ""3"": 1}"
945,5,632,0.5596830111657934,0.622940088684482,0.7674050632911392,"{""0"": 2, ""1"": 3, ""2"": 4, ""3"": 0, ""4"": 1}"
945,6,632,0.5032145559574166,0.6153081955009837,0.6582278481012658,"{""0"": 4, ""1"": 3, ""2"": 5, ""3"": 1, ""4"": 2, ""5"": 0}"
946,2,632,0.9936708779013222,0.9845510529189185,0.9984177215189873,"{""0"": 1, ""1"": 0}"
946,3,632,0.9793901444370859,0.9651153233478431,0.9936708860759493,"{""0"": 0, ""1"": 2, ""2"": 1}"
946,4,632,0.9801356387712186,0.9665706894063487,0.9920886075949367,"{""0"": 1, ""1"": 3, ""2"": 0, ""3"": 2}"
946,5,632,0.8792565313288695,0.8630040921534884,0.9525316455696202,"{""0"": 1, ""1"": 0, ""2"": 2, ""3"": 3, ""4"": 4}"
946,6,632,0.460746291932974,0.5632954083533503,0.6281645569620253,"{""0"": 0, ""1"": 3, ""2"": 4, ""3"": 5, ""4"": 1, ""5"": 2}"
947,2,632,1.0,1.0,1.0,"{""0"": 1, ""1"": 0}"
947,3,632,0.9926794218946818,0.983449209072229,0.9968354430379747,"{""0"": 2, ""1"": 1, ""2"": 0}"
947,4,632,0.9722574901808922,0.9660774504099501,0.990506329113924,"{""0"": 2, ""1"": 3, ""2"": 0, ""3"": 1}"
947,5,632,0.6902429248698937,0.7386262929982319,0.8607594936708861,"{""0"": 2, ""1"": 1, ""2"": 0, ""3"": 4, ""4"": 3}"
947,6,632,0.5714173374985423,0.6622842940207309,0.7072784810126582,"{""0"": 5, ""1"": 4, ""2"": 1, ""3"": 2, ""4"": 0, ""5"": 3}"
948,2,632,0.13568099532552602,0.2023590429991478,0.685126582278481,"{""0"": 1, ""1"": 0}"
948,3,632,0.9628339478679704,0.9466196169246839,0.9889240506329114,"{""0"": 0, ""1"": 2, ""2"": 1}"
948,4,632,0.9035948652649052,0.8979443429622541,0.9651898734177216,"{""0"": 2, ""1"": 1, ""2"": 3, ""3"": 0}"
948,5,632,0.8614984671215027,0.8577184118886688,0.944620253164557,"{""0"": 0, ""1"": 2, ""2"": 3, ""3"": 4, ""4"": 1}"
948,6,632,0.5106574874025516,0.6518203133964161,0.6677215189873418,"{""0"": 4, ""1"": 5, ""2"": 2, ""3"": 0, ""4"": 1, ""5"": 3}"
949,2,632,0.1479611884844224,0.2290080168156168,0.6930379746835443,"{""0"": 1, ""1"": 0}"
949,3,632,0.9794104071320099,0.9655355419427663,0.9936708860759493,"{""0"": 0, ""1"": 2, ""2"": 1}"
949,4,632,0.9512854378835526,0.9362968739829143,0.9825949367088608,"{""0"": 3, ""1"": 2, ""2"": 1, ""3"": 0}"
949,5,632,0.909166260141644,0.886876547419857,0.9636075949367089,"{""0"": 0, ""1"": 1, ""2"": 2, ""3"": 3, ""4"": 4}"
949,6,632,0.4978361495454218,0.6209480629245502,0.6503164556962026,"{""0"": 2, ""1"": 4, ""2"": 3, ""3"": 1, ""4"": 5, ""5"": 0}"
950,2,632,1.0,1.0,1.0,"{""0"": 1, ""1"": 0}"
950,3,632,0.9809491043763479,0.9630888717410387,0.9936708860759493,"{""0"": 1, ""1"": 0, ""2"": 2}"
950,4,632,0.9609982571377746,0.9441950585257449,0.9857594936708861,"{""0"": 3, ""1"": 1, ""2"": 2, ""3"": 0}"
950,5,632,0.6960743574227171,0.734734740873345,0.8528481012658228,"{""0"": 3, ""1"": 2, ""2"": 4, ""3"": 1, ""4"": 0}"
950,6,632,0.9098398552220364,0.911607388120806,0.9636075949367089,"{""0"": 2, ""1"": 1, ""2"": 4, ""3"": 3, ""4"": 5, ""5"": 0}"
951,2,632,0.9253743238353627,0.8704792180004565,0.9810126582278481,"{""0"": 1, ""1"": 0}"
951,3,632,0.7754783457700922,0.7737278444438476,0.9287974683544303,"{""0"": 0, ""1"": 1, ""2"": 2}"
951,4,632,0.9373280124787902,0.9250875003562762,0.9778481012658228,"{""0"": 3, ""1"": 0, ""2"": 1, ""3"": 2}"
951,5,632,0.7120923632424054,0.7443430420316435,0.865506329113924,"{""0"": 1, ""1"": 4, ""2"": 3, ""3"": 0, ""4"": 2}"
951,6,632,0.7540284583230384,0.7833372201641,0.884493670886076,"{""0"": 5, ""1"": 2, ""2"": 0, ""3"": 3, ""4"": 1, ""5"": 4}"
952,2,632,0.9936708861740091,0.9845626923798214,0.9984177215189873,"{""0"": 0, ""1"": 1}"
952,3,632,0.8909118982444102,0.8608263839648048,0.9651898734177216,"{""0"": 1, ""1"": 0, ""2"": 2}"
952,4,632,0.9210238538876971,0.8986189800341575,0.9699367088607594,"{""0"": 3, ""1"": 2, ""2"": 1, ""3"": 0}"
952,5,632,0.9394646863312762,0.9330215836601469,0.9762658227848101,"{""0"": 2, ""1"": 3, ""2"": 4, ""3"": 1, ""4"": 0}"
952,6,632,0.5116837358790958,0.6277106725915348,0.6598101265822784,"{""0"": 0, ""1"": 4, ""2"": 1, ""3"": 2, ""4"": 5, ""5"": 3}"
953,2,632,0.16353981846088309,0.21621333224239764,0.7041139240506329,"{""0"": 1, ""1"": 0}"
953,3,632,0.8804746135036912,0.8640653379080874,0.9636075949367089,"{""0"": 1, ""1"": 2, ""2"": 0}"
953,4,632,0.9789657524543416,0.9662936742577531,0.9920886075949367,"{""0"": 2, ""1"": 3, ""2"": 0, ""3"": 1}"
953,5,632,0.9279239978219826,0.9148488982521432,0.9715189873417721,"{""0"": 0, ""1"": 4, ""2"": 3, ""3"": 1, ""4"": 2}"
953,6,632,0.529506073817692,0.6614539269641775,0.6756329113924051,"{""0"": 2, ""1"": 0, ""2"": 3, ""3"": 4, ""4"": 5, ""5"": 1}"
954,2,632,0.9748039041487738,0.9509007758869272,0.9936708860759493,"{""0"": 0, ""1"": 1}"
954,3,632,0.8823589604067726,0.8619677986253036,0.9636075949367089,"{""0"": 0, ""1"": 1, ""2"": 2}"
954,4,632,0.9004644943303052,0.8780133295318459,0.9636075949367089,"{""0"": 1, ""1"": 3, ""2"": 2, ""3"": 0}"
954,5,632,0.6123270291422204,0.6707902511896844,0.7943037974683544,"{""0"": 0, ""1"": 1, ""2"": 2, ""3"": 3, ""4"": 4}"
954,6,632,0.5072459425248058,0.6326340662047689,0.6566455696202531,"{""0"": 3, ""1"": 2, ""2"": 0, ""3"": 5, ""4"": 1, ""5"": 4}"
955,2,632,1.0,1.0,1.0,"{""0"": 1, ""1"": 0}"
955,3,632,0.8999115083537969,0.8724522722683323,0.9683544303797469,"{""0"": 1, ""1"": 0, ""2"": 2}"
955,4,632,0.9197981840199349,0.9001532310532259,0.9715189873417721,"{""0"": 2, ""1"": 0, ""2"": 3, ""3"": 1}"
955,5,632,0.8079537106240784,0.8235552071028224,0.9193037974683544,"{""0"": 2, ""1"": 1, ""2"": 4, ""3"": 3, ""4"": 0}"
955,6,632,0.867643857835898,0.8690437428811323,0.9367088607594937,"{""0"": 0, ""1"": 3, ""2"": 5, ""3"": 4, ""4"": 1, ""5"": 2}"
956,2,632,0.9873618181534536,0.9723124057232461,0.9968354430379747,"{""0"": 0, ""1"": 1}"
956,3,632,0.9943809281343723,0.9899107254012449,0.9984177215189873,"{""0"": 1, ""1"": 0, ""2"": 2}"
956,4,632,0.9528551274493356,0.9345352369710023,0.9825949367088608,"{""0"": 3, ""1"": 0, ""2"": 2, ""3"": 1}"
956,5,632,0.9428605840600414,0.9355709263815263,0.9778481012658228,"{""0"": 0, ""1"": 1, ""2"": 3, ""3"": 2, ""4"": 4}"
956,6,632,0.9359197944767372,0.9400848628099654,0.9762658227848101,"{""0"": 4, ""1"": 0, ""2"": 1, ""3"": 3, ""4"": 5, ""5"": 2}"
957,2,632,0.9936708861740091,0.9845626923798214,0.9984177215189873,"{""0"": 1, ""1"": 0}"
957,3,632,0.8029303732362069,0.7974037213630928,0.9382911392405063,"{""0"": 0, ""1"": 1, ""2"": 2}"
957,4,632,0.9424474973214448,0.9299067092138303,0.9794303797468354,"{""0"": 1, ""1"": 3, ""2"": 0, ""3"": 2}"
957,5,632,0.8502779339989145,0.8433565654083798,0.939873417721519,"{""0"": 2, ""1"": 4, ""2"": 3, ""3"": 0, ""4"": 1}"
957,6,632,0.8011434492866173,0.8170307685517397,0.9082278481012658,"{""0"": 4, ""1"": 0, ""2"": 1, ""3"": 3, ""4"": 5, ""5"": 2}"
958,2,632,0.16219404177901509,0.23402227123823038,0.7025316455696202,"{""0"": 1, ""1"": 0}"
958,3,632,1.0,1.0,1.0,"{""0"": 1, ""1"": 2, ""2"": 0}"
958,4,632,0.9622591357729753,0.9435195238419725,0.9857594936708861,"{""0"": 2, ""1"": 0, ""2"": 1, ""3"": 3}"
958,5,632,0.763665085551751,0.7839387235136271,0.8955696202531646,"{""0"": 0, ""1"": 2, ""2"": 1, ""3"": 3, ""4"": 4}"
958,6,632,0.7563956580289903,0.8031526686180969,0.8939873417721519,"{""0"": 0, ""1"": 2, ""2"": 4, ""3"": 5, ""4"": 3, ""5"": 1}"
959,2,632,0.14078117260869452,0.23095416768506008,0.6882911392405063,"{""0"": 0, ""1"": 1}"
959,3,632,0.9419489240559152,0.915714998785849,0.9810126582278481,"{""0"": 0, ""1"": 2, ""2"": 1}"
959,4,632,0.9360447410304568,0.91718539481516,0.9762658227848101,"{""0"": 2, ""1"": 3, ""2"": 1, ""3"": 0}"
959,5,632,0.8365633418540469,0.8321490281896216,0.9335443037974683,"{""0"": 2, ""1"": 0, ""2"": 1, ""3"": 4, ""4"": 3}"
959,6,632,0.9260754168256894,0.9148165137360447,0.9667721518987342,"{""0"": 3, ""1"": 1, ""2"": 5, ""3"": 0, ""4"": 4, ""5"": 2}"
960,2,632,0.9936704432492041,0.9844782891395175,0.9984177215189873,"{""0"": 1, ""1"": 0}"
960,3,632,0.881205455261685,0.8625266394613523,0.9636075949367089,"{""0"": 1, ""1"": 2, ""2"": 0}"
960,4,632,0.946947396306292,0.9238425598194423,0.9794303797468354,"{""0"": 2, ""1"": 3, ""2"": 1, ""3"": 0}"
960,5,632,0.6537383275517459,0.700076476415638,0.8227848101265823,"{""0"": 2, ""1"": 4, ""2"": 1, ""3"": 3, ""4"": 0}"
960,6,632,0.8309685637632038,0.8278599637120153,0.9177215189873418,"{""0"": 3, ""1"": 0, ""2"": 4, ""3"": 5, ""4"": 1, ""5"": 2}"
961,2,632,0.9936708858097872,0.984560085537352,0.9984177215189873,"{""0"": 0, ""1"": 1}"
961,3,632,0.7585206089270209,0.767922075490944,0.9240506329113924,"{""0"": 0, ""1"": 1, ""2"": 2}"
961,4,632,0.9247191509559193,0.90619686729784,0.9731012658227848,"{""0"": 2, ""1"": 3, ""2"": 1, ""3"": 0}"
961,5,632,0.8393166959267191,0.8469963888748206,0.9335443037974683,"{""0"": 1, ""1"": 4, ""2"": 2, ""3"": 3, ""4"": 0}"
961,6,632,0.5864663639291576,0.6960752194875715,0.7167721518987342,"{""0"": 3, ""1"": 0, ""2"": 1, ""3"": 2, ""4"": 5, ""5"": 4}"
962,2,632,1.0,1.0,1.0,"{""0"": 1, ""1"": 0}"
962,3,632,1.0,1.0,1.0,"{""0"": 1, ""1"": 2, ""2"": 0}"
962,4,632,0.9630917583493869,0.9618379017018132,0.9873417721518988,"{""0"": 2, ""1"": 3, ""2"": 0, ""3"": 1}"
962,5,632,0.9467706722585688,0.9392036319108814,0.9794303797468354,"{""0"": 3, ""1"": 4, ""2"": 2, ""3"": 0, ""4"": 1}"
962,6,632,0.45060409121582845,0.5635695630476336,0.6281645569620253,"{""0"": 2, ""1"": 1, ""2"": 4, ""3"": 5, ""4"": 0, ""5"": 3}"
963,2,632,0.9685549011051156,0.941118872526074,0.9920886075949367,"{""0"": 1, ""1"": 0}"
963,3,632,1.0,1.0,1.0,"{""0"": 0, ""1"": 2, ""2"": 1}"
963,4,632,0.9513109208122368,0.938946438178974,0.9825949367088608,"{""0"": 1, ""1"": 0, ""2"": 2, ""3"": 3}"
963,5,632,0.6665238730372977,0.7221958219496213,0.8528481012658228,"{""0"": 2, ""1"": 3, ""2"": 4, ""3"": 0, ""4"": 1}"
963,6,632,0.6387692423754451,0.7017330926626086,0.7927215189873418,"{""0"": 2, ""1"": 4, ""2"": 3, ""3"": 1, ""4"": 5, ""5"": 0}"
964,2,632,1.0,1.0,1.0,"{""0"": 1, ""1"": 0}"
964,3,632,0.9865518756642392,0.970957150937652,0.995253164556962,"{""0"": 2, ""1"": 1, ""2"": 0}"
964,4,632,0.9679143748811829,0.9590978265957322,0.9889240506329114,"{""0"": 3, ""1"": 0, ""2"": 1, ""3"": 2}"
964,5,632,0.8319963903273653,0.8407894898819409,0.9319620253164557,"{""0"": 2, ""1"": 4, ""2"": 3, ""3"": 0, ""4"": 1}"
964,6,632,0.49938435769768613,0.5996433895669684,0.6471518987341772,"{""0"": 5, ""1"": 1, ""2"": 4, ""3"": 0, ""4"": 3, ""5"": 2}"
965,2,632,0.9936708646186224,0.9845440179495617,0.9984177215189873,"{""0"": 0, ""1"": 1}"
965,3,632,0.9493890702296228,0.9082860221287227,0.9810126582278481,"{""0"": 0, ""1"": 1, ""2"": 2}"
965,4,632,0.9522229040395312,0.9392213053185154,0.9825949367088608,"{""0"": 3, ""1"": 2, ""2"": 0, ""3"": 1}"
965,5,632,0.6767430036360623,0.7169005392176713,0.8338607594936709,"{""0"": 4, ""1"": 2, ""2"": 1, ""3"": 3, ""4"": 0}"
965,6,632,0.8634381398802966,0.873811146327425,0.9382911392405063,"{""0"": 2, ""1"": 4, ""2"": 1, ""3"": 5, ""4"": 3, ""5"": 0}"
966,2,632,0.981072839180774,0.9568635087446288,0.995253164556962,"{""0"": 0, ""1"": 1}"
966,3,632,0.9623084073944318,0.9457206752808526,0.9889240506329114,"{""0"": 0, ""1"": 1, ""2"": 2}"
966,4,632,0.9316734374725495,0.9186169689092883,0.9762658227848101,"{""0"": 1, ""1"": 3, ""2"": 0, ""3"": 2}"
966,5,632,0.75614594450012,0.7803718404678367,0.8924050632911392,"{""0"": 2, ""1"": 1, ""2"": 3, ""3"": 0, ""4"": 4}"
966,6,632,0.4735770235661729,0.5746876612337035,0.634493670886076,"{""0"": 1, ""1"": 2, ""2"": 0, ""3"": 3, ""4"": 5, ""5"": 4}"
967,2,632,0.9499288093472508,0.9076532987173199,0.9873417721518988,"{""0"": 1, ""1"": 0}"
967,3,632,0.7721661325464488,0.7690146811292458,0.9272151898734177,"{""0"": 1, ""1"": 2, ""2"": 0}"
967,4,632,0.9671005828367987,0.9574169652006784,0.9889240506329114,"{""0"": 1, ""1"": 2, ""2"": 0, ""3"": 3}"
967,5,632,0.6263769191740867,0.6759218760203285,0.7863924050632911,"{""0"": 2, ""1"": 1, ""2"": 0, ""3"": 3, ""4"": 4}"
967,6,632,0.5223516491701394,0.6271349702197621,0.6756329113924051,"{""0"": 2, ""1"": 0, ""2"": 3, ""3"": 5, ""4"": 4, ""5"": 1}"
968,2,632,0.9873617816565615,0.9722569607566607,0.9968354430379747,"{""0"": 0, ""1"": 1}"
968,3,632,0.8522665828733701,0.8435751777526839,0.9541139240506329,"{""0"": 0, ""1"": 2, ""2"": 1}"
968,4,632,0.9407317586007355,0.9192929430632234,0.9778481012658228,"{""0"": 2, ""1"": 0, ""2"": 1, ""3"": 3}"
968,5,632,0.6107844462971322,0.6735483280436257,0.7753164556962026,"{""0"": 1, ""1"": 4, ""2"": 3, ""3"": 0, ""4"": 2}"
968,6,632,0.49634599429493764,0.613021998573207,0.6566455696202531,"{""0"": 3, ""1"": 4, ""2"": 0, ""3"": 1, ""4"": 2, ""5"": 5}"
969,2,632,0.14468232173888473,0.20622591189158396,0.6914556962025317,"{""0"": 0, ""1"": 1}"
969,3,632,0.8214519787523186,0.841184196731931,0.9462025316455697,"{""0"": 1, ""1"": 2, ""2"": 0}"
969,4,632,0.9691112294146097,0.9555306080119967,0.9889240506329114,"{""0"": 3, ""1"": 1, ""2"": 0, ""3"": 2}"
969,5,632,0.6104856432435348,0.6720146735987078,0.7990506329113924,"{""0"": 1, ""1"": 4, ""2"": 0, ""3"": 2, ""4"": 3}"
969,6,632,0.5214094616187499,0.6393747849190622,0.7136075949367089,"{""0"": 4, ""1"": 2, ""2"": 5, ""3"": 1, ""4"": 0, ""5"": 3}"
970,2,632,0.9873618138100497,0.9691567578686013,0.9968354430379747,"{""0"": 0, ""1"": 1}"
970,3,632,0.9505971718766457,0.9237137162275837,0.9841772151898734,"{""0"": 1, ""1"": 0, ""2"": 2}"
970,4,632,0.9239866896946635,0.9076226604669813,0.9731012658227848,"{""0"": 2, ""1"": 0, ""2"": 3, ""3"": 1}"
970,5,632,0.4714163473330332,0.5956205444506589,0.680379746835443,"{""0"": 0, ""1"": 4, ""2"": 3, ""3"": 1, ""4"": 2}"
970,6,632,0.8499106433577899,0.8517714206218359,0.9287974683544303,"{""0"": 0, ""1"": 3, ""2"": 4, ""3"": 2, ""4"": 5, ""5"": 1}"
971,2,632,0.9192862904356504,0.8675891254202682,0.9794303797468354,"{""0"": 1, ""1"": 0}"
971,3,632,0.9083840390512103,0.8960972166140749,0.9731012658227848,"{""0"": 1, ""1"": 0, ""2"": 2}"
971,4,632,0.9680947081706647,0.9577228293450636,0.9889240506329114,"{""0"": 1, ""1"": 2, ""2"": 0, ""3"": 3}"
971,5,632,0.5137668396458726,0.6163378094311407,0.7515822784810127,"{""0"": 0, ""1"": 4, ""2"": 3, ""3"": 1, ""4"": 2}"
971,6,632,0.8573524797188985,0.8605493919774605,0.9382911392405063,"{""0"": 4, ""1"": 5, ""2"": 0, ""3"": 2, ""4"": 3, ""5"": 1}"
972,2,632,0.9253745094521558,0.8752074833481973,0.9810126582278481,"{""0"": 0, ""1"": 1}"
972,3,632,0.9711119973917248,0.943995631261491,0.9889240506329114,"{""0"": 2, ""1"": 1, ""2"": 0}"
972,4,632,0.926715938471284,0.9081707054257703,0.9715189873417721,"{""0"": 1, ""1"": 2, ""2"": 0, ""3"": 3}"
972,5,632,0.8948296079366065,0.8824622711926787,0.9572784810126582,"{""0"": 2, ""1"": 3, ""2"": 0, ""3"": 4, ""4"": 1}"
972,6,632,0.9579561046191967,0.9479706748326447,0.9825949367088608,"{""0"": 1, ""1"": 2, ""2"": 5, ""3"": 4, ""4"": 3, ""5"": 0}"
973,2,632,0.9873618176283291,0.9691541582914726,0.9968354430379747,"{""0"": 1, ""1"": 0}"
973,3,632,0.9737534614262763,0.9591241186433183,0.9920886075949367,"{""0"": 1, ""1"": 2, ""2"": 0}"
973,4,632,0.9683151677759548,0.9554248978794334,0.9889240506329114,"{""0"": 1, ""1"": 3, ""2"": 0, ""3"": 2}"
973,5,632,0.46539201831802945,0.5727014638667773,0.6566455696202531,"{""0"": 2, ""1"": 1, ""2"": 4, ""3"": 0, ""4"": 3}"
973,6,632,0.8808826236434831,0.8772592703386317,0.9462025316455697,"{""0"": 3, ""1"": 4, ""2"": 5, ""3"": 1, ""4"": 0, ""5"": 2}"
974,2,632,0.9253745928191195,0.882723879893392,0.9810126582278481,"{""0"": 1, ""1"": 0}"
974,3,632,0.9831138658932572,0.9633215384730158,0.9936708860759493,"{""0"": 2, ""1"": 1, ""2"": 0}"
974,4,632,0.9633413147796148,0.954505770624942,0.9873417721518988,"{""0"": 1, ""1"": 3, ""2"": 2, ""3"": 0}"
974,5,632,0.49809714045354686,0.6204995047819386,0.75,"{""0"": 3, ""1"": 4, ""2"": 0, ""3"": 1, ""4"": 2}"
974,6,632,0.659285857023767,0.7315860704159238,0.8370253164556962,"{""0"": 0, ""1"": 5, ""2"": 4, ""3"": 2, ""4"": 1, ""5"": 3}"
975,2,632,0.9936708273299782,0.984531938410481,0.9984177215189873,"{""0"": 1, ""1"": 0}"
975,3,632,0.7650687753876201,0.7731980934419938,0.9256329113924051,"{""0"": 0, ""1"": 1, ""2"": 2}"
975,4,632,0.936738807722515,0.9184082645841445,0.9778481012658228,"{""0"": 0, ""1"": 3, ""2"": 1, ""3"": 2}"
975,5,632,0.6273381574713645,0.6896396022602349,0.8006329113924051,"{""0"": 4, ""1"": 0, ""2"": 1, ""3"": 3, ""4"": 2}"
975,6,632,0.4798530575611024,0.6095547196494915,0.689873417721519,"{""0"": 4, ""1"": 1, ""2"": 2, ""3"": 5, ""4"": 3, ""5"": 0}"
976,2,632,0.9748032444827023,0.9507605893610627,0.9936708860759493,"{""0"": 0, ""1"": 1}"
976,3,632,0.9200692832167949,0.8950301347673079,0.9746835443037974,"{""0"": 2, ""1"": 1, ""2"": 0}"
976,4,632,0.9519748454420275,0.933198738696779,0.9810126582278481,"{""0"": 2, ""1"": 3, ""2"": 0, ""3"": 1}"
976,5,632,0.6355286785551771,0.6987270751687789,0.805379746835443,"{""0"": 0, ""1"": 1, ""2"": 2, ""3"": 3, ""4"": 4}"
976,6,632,0.8532842293529113,0.8479063741216069,0.9335443037974683,"{""0"": 4, ""1"": 5, ""2"": 0, ""3"": 2, ""4"": 3, ""5"": 1}"
977,2,632,0.9685549011051156,0.941118872526074,0.9920886075949367,"{""0"": 0, ""1"": 1}"
977,3,632,0.9865293584369267,0.9710216778825548,0.995253164556962,"{""0"": 1, ""1"": 0, ""2"": 2}"
977,4,632,0.9268734078094694,0.9168794426342353,0.9746835443037974,"{""0"": 3, ""1"": 2, ""2"": 0, ""3"": 1}"
977,5,632,0.6467183802090118,0.6861030296511728,0.805379746835443,"{""0"": 2, ""1"": 0, ""2"": 1, ""3"": 3, ""4"": 4}"
977,6,632,0.944158492656815,0.9300415840262876,0.9746835443037974,"{""0"": 2, ""1"": 5, ""2"": 0, ""3"": 1, ""4"": 3, ""5"": 4}"
978,2,632,0.9623262167365055,0.931898302169212,0.990506329113924,"{""0"": 1, ""1"": 0}"
978,3,632,0.9735731520404256,0.9542982833218232,0.9920886075949367,"{""0"": 0, ""1"": 1, ""2"": 2}"
978,4,632,0.9080411578702716,0.8917408732486011,0.9667721518987342,"{""0"": 1, ""1"": 3, ""2"": 0, ""3"": 2}"
978,5,632,0.7018045755395725,0.7395369739905939,0.8686708860759493,"{""0"": 3, ""1"": 4, ""2"": 2, ""3"": 0, ""4"": 1}"
978,6,632,0.5057372415470908,0.6321685403658935,0.6661392405063291,"{""0"": 4, ""1"": 2, ""2"": 3, ""3"": 1, ""4"": 0, ""5"": 5}"
979,2,632,1.0,1.0,1.0,"{""0"": 0, ""1"": 1}"
979,3,632,0.7646404084913271,0.773082884056131,0.9256329113924051,"{""0"": 2, ""1"": 1, ""2"": 0}"
979,4,632,0.9643597740487048,0.9525816838557843,0.9873417721518988,"{""0"": 2, ""1"": 3, ""2"": 0, ""3"": 1}"
979,5,632,0.8842008680874512,0.8823117279025608,0.9541139240506329,"{""0"": 2, ""1"": 3, ""2"": 0, ""3"": 4, ""4"": 1}"
979,6,632,0.6014777022330337,0.6976552959497742,0.7246835443037974,"{""0"": 4, ""1"": 2, ""2"": 0, ""3"": 3, ""4"": 1, ""5"": 5}"
980,2,632,0.9376115674533594,0.8907834160446586,0.9841772151898734,"{""0"": 1, ""1"": 0}"
980,3,632,0.9846357534776152,0.9721750902565475,0.995253164556962,"{""0"": 1, ""1"": 2, ""2"": 0}"
980,4,632,0.9876137253561015,0.9787503313750493,0.995253164556962,"{""0"": 3, ""1"": 2, ""2"": 0, ""3"": 1}"
980,5,632,0.8936864726732485,0.8875464165643339,0.9572784810126582,"{""0"": 2, ""1"": 4, ""2"": 1, ""3"": 0, ""4"": 3}"
980,6,632,0.6261110835810466,0.675618491464682,0.7911392405063291,"{""0"": 3, ""1"": 5, ""2"": 1, ""3"": 2, ""4"": 4, ""5"": 0}"
981,2,632,0.9810726147186137,0.9611331746145341,0.995253164556962,"{""0"": 0, ""1"": 1}"
981,3,632,0.9846361218042895,0.9722318793330826,0.995253164556962,"{""0"": 2, ""1"": 0, ""2"": 1}"
981,4,632,0.9467199496776493,0.9333341454842317,0.9810126582278481,"{""0"": 3, ""1"": 1, ""2"": 0, ""3"": 2}"
981,5,632,0.6210435279036551,0.6754347495587911,0.8006329113924051,"{""0"": 0, ""1"": 1, ""2"": 2, ""3"": 4, ""4"": 3}"
981,6,632,0.9226992823670371,0.9209626219960051,0.9667721518987342,"{""0"": 0, ""1"": 2, ""2"": 1, ""3"": 5, ""4"": 3, ""5"": 4}"
982,2,632,0.9623261903450624,0.9318842906771503,0.990506329113924,"{""0"": 0, ""1"": 1}"
982,3,632,0.818582735182736,0.8326589855488827,0.944620253164557,"{""0"": 2, ""1"": 1, ""2"": 0}"
982,4,632,0.9838311586876601,0.9719629701842019,0.9936708860759493,"{""0"": 2, ""1"": 0, ""2"": 3, ""3"": 1}"
982,5,632,0.8717186454881958,0.8714415610509042,0.9493670886075949,"{""0"": 2, ""1"": 4, ""2"": 1, ""3"": 0, ""4"": 3}"
982,6,632,0.7517036542816891,0.795885439217118,0.8892405063291139,"{""0"": 5, ""1"": 2, ""2"": 4, ""3"": 0, ""4"": 1, ""5"": 3}"
983,2,632,1.0,1.0,1.0,"{""0"": 1, ""1"": 0}"
983,3,632,0.9869860470623953,0.9734448733735995,0.995253164556962,"{""0"": 0, ""1"": 1, ""2"": 2}"
983,4,632,0.9409090595218079,0.9318004164253499,0.9794303797468354,"{""0"": 3, ""1"": 0, ""2"": 1, ""3"": 2}"
983,5,632,0.6241135858565571,0.6878961511195745,0.7943037974683544,"{""0"": 4, ""1"": 1, ""2"": 0, ""3"": 2, ""4"": 3}"
983,6,632,0.8129542375289354,0.811438641378841,0.9129746835443038,"{""0"": 4, ""1"": 1, ""2"": 2, ""3"": 5, ""4"": 3, ""5"": 0}"
984,2,632,0.9873618215750265,0.9722756528890932,0.9968354430379747,"{""0"": 0, ""1"": 1}"
984,3,632,0.9768503995764644,0.9558530125854462,0.9920886075949367,"{""0"": 1, ""1"": 0, ""2"": 2}"
984,4,632,0.9715236183414792,0.9542643037716855,0.9889240506329114,"{""0"": 1, ""1"": 2, ""2"": 0, ""3"": 3}"
984,5,632,0.7284142247740567,0.7647564950125846,0.875,"{""0"": 0, ""1"": 3, ""2"": 4, ""3"": 1, ""4"": 2}"
984,6,632,0.9227500242869241,0.9240064162926974,0.9699367088607594,"{""0"": 0, ""1"": 5, ""2"": 2, ""3"": 1, ""4"": 3, ""5"": 4}"
985,2,632,0.9499286597129879,0.9144018464827813,0.9873417721518988,"{""0"": 0, ""1"": 1}"
985,3,632,0.8178887527479543,0.815339098051377,0.9430379746835443,"{""0"": 2, ""1"": 1, ""2"": 0}"
985,4,632,0.9615741718086114,0.9399850891583942,0.9841772151898734,"{""0"": 3, ""1"": 1, ""2"": 0, ""3"": 2}"
985,5,632,0.6196617987068488,0.6731027903916944,0.8022151898734177,"{""0"": 3, ""1"": 2, ""2"": 0, ""3"": 4, ""4"": 1}"
985,6,632,0.7671245578103135,0.7867597341296826,0.8876582278481012,"{""0"": 2, ""1"": 1, ""2"": 4, ""3"": 0, ""4"": 3, ""5"": 5}"
986,2,632,0.12958311316751164,0.18791484971104616,0.6819620253164557,"{""0"": 0, ""1"": 1}"
986,3,632,0.9849144896061011,0.9672482004661731,0.9936708860759493,"{""0"": 1, ""1"": 0, ""2"": 2}"
986,4,632,0.8434355793423158,0.8571508606408715,0.9430379746835443,"{""0"": 2, ""1"": 3, ""2"": 0, ""3"": 1}"
986,5,632,0.7130926985390372,0.7472625839130932,0.8734177215189873,"{""0"": 4, ""1"": 3, ""2"": 2, ""3"": 1, ""4"": 0}"
986,6,632,0.9779955384022605,0.9702581633079396,0.990506329113924,"{""0"": 0, ""1"": 3, ""2"": 4, ""3"": 5, ""4"": 1, ""5"": 2}"
987,2,632,1.0,1.0,1.0,"{""0"": 0, ""1"": 1}"
987,3,632,0.9906226972090795,0.9805234304125973,0.9968354430379747,"{""0"": 1, ""1"": 0, ""2"": 2}"
987,4,632,0.9549013942481499,0.9440271772660586,0.9841772151898734,"{""0"": 2, ""1"": 0, ""2"": 3, ""3"": 1}"
987,5,632,0.6870151099509332,0.7234534961308062,0.8386075949367089,"{""0"": 1, ""1"": 4, ""2"": 2, ""3"": 0, ""4"": 3}"
987,6,632,0.9175182940012836,0.9182783815973098,0.9651898734177216,"{""0"": 3, ""1"": 1, ""2"": 0, ""3"": 4, ""4"": 5, ""5"": 2}"
988,2,632,0.9936706584634644,0.9845022384891357,0.9984177215189873,"{""0"": 0, ""1"": 1}"
988,3,632,0.992210821339072,0.9810574206636152,0.9968354430379747,"{""0"": 2, ""1"": 1, ""2"": 0}"
988,4,632,0.9815529878924818,0.9726672370700253,0.9936708860759493,"{""0"": 0, ""1"": 2, ""2"": 3, ""3"": 1}"
988,5,632,0.638632953892297,0.6914237912854361,0.8291139240506329,"{""0"": 3, ""1"": 4, ""2"": 0, ""3"": 2, ""4"": 1}"
988,6,632,0.9200379888640704,0.906867012100698,0.9588607594936709,"{""0"": 3, ""1"": 2, ""2"": 1, ""3"": 5, ""4"": 0, ""5"": 4}"
989,2,632,0.9748038138249783,0.9508586146103629,0.9936708860759493,"{""0"": 0, ""1"": 1}"
989,3,632,0.9776374833718398,0.9680066838429473,0.9936708860759493,"{""0"": 1, ""1"": 0, ""2"": 2}"
989,4,632,0.9644370561784517,0.9529113094236594,0.9873417721518988,"{""0"": 2, ""1"": 1, ""2"": 3, ""3"": 0}"
989,5,632,0.7875769897067533,0.808609294510593,0.9113924050632911,"{""0"": 1, ""1"": 4, ""2"": 3, ""3"": 0, ""4"": 2}"
989,6,632,0.4859151670624028,0.6112446238289271,0.6503164556962026,"{""0"": 1, ""1"": 2, ""2"": 3, ""3"": 5, ""4"": 4, ""5"": 0}"
990,2,632,0.9685549484705039,0.9411329119896553,0.9920886075949367,"{""0"": 0, ""1"": 1}"
990,3,632,1.0,1.0,1.0,"{""0"": 2, ""1"": 1, ""2"": 0}"
990,4,632,0.972632211732573,0.964862648235206,0.990506329113924,"{""0"": 2, ""1"": 0, ""2"": 1, ""3"": 3}"
990,5,632,0.5963751180449212,0.6629339329305477,0.7768987341772152,"{""0"": 0, ""1"": 2, ""2"": 4, ""3"": 1, ""4"": 3}"
990,6,632,0.9536307463023492,0.9462271609314024,0.9810126582278481,"{""0"": 2, ""1"": 3, ""2"": 0, ""3"": 1, ""4"": 5, ""5"": 4}"
991,2,632,0.9936708273299782,0.984531938410481,0.9984177215189873,"{""0"": 1, ""1"": 0}"
991,3,632,0.9831649919624115,0.9745772656972593,0.995253164556962,"{""0"": 1, ""1"": 2, ""2"": 0}"
991,4,632,0.94141729479662,0.9312920409832467,0.9794303797468354,"{""0"": 3, ""1"": 1, ""2"": 2, ""3"": 0}"
991,5,632,0.8632406860509837,0.8528100697327046,0.944620253164557,"{""0"": 4, ""1"": 0, ""2"": 1, ""3"": 3, ""4"": 2}"
991,6,632,0.48891581443288573,0.6095983980119709,0.6518987341772152,"{""0"": 0, ""1"": 2, ""2"": 4, ""3"": 5, ""4"": 3, ""5"": 1}"
992,2,632,0.9936707873282496,0.9845228624743079,0.9984177215189873,"{""0"": 1, ""1"": 0}"
992,3,632,0.7714073603203094,0.7820841331084989,0.9287974683544303,"{""0"": 0, ""1"": 1, ""2"": 2}"
992,4,632,0.9961340912416946,0.9930481475957489,0.9984177215189873,"{""0"": 1, ""1"": 2, ""2"": 0, ""3"": 3}"
992,5,632,0.8848213548750111,0.8771950489363736,0.9541139240506329,"{""0"": 1, ""1"": 0, ""2"": 2, ""3"": 3, ""4"": 4}"
992,6,632,0.4960633529906474,0.6197228264115917,0.6534810126582279,"{""0"": 4, ""1"": 0, ""2"": 1, ""3"": 3, ""4"": 5, ""5"": 2}"
993,2,632,0.9936708090624575,0.9845275030323606,0.9984177215189873,"{""0"": 1, ""1"": 0}"
993,3,632,0.9852182387839031,0.9723131097350178,0.995253164556962,"{""0"": 1, ""1"": 2, ""2"": 0}"
993,4,632,0.971548465581023,0.9658023968250214,0.990506329113924,"{""0"": 1, ""1"": 3, ""2"": 2, ""3"": 0}"
993,5,632,0.6200675736692441,0.6796233910337973,0.7943037974683544,"{""0"": 0, ""1"": 2, ""2"": 1, ""3"": 3, ""4"": 4}"
993,6,632,0.8741563758510003,0.8705141089094515,0.944620253164557,"{""0"": 3, ""1"": 1, ""2"": 2, ""3"": 4, ""4"": 5, ""5"": 0}"
994,2,632,0.14297471697551586,0.21057770075365637,0.689873417721519,"{""0"": 1, ""1"": 0}"
994,3,632,0.9616039078766268,0.9387931162764698,0.9873417721518988,"{""0"": 2, ""1"": 1, ""2"": 0}"
994,4,632,0.9452789472496652,0.9325941307882509,0.9810126582278481,"{""0"": 3, ""1"": 2, ""2"": 0, ""3"": 1}"
994,5,632,0.7912059898180244,0.8071223216137271,0.9129746835443038,"{""0"": 2, ""1"": 4, ""2"": 1, ""3"": 0, ""4"": 3}"
994,6,632,0.7484033393621211,0.8077053773847023,0.8718354430379747,"{""0"": 4, ""1"": 3, ""2"": 2, ""3"": 0, ""4"": 1, ""5"": 5}"
995,2,632,0.9810727985679059,0.9568290413444306,0.995253164556962,"{""0"": 0, ""1"": 1}"
995,3,632,0.9733776769599788,0.9578674588449877,0.9920886075949367,"{""0"": 0, ""1"": 1, ""2"": 2}"
995,4,632,0.9556274942192929,0.9422405850650935,0.9841772151898734,"{""0"": 1, ""1"": 0, ""2"": 3, ""3"": 2}"
995,5,632,0.6618396719468402,0.7006574765593907,0.8322784810126582,"{""0"": 2, ""1"": 1, ""2"": 3, ""3"": 0, ""4"": 4}"
995,6,632,0.992431268033087,0.9908823054520305,0.9968354430379747,"{""0"": 2, ""1"": 1, ""2"": 3, ""3"": 4, ""4"": 0, ""5"": 5}"
996,2,632,0.9873618317024134,0.9722996367512691,0.9968354430379747,"{""0"": 1, ""1"": 0}"
996,3,632,0.9777788210472524,0.9683414992673248,0.9936708860759493,"{""0"": 1, ""1"": 0, ""2"": 2}"
996,4,632,0.9544043521124591,0.935240612661519,0.9825949367088608,"{""0"": 2, ""1"": 3, ""2"": 0, ""3"": 1}"
996,5,632,0.971111255479665,0.9638465861441062,0.9889240506329114,"{""0"": 1, ""1"": 3, ""2"": 4, ""3"": 0, ""4"": 2}"
996,6,632,0.5186350833101203,0.6489482564969037,0.6677215189873418,"{""0"": 4, ""1"": 2, ""2"": 1, ""3"": 0, ""4"": 5, ""5"": 3}"
997,2,632,0.9192861969866793,0.8676230498916504,0.9794303797468354,"{""0"": 1, ""1"": 0}"
997,3,632,0.9753700940510424,0.9559701201212949,0.9920886075949367,"{""0"": 0, ""1"": 2, ""2"": 1}"
997,4,632,0.9708515814981717,0.955486081655607,0.9889240506329114,"{""0"": 0, ""1"": 2, ""2"": 1, ""3"": 3}"
997,5,632,0.6392734994340898,0.7083701042975437,0.8322784810126582,"{""0"": 4, ""1"": 0, ""2"": 2, ""3"": 3, ""4"": 1}"
997,6,632,0.9453629258045626,0.9347813789729896,0.9731012658227848,"{""0"": 3, ""1"": 2, ""2"": 1, ""3"": 4, ""4"": 0, ""5"": 5}"
998,2,632,0.9936708424670813,0.9845361690679575,0.9984177215189873,"{""0"": 1, ""1"": 0}"
998,3,632,0.9887983697340688,0.98188181709177,0.9968354430379747,"{""0"": 2, ""1"": 0, ""2"": 1}"
998,4,632,0.9726971408600057,0.966108992313613,0.990506329113924,"{""0"": 1, ""1"": 3, ""2"": 2, ""3"": 0}"
998,5,632,0.900712903428576,0.8967347653389515,0.9604430379746836,"{""0"": 3, ""1"": 2, ""2"": 4, ""3"": 0, ""4"": 1}"
998,6,632,0.859256679708606,0.8726647843013877,0.9382911392405063,"{""0"": 5, ""1"": 0, ""2"": 2, ""3"": 1, ""4"": 4, ""5"": 3}"
999,2,632,0.9748037168894256,0.9508337686718763,0.9936708860759493,"{""0"": 1, ""1"": 0}"
999,3,632,1.0,1.0,1.0,"{""0"": 2, ""1"": 0, ""2"": 1}"
999,4,632,0.9370916635322886,0.9162043893778328,0.9762658227848101,"{""0"": 3, ""1"": 1, ""2"": 0, ""3"": 2}"
999,5,632,0.5864315674753264,0.65745661973439,0.7768987341772152,"{""0"": 2, ""1"": 1, ""2"": 0, ""3"": 3, ""4"": 4}"
999,6,632,0.9909498846272657,0.9893043175129087,0.9968354430379747,"{""0"": 2, ""1"": 3, ""2"": 1, ""3"": 5, ""4"": 0, ""5"": 4}"
